0.07681050896644592 -0.36773207783699036 0.5514973402023315 0.3125637988342804 -0.3859705002887845 -0.32568138135778896 0.8045261535532573 0.19075584411621094 -0.41796183586120605 0.573474109172821 -0.30549796704217086 0.32007768146947646 -0.346121158077765 0.8272976856976463 0.1949777901172638 -0.44883209466934204 0.5878551006317139 0.4816560219482914 0.3168333321018534 -0.08730494563254765 0.8124050286077739 0.19060516357421875 -0.4522332549095154 0.5628318786621094 0.552540767561358 0.41390568637297515 0.00098022827090017 0.723450001743596 0.17236772179603577 -0.4447874426841736 0.544060230255127 0.5275256062447145 0.5241095448273297 0.073441088543972 0.6645542352033814 0.15489304065704346 -0.4432283043861389 0.5349542498588562 0.546558800519182 0.49543223071410764 0.117442817174845 0.6648515424439579
0.07662332057952881 -0.3667794167995453 0.5528227090835571 0.3142275972833234 -0.38473816047891585 -0.3257753112574354 0.804430221419342 0.1906789243221283 -0.41687676310539246 0.5745178461074829 -0.30445060398407264 0.32078650872421716 -0.34464574159558825 0.8280248570038068 0.19499856233596802 -0.4478427767753601 0.5890077352523804 0.48225949544599606 0.316629627138921 -0.08595919846144755 0.8122699632734565 0.19058209657669067 -0.45112186670303345 0.5637602210044861 0.5534806083327937 0.4146560751061869 0.002120554611096007 0.7222985066919806 0.1725703775882721 -0.4444044828414917 0.5454331636428833 0.529354563038057 0.5191856520443483 0.07160562957876573 0.6671602091450984 0.15511822700500488 -0.4433467984199524 0.5364120006561279 0.549197728080649 0.4865381006486244 0.11148734002567241 0.6702486210195104
0.07662332057952881 -0.3667794167995453 0.5528227090835571 0.3142275972833234 -0.38473816047891585 -0.3257753112574354 0.804430221419342 0.1906789243221283 -0.41687676310539246 0.5745178461074829 -0.30445060398407264 0.32078650872421716 -0.34464574159558825 0.8280248570038068 0.19499856233596802 -0.4478427767753601 0.5890077352523804 0.48225949544599606 0.316629627138921 -0.08595919846144755 0.8122699632734565 0.19058209657669067 -0.45112186670303345 0.5637602210044861 0.5534806083327937 0.4146560751061869 0.002120554611096007 0.7222985066919806 0.1725703775882721 -0.4444044828414917 0.5454331636428833 0.529354563038057 0.5191856520443483 0.07160562957876573 0.6671602091450984 0.15511822700500488 -0.4433467984199524 0.5364120006561279 0.549197728080649 0.4865381006486244 0.11148734002567241 0.6702486210195104
0.07662332057952881 -0.3667794167995453 0.5528227090835571 0.3142275972833234 -0.38473816047891585 -0.3257753112574354 0.804430221419342 0.1906789243221283 -0.41687676310539246 0.5745178461074829 0.800781077489138 -0.47053165471905456 0.01687102528904791 -0.37022290600287794 0.19499856233596802 -0.4478427767753601 0.5890077352523804 -0.23335264756394794 0.28467328385180496 0.16310862160964018 0.9153705552025677 0.19058209657669067 -0.45112186670303345 0.5637602210044861 -0.11937230870238129 0.2917066487010259 0.29470556563427786 0.9021120504051112 0.1725703775882721 -0.4444044828414917 0.5454331636428833 -0.09744334016226659 0.316486848266616 0.41775249412225957 0.8460636934504839 0.15511822700500488 -0.4433467984199524 0.5364120006561279 -0.08559594355541536 0.2652009178317946 0.42286781525295564 0.8622787654550774
0.07662332057952881 -0.3667794167995453 0.5528227090835571 0.3142275972833234 -0.38473816047891585 -0.3257753112574354 0.804430221419342 0.1906789243221283 -0.41687676310539246 0.5745178461074829 0.37022290600287794 -0.01687102528904791 -0.47053165471905456 0.800781077489138 0.19499856233596802 -0.4478427767753601 0.5890077352523804 0.9153705552025677 0.16310862160964018 -0.28467328385180496 0.23335264756394794 0.19058209657669067 -0.45112186670303345 0.5637602210044861 0.9021120504051112 0.29470556563427786 -0.2917066487010259 0.11937230870238129 0.1725703775882721 -0.4444044828414917 0.5454331636428833 0.8460636934504839 0.41775249412225957 -0.316486848266616 0.09744334016226659 0.15511822700500488 -0.4433467984199524 0.5364120006561279 0.8622787654550774 0.42286781525295564 -0.2652009178317946 0.08559594355541536
0.07662332057952881 -0.3667794167995453 0.5528227090835571 0.3142275972833234 -0.38473816047891585 -0.3257753112574354 0.804430221419342 0.1906789243221283 -0.41687676310539246 0.5745178461074829 0.800781077489138 -0.47053165471905456 0.01687102528904791 -0.37022290600287794 0.19499856233596802 -0.4478427767753601 0.5890077352523804 -0.23335264756394794 0.28467328385180496 0.16310862160964018 0.9153705552025677 0.19058209657669067 -0.45112186670303345 0.5637602210044861 -0.11937230870238129 0.2917066487010259 0.29470556563427786 0.9021120504051112 0.1725703775882721 -0.4444044828414917 0.5454331636428833 -0.09744334016226659 0.316486848266616 0.41775249412225957 0.8460636934504839 0.15511822700500488 -0.4433467984199524 0.5364120006561279 -0.08559594355541536 0.2652009178317946 0.42286781525295564 0.8622787654550774
0.07655159384012222 -0.3684200644493103 0.5521737933158875 0.3102904442856241 -0.38219033941871766 -0.3298556402828141 0.8055095794373207 0.19052976369857788 -0.41929537057876587 0.5728783011436462 -0.3063743631271338 0.3246022957198852 -0.3460831215983695 0.8252239051383637 0.1950073540210724 -0.44988730549812317 0.5881078243255615 0.4782442125681794 0.31809904993014887 -0.08743449996555247 0.8139107272966869 0.19002172350883484 -0.45371416211128235 0.5622529983520508 0.55437421847785 0.41531881716862373 -0.004121036227259272 0.7212230794043125 0.17229750752449036 -0.4473944306373596 0.5441452860832214 0.5317357653173247 0.5142711260150794 0.06151450224829293 0.6700733902995344 0.15483331680297852 -0.4460377097129822 0.5350943803787231 0.5520828540821315 0.4793113104132467 0.09854044757954522 0.675096205755256
0.07658690214157104 -0.36823326349258423 0.5524334907531738 0.3096447261903324 -0.3818174934688287 -0.3311434379885201 0.8054064999621738 0.19071504473686218 -0.41930219531059265 0.5731141567230225 -0.3080979903779878 0.3211613033037077 -0.3450644670591809 0.8263544183048247 0.19491249322891235 -0.4499965310096741 0.5881431102752686 0.47865319995647176 0.31824577349130717 -0.08879032869000386 0.8134660594445547 0.1898777186870575 -0.45380887389183044 0.5622943639755249 0.5549609920625599 0.41528219426443147 -0.005419791580337471 0.7207841357999996 0.17213551700115204 -0.4474408030509949 0.5442168712615967 0.5324924708680688 0.5142087436229531 0.06030953741977655 0.6696297817396188 0.1545054018497467 -0.44563549757003784 0.5350695848464966 0.5523369622997081 0.48272730133143743 0.09998631217560698 0.6722360212446805
0.07647185772657394 -0.3673492670059204 0.5532305240631104 0.3075086892981867 -0.38221423336044197 -0.3318900596062501 0.8057292980023311 0.190675288438797 -0.4185991883277893 0.574069619178772 -0.3108907067490267 0.31777051397921596 -0.3451012729936983 0.826603923172225 0.19462010264396667 -0.4493348002433777 0.5890358686447144 0.4776863907787796 0.31801488028393793 -0.09084148641235858 0.8138981375676633 0.18952596187591553 -0.45321476459503174 0.5632110834121704 0.5543491681769549 0.41501179632251045 -0.007556558251645003 0.7213911440921577 0.1717318892478943 -0.44680288434028625 0.5451325178146362 0.5320987783938087 0.5145587961648533 0.058476402462155526 0.6698364799020856 0.15395580232143402 -0.4445738196372986 0.5358798503875732 0.5513693745733793 0.48659817573729236 0.1009190281623086 0.6700964631022429
0.07675668597221375 -0.36734986305236816 0.5529521107673645 0.30658792700848064 -0.38137864135368277 -0.3318235197112769 0.8065031367757862 0.19113940000534058 -0.4184733033180237 0.573668897151947 0.8059625326846374 -0.46685186092125236 0.019544757495221752 -0.3634442383417415 0.19502399861812592 -0.4492296576499939 0.5885826945304871 -0.23826312393122565 0.2903158178402318 0.16092014544719094 0.9127168901226582 0.18987281620502472 -0.4531524181365967 0.5627743005752563 -0.11847619240541893 0.3001161792311079 0.288238986659785 0.901560839689352 0.17194640636444092 -0.44667550921440125 0.5447211265563965 -0.09713562005412149 0.3240238356089099 0.4064691410077914 0.8487379301859631 0.15398786962032318 -0.4440855383872986 0.535411536693573 -0.0819984693580735 0.2748444731193898 0.42234448422136406 0.8598615058047372
0.07708239555358887 -0.3675689697265625 0.5523841381072998 0.3055940097673982 -0.37998466261245484 -0.33210797479205467 0.807420757096557 0.19155436754226685 -0.4186420440673828 0.5727209448814392 -0.31401994445734455 0.31764259585762855 -0.3434018181149907 0.8261778862275028 0.195499986410141 -0.4493820369243622 0.5876531600952148 0.47628095609644383 0.3206226919755382 -0.0924612396770307 0.8135161597148591 0.1902587115764618 -0.4533352255821228 0.5618659257888794 0.5532871516900708 0.41745746431935205 -0.009569676847746377 0.7207712724405987 0.17210310697555542 -0.4466956555843353 0.5438562631607056 0.5309618073860481 0.5197208470446775 0.0584501089100186 0.6667484540838103 0.15416374802589417 -0.44410261511802673 0.534584105014801 0.5493824679904181 0.49703814389988543 0.10523018620068349 0.6633691548710751
0.0771743655204773 -0.36768367886543274 0.5522884726524353 0.3053479969493082 -0.3780280573004267 -0.3331875996194247 0.8079872850299751 0.19171303510665894 -0.4188244640827179 0.5720483660697937 -0.31415130493904964 0.3197573605174708 -0.3426373795756659 0.8256293661890522 0.19571936130523682 -0.449587881565094 0.5869190096855164 0.47669294844586707 0.32239529739407846 -0.09343698692943407 0.8124620851725112 0.19035902619361877 -0.45357513427734375 0.5612079501152039 0.5539315282515851 0.4184364935312583 -0.010832997389542626 0.7196899374216603 0.17206211388111115 -0.44675618410110474 0.5432261824607849 0.5315591176487355 0.5217858620119423 0.05805537842538666 0.6646910060960476 0.15413740277290344 -0.44421106576919556 0.5340452194213867 0.5501261305079839 0.4985378284822692 0.1044137581815423 0.661754601883311
0.07679484039545059 -0.3675825595855713 0.5528711080551147 0.30513166875699543 -0.378919297138713 -0.3324515764464088 0.8079546823861009 0.1908811628818512 -0.4188096225261688 0.5725616812705994 -0.31093530812481807 0.32730256579040623 -0.3462264158420046 0.8223865113624518 0.19530773162841797 -0.4493756890296936 0.5878332257270813 0.4761000301415427 0.3217164698234918 -0.09306691312432899 0.8131210934033997 0.19000336527824402 -0.4535537660121918 0.5622291564941406 0.5535036034672013 0.4168815842708067 -0.01088729560815285 0.7209195693102597 0.17173302173614502 -0.4466243386268616 0.5440946817398071 0.5308957480257536 0.5213624591074667 0.05829249558837095 0.6655322726284266 0.15382283926010132 -0.44409871101379395 0.5348776578903198 0.5494229530660191 0.4981924951119489 0.10471459722158581 0.6625507194917025
0.07627533376216888 -0.3679812252521515 0.5528950691223145 0.30563094578358163 -0.3811202268265936 -0.32999201924933014 0.8077390361397148 0.18992185592651367 -0.4189815819263458 0.5729966163635254 -0.307553568043113 0.3333835395937458 -0.349806139601762 0.8196962249195835 0.19481879472732544 -0.44934576749801636 0.5887108445167542 0.47492335638586736 0.32002815570183224 -0.09096343162627415 0.8147119129692029 0.18967418372631073 -0.45360317826271057 0.5630873441696167 0.5520720867295764 0.41565789186644914 -0.008815228602743065 0.7227497376569226 0.17145752906799316 -0.4466503858566284 0.5447622537612915 0.5290337391156754 0.5211580596896424 0.06053020399297782 0.6669733600367835 0.15358540415763855 -0.44413357973098755 0.5354391932487488 0.5473830466386173 0.49854821288192586 0.10756526109666485 0.6635143317444916
0.07615677267313004 -0.36853715777397156 0.5520067811012268 0.30608282069292525 -0.38416926556052144 -0.3264386437138655 0.8075674430006452 0.18982386589050293 -0.41891852021217346 0.5732208490371704 0.798325006091641 -0.4808482966463653 0.01455895579773406 -0.3622847140620853 0.1947443187236786 -0.4492917060852051 0.5890019536018372 -0.2430248159874563 0.287134521176996 0.16227751182840053 0.912227362642382 0.18981903791427612 -0.4536473751068115 0.5633861422538757 -0.12413649059316265 0.29706327773441704 0.28849225176183035 0.9017293887006785 0.17159488797187805 -0.4463520646095276 0.5445975661277771 -0.10024873583325582 0.32425225436323796 0.41567032994527475 0.8438180341312764 0.15382522344589233 -0.4440365433692932 0.5352708101272583 -0.08492782225241567 0.2743984650655199 0.43294244351257277 0.8544317958976198
0.07641822844743729 -0.3692401051521301 0.5511252284049988 0.30837115473495186 -0.3857881778146346 -0.32404956192449436 0.8068870167233919 0.19019919633865356 -0.41909247636795044 0.5730682611465454 0.7993905063829606 -0.4776233376624448 0.016240550988407314 -0.3641250266923473 0.1950187087059021 -0.449649840593338 0.5885967016220093 -0.2423113643802793 0.28451360393183367 0.16305965527604932 0.9130984774854487 0.19036336243152618 -0.4538869559764862 0.5630945563316345 -0.12508580049697815 0.2938780577899296 0.2901784494400221 0.9021007446137597 0.17219248414039612 -0.4465188682079315 0.5441263318061829 -0.1013865771842018 0.3215054257224196 0.41825212986049076 0.8434573205018582 0.15449796617031097 -0.44437700510025024 0.5347657799720764 -0.08626024498468494 0.271370151901976 0.4347649386736349 0.8543400802375721
0.0766385942697525 -0.36935821175575256 0.5508140921592712 0.3098415189597633 -0.38643439024954734 -0.3226547607021559 0.8065734187245147 0.19053037464618683 -0.4188987612724304 0.573091983795166 0.3652972356971081 -0.017098470899940387 -0.47511700399218976 0.8003308160691239 0.1952410340309143 -0.44959402084350586 0.5884048342704773 0.9136505655304262 0.1634983742154774 -0.2835151510034829 0.24110183415954226 0.1907808780670166 -0.4537002742290497 0.5630466938018799 0.9022169851441697 0.29139704146825895 -0.2921505007068697 0.12546082227894542 0.1726483404636383 -0.4463611841201782 0.5440288186073303 0.8434254876700238 0.41944031885482863 -0.3198330272543482 0.10202996342784654 0.15499594807624817 -0.44427961111068726 0.5346168279647827 0.8543685618377705 0.4356334216213655 -0.2696595828454441 0.08695817848778122
0.07679197192192078 -0.3689119815826416 0.5510026216506958 0.30949077642477835 -0.3862203140489643 -0.3224865860069319 0.8068777753961758 0.1907750964164734 -0.41836604475975037 0.5732929110527039 0.8013640900077135 -0.4737348008472292 0.017559663679523614 -0.3648049403150581 0.19533804059028625 -0.449196994304657 0.588401734828949 -0.2400430482652215 0.2847101395028674 0.16300829002321124 0.9136453217990906 0.1909535825252533 -0.4531981348991394 0.5632196068763733 -0.12574318796405487 0.2925555066925643 0.2914804670032815 0.9020194557296155 0.1728096902370453 -0.44588106870651245 0.5442097783088684 -0.10224972282202552 0.3202690312172405 0.41949561525365114 0.84320594506254 0.15519073605537415 -0.4438551664352417 0.5348107814788818 -0.08737989489106543 0.2700394532672031 0.43503454549186926 0.8545106185652996
0.07679197192192078 -0.3689119815826416 0.5510026216506958 0.30949077642477835 -0.3862203140489643 -0.3224865860069319 0.8068777753961758 0.1907750964164734 -0.41836604475975037 0.5732929110527039 0.3648049403150581 -0.017559663679523614 -0.4737348008472292 0.8013640900077135 0.19533804059028625 -0.449196994304657 0.588401734828949 0.9136453217990906 0.16300829002321124 -0.2847101395028674 0.2400430482652215 0.1909535825252533 -0.4531981348991394 0.5632196068763733 0.9020194557296155 0.2914804670032815 -0.2925555066925643 0.12574318796405487 0.1728096902370453 -0.44588106870651245 0.5442097783088684 0.84320594506254 0.41949561525365114 -0.3202690312172405 0.10224972282202552 0.15519073605537415 -0.4438551664352417 0.5348107814788818 0.8545106185652996 0.43503454549186926 -0.2700394532672031 0.08737989489106543
0.07697218656539917 -0.36693522334098816 0.5535759329795837 0.3092979218917277 -0.38691240876626937 -0.32336968457264986 0.8062664798193228 0.19085095822811127 -0.41667070984840393 0.5759726166725159 0.8247435720983319 -0.34813409908594833 -0.32168766731336623 0.308411626810848 0.19526445865631104 -0.4475257098674774 0.5910343527793884 0.8156254537521938 -0.08692231512177889 -0.31567673923198153 -0.4770197128434567 0.19091878831386566 -0.45149725675582886 0.5658726692199707 -0.7268428802490234 0.001316457986831665 0.4119841456413269 0.5495150685310364 0.17255717515945435 -0.44315892457962036 0.5462580323219299 -0.6642343997955322 -0.07317698001861572 0.5288050174713135 0.5232619047164917 0.15499144792556763 -0.44104355573654175 0.5370290875434875 -0.6611713171005249 -0.12151998281478882 0.5047000646591187 0.5416302680969238
0.07692291587591171 -0.36675816774368286 0.5537956357002258 0.3115304193242678 -0.3863986759181876 -0.3222506417651993 0.8061013187749283 0.1908850371837616 -0.416191965341568 0.5761207342147827 0.36676279889773333 -0.01746982781055144 -0.47271499846766174 0.8010745556327615 0.19545699656009674 -0.4470202624797821 0.5911666750907898 0.914316148581191 0.1637430366687367 -0.28331912600171305 0.23863042726716752 0.19115549325942993 -0.4509250521659851 0.56598961353302 0.9023833553333627 0.2924469426164843 -0.29090415727026886 0.12471484807204314 0.17277860641479492 -0.44253745675086975 0.5463413596153259 0.8390259323858289 0.428098174033651 -0.32084434639523746 0.0991281258740226 0.15521596372127533 -0.4404287338256836 0.5370949506759644 0.8495989247662626 0.44551768081872817 -0.2695850209896419 0.0837827753783812
0.07692291587591171 -0.36675816774368286 0.5537956357002258 0.3115304193242678 -0.3863986759181876 -0.3222506417651993 0.8061013187749283 0.1908850371837616 -0.416191965341568 0.5761207342147827 0.8010745556327615 -0.47271499846766174 0.01746982781055144 -0.36676279889773333 0.19545699656009674 -0.4470202624797821 0.5911666750907898 -0.23863042726716752 0.28331912600171305 0.1637430366687367 0.914316148581191 0.19115549325942993 -0.4509250521659851 0.56598961353302 -0.12471484807204314 0.29090415727026886 0.2924469426164843 0.9023833553333627 0.17277860641479492 -0.44253745675086975 0.5463413596153259 -0.0991281258740226 0.32084434639523746 0.428098174033651 0.8390259323858289 0.15521596372127533 -0.4404287338256836 0.5370949506759644 -0.0837827753783812 0.2695850209896419 0.44551768081872817 0.8495989247662626
0.07731214165687561 -0.368233323097229 0.5521842241287231 0.31303219603878096 -0.3852335044361406 -0.3234619355299273 0.8055919168782089 0.19128471612930298 -0.41781002283096313 0.5741465091705322 0.8261900179389938 -0.34586746542620134 -0.3232587057778582 0.30543351745227254 0.19585934281349182 -0.4487101137638092 0.5890495777130127 0.813980087906472 -0.08435443195349346 -0.31673989269303493 -0.47957960633277136 0.19154104590415955 -0.4525052607059479 0.5638576149940491 -0.7247872352600098 -0.0015107393264770508 0.4128413796424866 0.5515824556350708 0.17313674092292786 -0.4440193176269531 0.544269859790802 -0.6618938446044922 -0.07654798030853271 0.5297317504882812 0.524806022644043 0.15557998418807983 -0.44195595383644104 0.535092294216156 -0.658980131149292 -0.12455558776855469 0.5050396919250488 0.5432918071746826
0.07729271054267883 -0.36861833930015564 0.551481306552887 0.31514038021093366 -0.3837570118313001 -0.3256119928797652 0.8046079525360165 0.1912730634212494 -0.4185018241405487 0.5729686617851257 -0.30309568705632894 0.32440500451541904 -0.3448624225370539 0.8270213695176979 0.19578224420547485 -0.4495360553264618 0.5876191854476929 0.4824236201896829 0.31731570862485314 -0.08439371281156703 0.8120689111734676 0.19140884280204773 -0.45313021540641785 0.5624088644981384 0.5542998212296348 0.41313844106265496 0.0019897822479908183 0.7225403556329685 0.17300567030906677 -0.44457265734672546 0.5429556369781494 0.5275695527371209 0.5291609969937897 0.07715449906335946 0.6600805712824674 0.1554568111896515 -0.44250741600990295 0.5338336229324341 0.5461955018060034 0.5036531592006236 0.12446005391008998 0.6576577962550156
0.07723773270845413 -0.36730319261550903 0.5528498888015747 0.3145665094079886 -0.38382717640857134 -0.3256965161630192 0.8047648679048874 0.19128914177417755 -0.4171897768974304 0.5744102001190186 -0.30424419742136455 0.32270918216254946 -0.3445192693797663 0.8274060679884578 0.19569626450538635 -0.4482438266277313 0.5890184640884399 0.4820800936203793 0.3173247811309863 -0.08486823674542068 0.8122199600154808 0.1912727653980255 -0.45177948474884033 0.5637959837913513 0.554037491440538 0.4138671452703796 0.0020223265726159443 0.722324462188236 0.17293253540992737 -0.44345730543136597 0.5444517731666565 0.527594685874232 0.5283306840283646 0.07617661361542342 0.6608386035729139 0.15542428195476532 -0.4415682852268219 0.5353631973266602 0.5464896185004628 0.5015236293377848 0.12225096266101755 0.6594528165575516
0.07723773270845413 -0.36730319261550903 0.5528498888015747 0.3145665094079886 -0.38382717640857134 -0.3256965161630192 0.8047648679048874 0.19128914177417755 -0.4171897768974304 0.5744102001190186 -0.30424419742136455 0.32270918216254946 -0.3445192693797663 0.8274060679884578 0.19569626450538635 -0.4482438266277313 0.5890184640884399 0.4820800936203793 0.3173247811309863 -0.08486823674542068 0.8122199600154808 0.1912727653980255 -0.45177948474884033 0.5637959837913513 0.554037491440538 0.4138671452703796 0.0020223265726159443 0.722324462188236 0.17293253540992737 -0.44345730543136597 0.5444517731666565 0.527594685874232 0.5283306840283646 0.07617661361542342 0.6608386035729139 0.15542428195476532 -0.4415682852268219 0.5353631973266602 0.5464896185004628 0.5015236293377848 0.12225096266101755 0.6594528165575516
0.07723773270845413 -0.36730319261550903 0.5528498888015747 0.3145665094079886 -0.38382717640857134 -0.3256965161630192 0.8047648679048874 0.19128914177417755 -0.4171897768974304 0.5744102001190186 -0.30424419742136455 0.32270918216254946 -0.3445192693797663 0.8274060679884578 0.19569626450538635 -0.4482438266277313 0.5890184640884399 0.4820800936203793 0.3173247811309863 -0.08486823674542068 0.8122199600154808 0.1912727653980255 -0.45177948474884033 0.5637959837913513 0.554037491440538 0.4138671452703796 0.0020223265726159443 0.722324462188236 0.17293253540992737 -0.44345730543136597 0.5444517731666565 0.527594685874232 0.5283306840283646 0.07617661361542342 0.6608386035729139 0.15542428195476532 -0.4415682852268219 0.5353631973266602 0.5464896185004628 0.5015236293377848 0.12225096266101755 0.6594528165575516
0.07723773270845413 -0.36730319261550903 0.5528498888015747 0.3145665094079886 -0.38382717640857134 -0.3256965161630192 0.8047648679048874 0.19128914177417755 -0.4171897768974304 0.5744102001190186 0.8001975696128079 -0.4718017361482911 0.015422059702104824 -0.3699313235477907 0.19569626450538635 -0.4482438266277313 0.5890184640884399 -0.23344418641163006 0.28439338129788144 0.1643715821117194 0.9152083234669856 0.1912727653980255 -0.45177948474884033 0.5637959837913513 -0.11899696218019898 0.29121820732299547 0.2940782084319621 0.9025241438852486 0.17293253540992737 -0.44345730543136597 0.5444517731666565 -0.09421767796858699 0.3197212091962452 0.42745120926173286 0.8403492378555449 0.15542428195476532 -0.4415682852268219 0.5353631973266602 -0.079877098207751 0.2681862464081699 0.44107519769020526 0.8527300473583294
0.07723773270845413 -0.36730319261550903 0.5528498888015747 0.3145665094079886 -0.38382717640857134 -0.3256965161630192 0.8047648679048874 0.19128914177417755 -0.4171897768974304 0.5744102001190186 -0.30424419742136455 0.32270918216254946 -0.3445192693797663 0.8274060679884578 0.19569626450538635 -0.4482438266277313 0.5890184640884399 0.4820800936203793 0.3173247811309863 -0.08486823674542068 0.8122199600154808 0.1912727653980255 -0.45177948474884033 0.5637959837913513 0.554037491440538 0.4138671452703796 0.0020223265726159443 0.722324462188236 0.17293253540992737 -0.44345730543136597 0.5444517731666565 0.527594685874232 0.5283306840283646 0.07617661361542342 0.6608386035729139 0.15542428195476532 -0.4415682852268219 0.5353631973266602 0.5464896185004628 0.5015236293377848 0.12225096266101755 0.6594528165575516
0.07694295048713684 -0.3663893938064575 0.5543664693832397 0.31416528435492136 -0.38483380069027 -0.32418971240934313 0.8050491465319823 0.19103015959262848 -0.41602736711502075 0.5762962698936462 0.3693815171112196 -0.016568285760243745 -0.4707326895624762 0.8010577936917048 0.1954551786184311 -0.4470328688621521 0.5909960865974426 0.9150587589298176 0.16451628690873307 -0.2834589534748267 0.23505937920858064 0.19105494022369385 -0.4505636990070343 0.5657569766044617 0.9021379528078292 0.29519641370418553 -0.2906804629783962 0.12046215065810949 0.17281672358512878 -0.4425339102745056 0.5464445352554321 0.8407554234703474 0.42669002915263005 -0.3190398097793464 0.09633061959581594 0.1554405391216278 -0.441298246383667 0.5375205874443054 0.8558539982992691 0.43506995372647456 -0.266933056785886 0.08351598539937113
0.07694078981876373 -0.3713356554508209 0.5473741292953491 0.31161090329116664 -0.3882150375119751 -0.32271375941516023 0.8050115634655896 0.19083335995674133 -0.42100581526756287 0.5702122449874878 0.8269474515301438 -0.3472048242950834 -0.3181636192637265 0.3072112046145679 0.195129856467247 -0.45190292596817017 0.5851617455482483 0.8157097572159377 -0.08484552060633535 -0.31410413777154056 -0.4782859807852147 0.1908426284790039 -0.4556150436401367 0.5599321722984314 -0.7261157035827637 -0.0023393630981445312 0.4120895266532898 0.5503934025764465 0.1726681888103485 -0.44752824306488037 0.5403704047203064 -0.665066123008728 -0.0754692554473877 0.5267473459243774 0.5239548683166504 0.15503054857254028 -0.4448559880256653 0.5308049321174622 -0.6592175960540771 -0.12638869881629944 0.506273090839386 0.541429340839386
0.07740612328052521 -0.37236252427101135 0.5452006459236145 0.3116581143275967 -0.38868936912877383 -0.3224639297904964 0.8048644658475682 0.1913304328918457 -0.4219985902309418 0.5682209730148315 0.8274844579804682 -0.34700314489779865 -0.316587728012622 0.30762074531738276 0.19555413722991943 -0.45290762186050415 0.5831401348114014 0.8159583025426151 -0.08462348154600108 -0.31366746039588034 -0.4781878349996444 0.19129741191864014 -0.45663148164749146 0.5579087138175964 -0.7264261841773987 -0.0025812387466430664 0.4117168188095093 0.5502614378929138 0.17310485243797302 -0.4484322667121887 0.5382575392723083 -0.664838433265686 -0.07614737749099731 0.5272709727287292 0.5236189961433411 0.15537744760513306 -0.44558268785476685 0.5286125540733337 -0.6574872732162476 -0.12861871719360352 0.5084980726242065 0.5409227609634399
0.0775856226682663 -0.3715173602104187 0.5466976761817932 0.31341013157000336 -0.3896549695274653 -0.3197071244395178 0.8048170675609493 0.19168385863304138 -0.42055389285087585 0.5702410340309143 -0.3078555027226872 0.3134322322444713 -0.3453335605547519 0.829294838335095 0.19597728550434113 -0.45145389437675476 0.5851538181304932 0.47759677714726934 0.3130935544273857 -0.08144024310345976 0.8168483675787803 0.19184324145317078 -0.4551933705806732 0.5599067807197571 0.5492192895491941 0.41152357987379407 0.0056968037345579295 0.7273060760742088 0.17372171580791473 -0.44718462228775024 0.54023677110672 0.522255561904056 0.5264979822793819 0.07872385118379839 0.6662218885982938 0.1560889184474945 -0.44490179419517517 0.5306812524795532 0.5402210933752138 0.5049451534680334 0.12899522375655914 0.6607207543868157
0.07777692377567291 -0.36997485160827637 0.549270749092102 0.31519922419285973 -0.38932260630309307 -0.3196974376946449 0.80428284903756 0.19191183149814606 -0.4189448952674866 0.5727645754814148 0.803740476215146 -0.46515225703365737 0.021940491122330204 -0.37034209858679795 0.19622370600700378 -0.44987666606903076 0.5875692963600159 -0.23853388386406726 0.278114922127661 0.16490646108993734 0.9157289796486843 0.19213175773620605 -0.45367860794067383 0.5624074339866638 -0.12485623063536423 0.2855145133069374 0.29514102217929966 0.9032077142490895 0.17418134212493896 -0.4461216926574707 0.5430254340171814 -0.10218334233323259 0.31395856001021166 0.4243912359496986 0.8431374765740802 0.1566462218761444 -0.4444214105606079 0.5335636138916016 -0.08712327926142008 0.26308405411747604 0.4388941193409106 0.854732907490775
0.07780612260103226 -0.3679549992084503 0.5521702170372009 0.3159544084186781 -0.3878754570160684 -0.3217065247043543 0.8038845280343592 0.19190770387649536 -0.41724276542663574 0.5751503109931946 0.37125707315262224 -0.020262456984935177 -0.46651099990484085 0.802574082494066 0.1961311399936676 -0.44803565740585327 0.5897130370140076 0.9155113045224921 0.16741876913388257 -0.27996101328023143 0.23543969616359592 0.19201180338859558 -0.45214569568634033 0.5648354887962341 0.9039649311427099 0.29372980970863827 -0.28559715342847597 0.12249303271229293 0.1742490530014038 -0.4451022148132324 0.5458541512489319 0.8468761080992031 0.4181575714351006 -0.3124864829661207 0.10147593569677128 0.15667496621608734 -0.4434947371482849 0.5363420248031616 0.8594922232839403 0.43002266615340967 -0.2622578043391786 0.08703175406357257
0.07772713899612427 -0.36612990498542786 0.5546810626983643 0.3155046151224779 -0.3864868935471269 -0.32431191677174126 0.8036830904541051 0.1917257159948349 -0.4158999025821686 0.5770872831344604 0.8012967091434502 -0.46879788904533815 0.01881502794004041 -0.37121171283403037 0.19586463272571564 -0.4466531574726105 0.5915142297744751 -0.23317082774996023 0.2823295220794686 0.16758320708387273 0.9153345296155546 0.19164136052131653 -0.4507524073123932 0.5666887164115906 -0.12023517192236118 0.28733471540537736 0.29284684900744845 0.9040038910532749 0.17386814951896667 -0.443726122379303 0.5478626489639282 -0.09929396816756901 0.3136562654301661 0.4163548197506713 0.8475902112107413 0.15627014636993408 -0.44210124015808105 0.5384323596954346 -0.0851078592205655 0.26343256702200474 0.42735762915915654 0.8606540162776981
0.0771729126572609 -0.36540138721466064 0.5559176206588745 0.3154267941713313 -0.3863849974293313 -0.3251339478549219 0.8034304877172808 0.19110822677612305 -0.4153558015823364 0.57822585105896 0.8288592975913861 -0.34520945772633743 -0.3187607877655859 0.30366811518674547 0.19520971179008484 -0.4461267590522766 0.5926297903060913 0.8117925581247633 -0.08175193027044458 -0.31802735555880507 -0.48287494349813587 0.19097143411636353 -0.4502028226852417 0.5678008198738098 -0.7239348888397217 -0.003363311290740967 0.41003310680389404 0.5547791123390198 0.17319782078266144 -0.4431365728378296 0.5489900708198547 -0.6692683696746826 -0.07217073440551758 0.5159571766853333 0.5297731757164001 0.15558141469955444 -0.4413938522338867 0.5395371913909912 -0.668096661567688 -0.11589166522026062 0.4887809157371521 0.5489163994789124
0.07661145180463791 -0.3647681176662445 0.55674147605896 0.31504234659194214 -0.3872655858289216 -0.32475116744321686 0.8033120799202345 0.19050121307373047 -0.4147282838821411 0.579291820526123 0.8288290780635855 -0.34579195897643544 -0.317943837415789 0.30394395953532505 0.19457119703292847 -0.44548121094703674 0.5937466621398926 0.8123582851905045 -0.08174231396526399 -0.31728525972052346 -0.4824129492382929 0.19037336111068726 -0.4495846629142761 0.5689080357551575 -0.7246076464653015 -0.003399491310119629 0.409467875957489 0.5543178915977478 0.17251954972743988 -0.44208836555480957 0.5497918725013733 -0.6679458022117615 -0.07375288009643555 0.5185537934303284 0.5286878943443298 0.15492719411849976 -0.44026464223861694 0.540368378162384 -0.6661809682846069 -0.1187325119972229 0.4921039938926697 0.5476669669151306
0.0767589807510376 -0.36424848437309265 0.5564056038856506 0.31477611820604 -0.3877519911414596 -0.3245687439743601 0.8032555691501024 0.1906193494796753 -0.41421934962272644 0.579085648059845 0.8287774513304831 -0.3461498441081305 -0.3175180640710835 0.3041226337920835 0.19467493891716003 -0.4449634253978729 0.5935701727867126 0.8126742156630313 -0.08179596754101053 -0.31687715333232647 -0.4821399855618017 0.19048917293548584 -0.44902828335762024 0.5686904191970825 -0.7248365879058838 -0.0034955739974975586 0.4095136821269989 0.5539841055870056 0.1724945604801178 -0.4409594237804413 0.5492136478424072 -0.6654345393180847 -0.07595866918563843 0.5226237773895264 0.5275335311889648 0.15490718185901642 -0.4389481246471405 0.5398328304290771 -0.6624935865402222 -0.12301871180534363 0.4976262152194977 0.5462021231651306
0.07713957130908966 -0.3651641011238098 0.5549734830856323 0.31578270667141234 -0.38726602312244357 -0.32416073582393407 0.8032597032161537 0.1910792589187622 -0.4149700999259949 0.5775871276855469 -0.30370884254461966 0.31747936283304634 -0.3451895315845533 0.8293442966242496 0.19518400728702545 -0.44572848081588745 0.5920220613479614 0.48252404848217795 0.3173122275057937 -0.08080093256821778 0.8123760224746032 0.19101163744926453 -0.4496999979019165 0.5670893788337708 0.5541239721640236 0.41038925433576 0.0046621270909388834 0.7242276636198975 0.1729666292667389 -0.44153842329978943 0.5475784540176392 0.527383721772525 0.5240397817588857 0.07755637708009287 0.6642543211765872 0.15530800819396973 -0.43917691707611084 0.5380914211273193 0.5455163749928077 0.50157904925217 0.12677168922024198 0.6593627890213729
0.07718926668167114 -0.3661777973175049 0.5535454750061035 0.3158861592649091 -0.3873971871060689 -0.32432209376900917 0.8030905988155909 0.19110211730003357 -0.4160323143005371 0.5761784911155701 0.8010412844877417 -0.4686725704381062 0.01971279730600499 -0.3718740083512136 0.19519099593162537 -0.4467969536781311 0.5906056761741638 -0.23307068505883763 0.28138515529630315 0.16707683174181873 0.9157433018823986 0.19102619588375092 -0.4506559371948242 0.5655924081802368 -0.12001723552434568 0.28705107343466807 0.29406380363102974 0.9037278935739567 0.1728687435388565 -0.44221341609954834 0.5459557175636292 -0.09573317561235503 0.3163589480917901 0.42820812957132826 0.8410647971166334 0.15519967675209045 -0.43959593772888184 0.5364304184913635 -0.07884421126901923 0.2655708302794507 0.44950358049518563 0.8492361872117561
0.07679742574691772 -0.3672482967376709 0.5525329113006592 0.3138215058673826 -0.3885806342659802 -0.3246266362609228 0.8032052824073111 0.19055990874767303 -0.4173260033130646 0.5753920078277588 0.8283466329480579 -0.3471498595065886 -0.31708759776701245 0.3046052512111917 0.1945636123418808 -0.44804489612579346 0.5899391174316406 0.8132108915663054 -0.08250377319075197 -0.31617066107978875 -0.4815779758495088 0.1903810203075409 -0.4514119327068329 0.5645137429237366 -0.7233442068099976 -0.00477716326713562 0.4141019284725189 0.5525125861167908 0.17202123999595642 -0.4428445100784302 0.5448741912841797 -0.6600199341773987 -0.08009052276611328 0.5309790372848511 0.525376558303833 0.15440356731414795 -0.4401884973049164 0.5354582667350769 -0.6535564661026001 -0.13237470388412476 0.5104482173919678 0.5429397821426392
0.07671499997377396 -0.3674617111682892 0.5518271327018738 0.31429749643568533 -0.3882097661639719 -0.32541075367592737 0.8028811668515515 0.19044162333011627 -0.41767749190330505 0.5745341777801514 0.8283890149955606 -0.34714040602455526 -0.31775337357911776 0.3038060033384795 0.1944248080253601 -0.4484245181083679 0.5890226364135742 0.8126535105815544 -0.0826958510075083 -0.31625101515345805 -0.4824324191951334 0.19022120535373688 -0.45148152112960815 0.5634010434150696 -0.7219640016555786 -0.0053916871547698975 0.41586607694625854 0.5529869198799133 0.17179688811302185 -0.4430031180381775 0.5439379811286926 -0.6586997509002686 -0.08078855276107788 0.5318479537963867 0.5260472297668457 0.15420237183570862 -0.44046157598495483 0.5346146821975708 -0.6528091430664062 -0.13262084126472473 0.5104600787162781 0.5437669157981873
0.0767384022474289 -0.36707979440689087 0.5519404411315918 0.3156117288591967 -0.3871109593243639 -0.32611669016503014 0.8026096597704623 0.1905103176832199 -0.4173293113708496 0.5743396282196045 0.828814071288833 -0.3462371256334953 -0.31878015403954435 0.3025993392117661 0.19454914331436157 -0.4480959475040436 0.5887582302093506 0.8118540113405578 -0.08197886890028212 -0.31691349972921384 -0.48346505321662875 0.19029471278190613 -0.4510955512523651 0.5630857348442078 -0.7207441926002502 -0.005957484245300293 0.41637882590293884 0.554185152053833 0.17184308171272278 -0.442554771900177 0.5436744689941406 -0.6574464440345764 -0.08156245946884155 0.532185435295105 0.5271531343460083 0.15441153943538666 -0.4407464265823364 0.5346613526344299 -0.6554030179977417 -0.12935039401054382 0.5054829716682434 0.5460792183876038
0.07720465213060379 -0.367198646068573 0.5520009994506836 0.3149181214260551 -0.3870923772250125 -0.3261356567016416 0.8028833341122447 0.1909748762845993 -0.4174639582633972 0.574383020401001 0.3714164099778242 -0.019498862070741713 -0.470508202208179 0.800182327144849 0.195031076669693 -0.4482019543647766 0.588858962059021 0.9156874250298166 0.1659350967072182 -0.2824203907301903 0.23285367244663827 0.19073864817619324 -0.45124465227127075 0.563171923160553 0.9013905387825091 0.2983256427504967 -0.2907401792102783 0.11818246151271858 0.17227628827095032 -0.4427207112312317 0.5437626242637634 0.8375495192893934 0.43365911833474663 -0.3192248149955184 0.09244538871088363 0.15490150451660156 -0.44120168685913086 0.5348665118217468 0.8508438149205914 0.4461471246417816 -0.26623275860764717 0.07834364175007119
0.07712502032518387 -0.3672001361846924 0.5519803762435913 0.3150094917320513 -0.3874291321858167 -0.32625620228987867 0.8026360004082339 0.1908561885356903 -0.4175264835357666 0.5744355916976929 0.8285003166651814 -0.34677321295658753 -0.3187208228681721 0.30290693548579833 0.19488444924354553 -0.44826799631118774 0.5889089107513428 0.8121916339815768 -0.08236830533984088 -0.31663178946433984 -0.4830159915563513 0.19061262905597687 -0.4513051509857178 0.5632164478302002 -0.7210485935211182 -0.005419820547103882 0.41613632440567017 0.5539767146110535 0.17216724157333374 -0.4427681267261505 0.5437957644462585 -0.6577697992324829 -0.08098962903022766 0.5319958925247192 0.527029275894165 0.15479910373687744 -0.4412391781806946 0.5348877310752869 -0.657198429107666 -0.12729549407958984 0.5033465623855591 0.546377420425415
0.07714949548244476 -0.36711782217025757 0.5521517992019653 0.3152187437781906 -0.38754785390148233 -0.32647889660285906 0.8024060040944272 0.19085320830345154 -0.4175053536891937 0.5746200084686279 0.8285727469408853 -0.34691071642228555 -0.3187330973347318 0.3025382172644529 0.19486260414123535 -0.44825735688209534 0.589077889919281 0.8120929984376513 -0.08235961412266365 -0.3164059005727377 -0.4833313351969618 0.1906036138534546 -0.45127999782562256 0.5633800625801086 -0.720966100692749 -0.005489259958267212 0.4158867597579956 0.5542706251144409 0.1721668392419815 -0.4427231252193451 0.5439572930335999 -0.6577321887016296 -0.08110076189041138 0.5317419171333313 0.5273155570030212 0.15480205416679382 -0.4411817491054535 0.5350438952445984 -0.657159686088562 -0.12740200757980347 0.5030751824378967 0.5466490387916565
0.07714949548244476 -0.36711782217025757 0.5521517992019653 0.3152187437781906 -0.38754785390148233 -0.32647889660285906 0.8024060040944272 0.19085320830345154 -0.4175053536891937 0.5746200084686279 -0.3025382172644529 0.3187330973347318 -0.34691071642228555 0.8285727469408853 0.19486260414123535 -0.44825735688209534 0.589077889919281 0.4833313351969618 0.3164059005727377 -0.08235961412266365 0.8120929984376513 0.1906036138534546 -0.45127999782562256 0.5633800625801086 0.5542706107881491 0.41588674900852624 0.005489259816385725 0.7209661193276371 0.1721668392419815 -0.4427231252193451 0.5439572930335999 0.5273156354567798 0.5317419962456417 0.08110077395654429 0.6577320908445609 0.15480205416679382 -0.4411817491054535 0.5350438952445984 0.5466489978758773 0.5030751447835489 0.12740199804397329 0.6571597352758846
0.07747434824705124 -0.36638277769088745 0.5529223084449768 0.3147886998426653 -0.3865085848728957 -0.32658487630218175 0.8030326944803149 0.19125854969024658 -0.4166974425315857 0.5751219987869263 -0.3031956312877378 0.3196279781277385 -0.3463514853272531 0.8282216412382728 0.1953248530626297 -0.4474447965621948 0.5895800590515137 0.4830075148797585 0.31754340335229886 -0.08278757749312506 0.811798114559094 0.19100111722946167 -0.4504772424697876 0.5638945698738098 0.5540435661305853 0.41694451515791653 0.004930795078436103 0.7205337251490486 0.17260977625846863 -0.4422925114631653 0.5447213649749756 0.5276857883188159 0.5303360499777663 0.07925825524942345 0.6587942207057036 0.15515393018722534 -0.4405457079410553 0.5356965065002441 0.546766627483526 0.5031230345951458 0.12609860041049853 0.6572766439521844
0.07747434824705124 -0.36638277769088745 0.5529223084449768 0.3147886998426653 -0.3865085848728957 -0.32658487630218175 0.8030326944803149 0.19125854969024658 -0.4166974425315857 0.5751219987869263 -0.3031956312877378 0.3196279781277385 -0.3463514853272531 0.8282216412382728 0.1953248530626297 -0.4474447965621948 0.5895800590515137 0.4830075148797585 0.31754340335229886 -0.08278757749312506 0.811798114559094 0.19100111722946167 -0.4504772424697876 0.5638945698738098 0.5540435661305853 0.41694451515791653 0.004930795078436103 0.7205337251490486 0.17260977625846863 -0.4422925114631653 0.5447213649749756 0.5276857883188159 0.5303360499777663 0.07925825524942345 0.6587942207057036 0.15515393018722534 -0.4405457079410553 0.5356965065002441 0.546766627483526 0.5031230345951458 0.12609860041049853 0.6572766439521844
0.07747434824705124 -0.36638277769088745 0.5529223084449768 0.3147886998426653 -0.3865085848728957 -0.32658487630218175 0.8030326944803149 0.19125854969024658 -0.4166974425315857 0.5751219987869263 0.8000328190190487 -0.4709185691144828 0.018896372129598642 -0.3712494685323464 0.1953248530626297 -0.4474447965621948 0.5895800590515137 -0.23249007703796917 0.2830767426510901 0.1659974313310533 0.915565834499536 0.19100111722946167 -0.4504772424697876 0.5638945698738098 -0.11772638221045519 0.2913376616640336 0.298310858129525 0.9012622168197939 0.17260977625846863 -0.4422925114631653 0.5447213649749756 -0.09270775856550396 0.3189601064210675 0.4310481844623686 0.838968014184683 0.15515393018722534 -0.4405457079410553 0.5356965065002441 -0.07814237446268292 0.26659653794334587 0.44492689142105263 0.8513871656937908
0.07747434824705124 -0.36638277769088745 0.5529223084449768 0.3147886998426653 -0.3865085848728957 -0.32658487630218175 0.8030326944803149 0.19125854969024658 -0.4166974425315857 0.5751219987869263 0.8282216412382728 -0.3463514853272531 -0.3196279781277385 0.3031956312877378 0.1953248530626297 -0.4474447965621948 0.5895800590515137 0.811798114559094 -0.08278757749312506 -0.31754340335229886 -0.4830075148797585 0.19100111722946167 -0.4504772424697876 0.5638945698738098 -0.7205338478088379 -0.0049307942390441895 0.4169444441795349 0.5540434718132019 0.17260977625846863 -0.4422925114631653 0.5447213649749756 -0.6587944030761719 -0.07925823330879211 0.5303359031677246 0.5276856422424316 0.15515393018722534 -0.4405457079410553 0.5356965065002441 -0.6572766304016113 -0.1260986030101776 0.5031230449676514 0.5467666387557983
0.07747434824705124 -0.36638277769088745 0.5529223084449768 0.3147886998426653 -0.3865085848728957 -0.32658487630218175 0.8030326944803149 0.19125854969024658 -0.4166974425315857 0.5751219987869263 0.8282216412382728 -0.3463514853272531 -0.3196279781277385 0.3031956312877378 0.1953248530626297 -0.4474447965621948 0.5895800590515137 0.811798114559094 -0.08278757749312506 -0.31754340335229886 -0.4830075148797585 0.19100111722946167 -0.4504772424697876 0.5638945698738098 -0.7205338478088379 -0.0049307942390441895 0.4169444441795349 0.5540434718132019 0.17260977625846863 -0.4422925114631653 0.5447213649749756 -0.6587944030761719 -0.07925823330879211 0.5303359031677246 0.5276856422424316 0.15515393018722534 -0.4405457079410553 0.5356965065002441 -0.6572766304016113 -0.1260986030101776 0.5031230449676514 0.5467666387557983
0.07667787373065948 -0.36682555079460144 0.5537382364273071 0.3110397431629686 -0.38624632030137185 -0.32609182318940416 0.8048181006198335 0.19040802121162415 -0.41692906618118286 0.5759130120277405 0.8251282263105445 -0.3483966971385377 -0.3231998738753408 0.3054915107827799 0.1947440803050995 -0.44805341958999634 0.5906718373298645 0.8145066373454332 -0.08772088517005282 -0.31465997424544767 -0.4794509292820687 0.1901651918888092 -0.4509149491786957 0.5648804903030396 -0.7217456102371216 -0.002026975154876709 0.41816356778144836 0.5515601634979248 0.17196984589099884 -0.44377267360687256 0.5462513566017151 -0.6640923023223877 -0.07260587811470032 0.5254128575325012 0.5269261002540588 0.1547790765762329 -0.442339152097702 0.5370495915412903 -0.6661889553070068 -0.11449679732322693 0.4940323531627655 0.5468224883079529
0.07652217149734497 -0.36705726385116577 0.5533589720726013 0.3105850973082879 -0.3860041026232045 -0.3262631745341511 0.8050403959701434 0.19044333696365356 -0.41711658239364624 0.575603187084198 0.3668930187653738 -0.019258222333735697 -0.4716417491532497 0.801606311104866 0.1946476697921753 -0.4482848346233368 0.5901546478271484 0.9147189133849493 0.1601373583859319 -0.2852293367324845 0.2372543180053358 0.1899874210357666 -0.4511895477771759 0.5644515156745911 0.900259686581145 0.29688689298965576 -0.29476985661415683 0.12042230046055452 0.1718727946281433 -0.4441409409046173 0.5458335876464844 0.8426961678120886 0.4214582100103099 -0.32053875927173126 0.09742219669673051 0.15464568138122559 -0.44267797470092773 0.5366412401199341 0.8582001126333039 0.4290088099874649 -0.2688153819950307 0.0847484584790084
0.07639545202255249 -0.3676251769065857 0.5525228977203369 0.3097738484392914 -0.3866069739152067 -0.32605992282252655 0.8051460151144589 0.19047245383262634 -0.41763606667518616 0.5750786066055298 0.8274231171461568 -0.34629893928849387 -0.315555930549819 0.3096330158719859 0.19451206922531128 -0.448630690574646 0.5892694592475891 0.8145147341953631 -0.08835381508177699 -0.31641746422248584 -0.4781624803991546 0.18981018662452698 -0.4518611431121826 0.5638614892959595 -0.7225871086120605 -0.0007388889789581299 0.41761428117752075 0.5508772730827332 0.17186355590820312 -0.44494909048080444 0.5452032685279846 -0.6669279336929321 -0.06933426856994629 0.5224310159683228 0.5267503261566162 0.15451380610466003 -0.4433620870113373 0.5359896421432495 -0.6677628755569458 -0.11237826943397522 0.49278661608695984 0.5464661717414856
0.07629845291376114 -0.36817416548728943 0.5516433715820312 0.30976403576922257 -0.3867031437869535 -0.3272391047995183 0.8046250727053844 0.1903962790966034 -0.4184221625328064 0.5742295980453491 0.828186909454917 -0.34604687814478485 -0.31352408212451327 0.3099364787280369 0.19425265491008759 -0.44939368963241577 0.5881655812263489 0.81381827771156 -0.0888340536291414 -0.3169084118461709 -0.47893363659959837 0.189551442861557 -0.45275217294692993 0.5628788471221924 -0.722569465637207 0.0003541409969329834 0.4164511561393738 0.5517803430557251 0.17165717482566833 -0.44578588008880615 0.5442232489585876 -0.6673659086227417 -0.06813400983810425 0.5209029912948608 0.5278642177581787 0.15423664450645447 -0.44407033920288086 0.5350092053413391 -0.6675318479537964 -0.11184421181678772 0.4921511709690094 0.5474298000335693
0.07652855664491653 -0.36840638518333435 0.5515210032463074 0.31061984334015474 -0.38613469932009903 -0.32812185389928705 0.8042085449506204 0.19091278314590454 -0.418670654296875 0.5741606950759888 0.8306994720941775 -0.34352011268609356 -0.3081916013954689 0.31136846970510734 0.19445329904556274 -0.4498072862625122 0.58775794506073 0.8130512915932289 -0.0888228174540481 -0.31710075355394635 -0.4801096325476258 0.18976357579231262 -0.453143835067749 0.5624712705612183 -0.7219347953796387 0.0005063116550445557 0.41607213020324707 0.5528958439826965 0.17189186811447144 -0.44612476229667664 0.5438389182090759 -0.6670898199081421 -0.0679091215133667 0.5200790762901306 0.529053270816803 0.15441091358661652 -0.4443138837814331 0.5346360802650452 -0.6666902303695679 -0.11212080717086792 0.4920077621936798 0.5485265851020813
0.07665339857339859 -0.3685140609741211 0.5514553785324097 0.3127488873454506 -0.3843833606289371 -0.32862583659271793 0.8040165691632808 0.19154617190361023 -0.41852709650993347 0.5739832520484924 0.8344265966450783 -0.3388127978583938 -0.3016035287910016 0.31300702880814874 0.19478446245193481 -0.4498874843120575 0.5870932936668396 0.811656630741103 -0.08766704403889732 -0.3184003090864337 -0.48181865434857507 0.19007647037506104 -0.45312976837158203 0.561799943447113 -0.7203123569488525 -0.0006071627140045166 0.4169401228427887 0.5543560981750488 0.17222143709659576 -0.4460875391960144 0.5432237386703491 -0.6662427186965942 -0.06846189498901367 0.519618034362793 0.5305002927780151 0.15471449494361877 -0.44441527128219604 0.5341326594352722 -0.6662357449531555 -0.11197453737258911 0.4907428026199341 0.550239086151123
0.07681222259998322 -0.3690286874771118 0.5506168603897095 0.31435784955596996 -0.3835931815477329 -0.32854304121803574 0.803800321269864 0.19183766841888428 -0.4189077317714691 0.5730165839195251 0.369979869566825 -0.02573764830646388 -0.4511712397328972 0.811724713414524 0.19507889449596405 -0.45027977228164673 0.5859775543212891 0.9147737807445087 0.1648447242399634 -0.2867841220321072 0.23188381047034679 0.19038301706314087 -0.4534834921360016 0.5606932640075684 0.9012581880247326 0.29649371203851643 -0.2938190307910034 0.11617052144075453 0.17253202199935913 -0.44642573595046997 0.5421378016471863 0.8462370545471235 0.41664215064440996 -0.318204723384997 0.09506855946961319 0.15503786504268646 -0.44484972953796387 0.5330891609191895 0.8605776526035229 0.42609168179665946 -0.2669250264437481 0.0812595350870084
0.07671266794204712 -0.36846986413002014 0.5514122843742371 0.31472035942053866 -0.38271913210965053 -0.3297430855665704 0.8035836727639867 0.19170618057250977 -0.4185495972633362 0.5734883546829224 0.8354172477333572 -0.3371841644562278 -0.30225220328355523 0.3114940235782775 0.1949152946472168 -0.44987308979034424 0.5863499641418457 0.8096259667804555 -0.08632403787613015 -0.3206500476214135 -0.4839809039269222 0.1901976466178894 -0.4530894458293915 0.561102569103241 -0.7184501886367798 -0.00141867995262146 0.41769760847091675 0.5561977624893188 0.1723220944404602 -0.445968896150589 0.5425944328308105 -0.6646021604537964 -0.06930074095726013 0.5197911858558655 0.5322766900062561 0.15481391549110413 -0.4443502128124237 0.5335789918899536 -0.6650086641311646 -0.11219233274459839 0.4901532828807831 0.5522012114524841
0.07662136107683182 -0.36761653423309326 0.5526555180549622 0.31601598105906714 -0.38143684551294993 -0.33087479279878196 0.8032195759456485 0.19163855910301208 -0.4178149402141571 0.574341356754303 0.8357482848981596 -0.336430531879387 -0.30366064206522475 0.3100476376097331 0.19486068189144135 -0.4491909146308899 0.5870729684829712 0.8083762386354039 -0.0861809630202586 -0.3214239174792041 -0.48557947527967504 0.19010409712791443 -0.4523060917854309 0.5618189573287964 -0.7169873118400574 -0.0017095208168029785 0.41821056604385376 0.5576973557472229 0.1721990555524826 -0.44510531425476074 0.5433679223060608 -0.6631125211715698 -0.06982341408729553 0.5201262831687927 0.5337368845939636 0.15467578172683716 -0.44344592094421387 0.5343879461288452 -0.6635088920593262 -0.11263886094093323 0.49039989709854126 0.5536934733390808
0.07653701305389404 -0.367460161447525 0.5529577136039734 0.3183056243810962 -0.382119134498262 -0.3294146789153931 0.8025911128379876 0.19162969291210175 -0.41734078526496887 0.5749794840812683 0.837289187182165 -0.33531421315903587 -0.30190145279066516 0.30881517555899046 0.19490787386894226 -0.44874107837677 0.587645411491394 0.8085483216428253 -0.08349116602205445 -0.320696547859799 -0.48624348051390787 0.19025936722755432 -0.4518584907054901 0.5624027848243713 -0.7172786593437195 -0.004371702671051025 0.4173038601875305 0.5579873323440552 0.17240378260612488 -0.44461578130722046 0.5438600182533264 -0.6633704900741577 -0.07262280583381653 0.5195719003677368 0.5335828065872192 0.15491069853305817 -0.44299018383026123 0.5348140597343445 -0.6636126637458801 -0.11544150114059448 0.48982349038124084 0.5535022020339966
0.07681942731142044 -0.3667754828929901 0.5529028177261353 0.31730457181047705 -0.38301065023310804 -0.3282944769141085 0.8030214394295988 0.19180405139923096 -0.4165453314781189 0.575121283531189 0.3726796655219522 -0.023616313145587556 -0.45238498651396514 0.8098765288133926 0.1952066421508789 -0.4478502571582794 0.5879974365234375 0.9152787401622343 0.1674630401867681 -0.28547105332713874 0.22962408240583576 0.19059030711650848 -0.45112618803977966 0.562812328338623 0.901825658101127 0.2974935040850708 -0.2917172785948149 0.11449497725871943 0.17275357246398926 -0.44388920068740845 0.5441730618476868 0.8462456647101506 0.4184829085698258 -0.31621269536848456 0.09354071236688807 0.1552695333957672 -0.44230547547340393 0.5351009964942932 0.8604919584165145 0.42782358511153284 -0.2649124410861149 0.0796366904427377
0.07696174085140228 -0.3659566342830658 0.5534530878067017 0.3162653148609615 -0.3834537566235972 -0.32699382309646224 0.8037502764549181 0.1917882263660431 -0.4155728816986084 0.5756831169128418 0.8342732943789772 -0.33823946772406727 -0.30687806051003297 0.3088820286639168 0.19540321826934814 -0.44679030776023865 0.5887765884399414 0.8100848277637909 -0.0838394218478046 -0.3204589988404912 -0.48377639158595326 0.19084332883358002 -0.4501185417175293 0.5637007355690002 -0.7196967601776123 -0.00395539402961731 0.41686582565307617 0.5551972985267639 0.1730114221572876 -0.4429556429386139 0.5450155735015869 -0.6654611229896545 -0.07200175523757935 0.5199291110038757 0.5307081341743469 0.15552809834480286 -0.441429078578949 0.5359328985214233 -0.6657009124755859 -0.11493518948554993 0.4903472661972046 0.550628662109375
0.07708674669265747 -0.3650706708431244 0.555018961429596 0.3167354724584375 -0.383472885064771 -0.3256130179471838 0.8041164971426848 0.19152754545211792 -0.41454941034317017 0.5769636631011963 0.8310433424698016 -0.34101328546099235 -0.3160389667057279 0.3052807445238543 0.19556161761283875 -0.4457184076309204 0.5902498364448547 0.8092506650351776 -0.08409569159562497 -0.3209971377355093 -0.48477020716492225 0.19116738438606262 -0.4488755464553833 0.5654152631759644 -0.7199286222457886 -0.00525432825088501 0.4174984395503998 0.554409921169281 0.17334818840026855 -0.44179767370224 0.546715497970581 -0.6657465100288391 -0.07304054498672485 0.5203834772109985 0.5297620296478271 0.15587151050567627 -0.44032490253448486 0.5376160144805908 -0.6659176349639893 -0.11599159240722656 0.4908412992954254 0.5497040152549744
0.07702168077230453 -0.36537933349609375 0.5549227595329285 0.3180876857202999 -0.38316886254849936 -0.3248435739421778 0.8040388512365033 0.19128017127513885 -0.4147317111492157 0.5766501426696777 0.8296967475161654 -0.34194601693505733 -0.32129378170953365 0.3024013140735541 0.19562387466430664 -0.44588497281074524 0.5901334285736084 0.8090053764525259 -0.08301202719036248 -0.32085077849935917 -0.48546285823631397 0.1912681758403778 -0.4489555358886719 0.5653232932090759 -0.7195901274681091 -0.006894826889038086 0.41771894693374634 0.5546651482582092 0.1734805703163147 -0.44187673926353455 0.5465801358222961 -0.6654936075210571 -0.07450896501541138 0.5205290913581848 0.5297320485115051 0.15601761639118195 -0.44047755002975464 0.5374811291694641 -0.6658220887184143 -0.11716091632843019 0.49063357710838323 0.5497571229934692
0.07692919671535492 -0.36557307839393616 0.5543777346611023 0.31916819809466623 -0.3829337215280973 -0.3254333612820184 0.8034839930580745 0.19110557436943054 -0.41504359245300293 0.5759672522544861 0.829653115119868 -0.34213043445333413 -0.3228180222370934 0.30068425386491954 0.19546347856521606 -0.4464159607887268 0.5896238684654236 0.8089651088630915 -0.08325433505427056 -0.31893079608518066 -0.48675178162217264 0.19106604158878326 -0.4493906497955322 0.5648139715194702 -0.7191187143325806 -0.007614850997924804 0.4165329933166504 0.5561569929122925 0.1734185814857483 -0.44228190183639526 0.5459815263748169 -0.6658002734184265 -0.07447439432144165 0.518862247467041 0.5309854745864868 0.15596380829811096 -0.4409509599208832 0.5368778705596924 -0.6666447520256042 -0.11624252796173096 0.48818811774253845 0.5511304140090942
0.07685345411300659 -0.36466386914253235 0.5548145771026611 0.3198618788234312 -0.38078743156829037 -0.3275601477140841 0.8033640332457032 0.1910252571105957 -0.4144129157066345 0.5756938457489014 0.3747123475340878 -0.011102934769946714 -0.47198250775891304 0.7979348044632997 0.19529865682125092 -0.4464362859725952 0.5898478627204895 0.917640465018303 0.16227647670880374 -0.2837157539350805 0.22607017420408818 0.19087421894073486 -0.44926726818084717 0.5648562908172607 0.903308109007486 0.2965124592514067 -0.2887325724243423 0.11290852801732415 0.17330682277679443 -0.4419931173324585 0.5459745526313782 0.8482165906153935 0.41606740276248905 -0.3141225597090705 0.09350727665739209 0.15576514601707458 -0.4405018091201782 0.5368160009384155 0.8628339049575309 0.4239222336548986 -0.26353063103543584 0.07974461452224704
0.07674826681613922 -0.3650631606578827 0.5545515418052673 0.3197833593313492 -0.381300180632164 -0.32671597555575194 0.8034957658244917 0.19084738194942474 -0.4147022068500519 0.5755478739738464 0.8286147521727263 -0.3422388513683661 -0.32698876423076206 0.29891223407755035 0.195146843791008 -0.4468110203742981 0.5900464653968811 0.8094578105733079 -0.08532490992787119 -0.31404803955760413 -0.4887448358214602 0.1908474713563919 -0.44974106550216675 0.5649830102920532 -0.7197626233100891 -0.005409955978393555 0.41225048899650574 0.5585355758666992 0.17338526248931885 -0.4426884651184082 0.5461466312408447 -0.6682330965995789 -0.07105028629302979 0.5136266350746155 0.5334829688072205 0.15582598745822906 -0.44121429324150085 0.5368828177452087 -0.6688693761825562 -0.11183655261993408 0.48345744609832764 0.5535116195678711
0.07685807347297668 -0.3664293587207794 0.5532158613204956 0.3186607197380362 -0.3830758196947842 -0.32480718076914905 0.8038710016300779 0.1908450722694397 -0.4158613085746765 0.574698805809021 0.8277407343465343 -0.3437369094498209 -0.32701336495099265 0.2995872395389404 0.19525478780269623 -0.44785407185554504 0.5894544720649719 0.8111292590587553 -0.08477527661200498 -0.31293454584255864 -0.48677973331594493 0.19099652767181396 -0.4509384036064148 0.5644599795341492 -0.7216135263442993 -0.006033778190612793 0.41145020723342896 0.5567283034324646 0.17362454533576965 -0.44396597146987915 0.5454673767089844 -0.6702108383178711 -0.07110938429832458 0.5131219029426575 0.5314760804176331 0.15609142184257507 -0.44255852699279785 0.5361433029174805 -0.6708208918571472 -0.11199676990509033 0.48306015133857727 0.551460862159729
0.0771581307053566 -0.36814236640930176 0.5508898496627808 0.31696911988592746 -0.382301292831453 -0.325857155714153 0.8044833111797733 0.19109734892845154 -0.4177815914154053 0.5720497965812683 -0.30043697213556586 0.3288216603318971 -0.3445077267714879 0.8263948375556993 0.19551384449005127 -0.4497516453266144 0.5868616700172424 0.48622740515032803 0.31376029892369584 -0.08675339500369161 0.8109323083239145 0.19113664329051971 -0.45329806208610535 0.5622304677963257 0.5571610878535728 0.4091811302402909 0.00294476713417701 0.7225880863444496 0.1737339049577713 -0.44589564204216003 0.542945384979248 0.5315334389738194 0.5137867494177072 0.06901539391203287 0.6698749268274832 0.1561713069677353 -0.4444674253463745 0.5336794257164001 0.5515555141274323 0.48375084245221933 0.10989908567410689 0.6705922358290392
0.0771581307053566 -0.36814236640930176 0.5508898496627808 0.31696911988592746 -0.382301292831453 -0.325857155714153 0.8044833111797733 0.19109734892845154 -0.4177815914154053 0.5720497965812683 -0.30043697213556586 0.3288216603318971 -0.3445077267714879 0.8263948375556993 0.19551384449005127 -0.4497516453266144 0.5868616700172424 0.48622740515032803 0.31376029892369584 -0.08675339500369161 0.8109323083239145 0.19113664329051971 -0.45329806208610535 0.5622304677963257 0.5571610878535728 0.4091811302402909 0.00294476713417701 0.7225880863444496 0.1737339049577713 -0.44589564204216003 0.542945384979248 0.5315334389738194 0.5137867494177072 0.06901539391203287 0.6698749268274832 0.1561713069677353 -0.4444674253463745 0.5336794257164001 0.5515555141274323 0.48375084245221933 0.10989908567410689 0.6705922358290392
0.0771581307053566 -0.36814236640930176 0.5508898496627808 0.31696911988592746 -0.382301292831453 -0.325857155714153 0.8044833111797733 0.19109734892845154 -0.4177815914154053 0.5720497965812683 0.7967904085415548 -0.4761157548177098 0.011091723465590878 -0.37190838644882535 0.19551384449005127 -0.4497516453266144 0.5868616700172424 -0.22960102830033868 0.28320595525070524 0.1605181247181663 0.9172304343981764 0.19113664329051971 -0.45329806208610535 0.5622304677963257 -0.11697451013861748 0.28725250977237676 0.29141703972001515 0.9049193391525603 0.1737339049577713 -0.44589564204216003 0.542945384979248 -0.09782225611986624 0.3145008095512822 0.41210330570195014 0.8495239778765885 0.1561713069677353 -0.4444674253463745 0.5336794257164001 -0.08417171288045716 0.2643530924792707 0.4197738582339569 0.8641889426516624
0.0771581307053566 -0.36814236640930176 0.5508898496627808 0.31696911988592746 -0.382301292831453 -0.325857155714153 0.8044833111797733 0.19109734892845154 -0.4177815914154053 0.5720497965812683 -0.30043697213556586 0.3288216603318971 -0.3445077267714879 0.8263948375556993 0.19551384449005127 -0.4497516453266144 0.5868616700172424 0.48622740515032803 0.31376029892369584 -0.08675339500369161 0.8109323083239145 0.19113664329051971 -0.45329806208610535 0.5622304677963257 0.5571610878535728 0.4091811302402909 0.00294476713417701 0.7225880863444496 0.1737339049577713 -0.44589564204216003 0.542945384979248 0.5315334389738194 0.5137867494177072 0.06901539391203287 0.6698749268274832 0.1561713069677353 -0.4444674253463745 0.5336794257164001 0.5515555141274323 0.48375084245221933 0.10989908567410689 0.6705922358290392
0.0771581307053566 -0.36814236640930176 0.5508898496627808 0.31696911988592746 -0.382301292831453 -0.325857155714153 0.8044833111797733 0.19109734892845154 -0.4177815914154053 0.5720497965812683 0.8263948375556993 -0.3445077267714879 -0.3288216603318971 0.30043697213556586 0.19551384449005127 -0.4497516453266144 0.5868616700172424 0.8109323083239145 -0.08675339500369161 -0.31376029892369584 -0.48622740515032803 0.19113664329051971 -0.45329806208610535 0.5622304677963257 -0.7225880026817322 -0.002944767475128174 0.4091811776161194 0.5571611523628235 0.1737339049577713 -0.44589564204216003 0.542945384979248 -0.6698750257492065 -0.06901538372039795 0.5137866735458374 0.5315333604812622 0.1561713069677353 -0.4444674253463745 0.5336794257164001 -0.6705923080444336 -0.10989907383918762 0.4837507903575897 0.5515554547309875
0.07718469202518463 -0.3692754805088043 0.5498485565185547 0.3146027524930808 -0.38437607327542667 -0.3252324368962347 0.8046763628038047 0.19083726406097412 -0.41906610131263733 0.5714153051376343 0.8244244212913575 -0.3475872129524093 -0.33002795357362336 0.3009801080220916 0.19529248774051666 -0.45088961720466614 0.58652263879776 0.8124859473236888 -0.08784888331979075 -0.3123947786418731 -0.4843126566390108 0.19096669554710388 -0.45478206872940063 0.562056839466095 -0.7251776456832886 -0.0010941922664642334 0.40652912855148315 0.5557431578636169 0.17356276512145996 -0.44720086455345154 0.5425444841384888 -0.6715221405029297 -0.0678805410861969 0.5134086608886719 0.5299640893936157 0.15605898201465607 -0.4457360506057739 0.5331929922103882 -0.6722160577774048 -0.10901787877082825 0.48365259170532227 0.5498372316360474
0.07725066691637039 -0.3682350516319275 0.5507988929748535 0.31138023565129314 -0.38672336726150375 -0.32440152588291266 0.8051403804599144 0.19064849615097046 -0.418154776096344 0.5728792548179626 0.3675492346483386 -0.014562769599401231 -0.4815114401437215 0.7955138382361249 0.19500581920146942 -0.44954103231430054 0.5881771445274353 0.9158296385839071 0.1604114379043656 -0.2840065697430806 0.23423183418798008 0.1906823217868805 -0.45371466875076294 0.563849687576294 0.9046158859636576 0.28994961756990467 -0.287625176607502 0.12194735136422181 0.17303207516670227 -0.4459751844406128 0.5442308187484741 0.8465371604717519 0.4155524127247882 -0.3170238241984006 0.10093063472614155 0.1559128761291504 -0.4450047016143799 0.5349088311195374 0.864227989133785 0.4176042551949989 -0.26583643706053495 0.08970930050053955
0.07733430713415146 -0.367947518825531 0.5512413382530212 0.3130702497252084 -0.38459421689203704 -0.32606418199727033 0.8048332022792942 0.1907932460308075 -0.4180184006690979 0.57268887758255 0.822690465816632 -0.3494809612703557 -0.332483413645537 0.3008293506537247 0.19543655216693878 -0.44920405745506287 0.5882018804550171 0.8134301303211003 -0.08486974862913997 -0.3153171174933558 -0.4813561197135134 0.19079141318798065 -0.45353013277053833 0.5634601712226868 -0.7237030267715454 -0.0018286406993865967 0.40946897864341736 0.5555049180984497 0.17310306429862976 -0.44577398896217346 0.5439983606338501 -0.668136715888977 -0.06985229253768921 0.5181244015693665 0.5293970704078674 0.1559312343597412 -0.444649338722229 0.5346758961677551 -0.6722608804702759 -0.10772460699081421 0.48395252227783203 0.5497732162475586
0.07740543782711029 -0.36835330724716187 0.5512135028839111 0.31463245168466936 -0.38421998174181105 -0.32638204731654397 0.8042737089351831 0.19094234704971313 -0.41841375827789307 0.5726144313812256 0.8238658302125038 -0.34836914704513405 -0.33156093401167436 0.2999190311567248 0.19553124904632568 -0.44966867566108704 0.587978720664978 0.812747649536535 -0.0839575300666127 -0.31533017388035867 -0.4826586050510801 0.19090676307678223 -0.4539158344268799 0.5632187128067017 -0.7229026556015015 -0.0028974711894989014 0.4093863368034363 0.5566024780273438 0.17322614789009094 -0.44610363245010376 0.5437707901000977 -0.6673963069915771 -0.07107925415039062 0.5179382562637329 0.5303490161895752 0.15605932474136353 -0.44495779275894165 0.5344411134719849 -0.6714646816253662 -0.10890200734138489 0.4837072193622589 0.5507293939590454
0.07729421555995941 -0.3695530295372009 0.5503211617469788 0.3155932844235992 -0.38458637862497463 -0.3266983752247259 0.803593426250691 0.19108669459819794 -0.41967737674713135 0.571982741355896 0.37152529107375754 -0.015205846686195916 -0.47404058720224995 0.7981374144210445 0.1953321099281311 -0.45099562406539917 0.5871054530143738 0.9164744024203868 0.16350062941730797 -0.28152356547513113 0.23256549225377648 0.19073987007141113 -0.45519018173217773 0.5623318552970886 0.9051484989678779 0.2915207878782265 -0.28647193235882007 0.11685774595396639 0.17309266328811646 -0.4473312497138977 0.5428718328475952 0.8473649078251257 0.4165472344779364 -0.3149342582032956 0.09632002793915775 0.15594066679477692 -0.4461597502231598 0.5335181355476379 0.8646027493933194 0.41904165837060803 -0.263966210930037 0.08478188577704279
0.07705551385879517 -0.36840641498565674 0.5513626933097839 0.3149205969408502 -0.3844789243433481 -0.3279251988723104 0.8034090421417996 0.19091753661632538 -0.41883403062820435 0.5729584097862244 0.8280991078854415 -0.3452540337810044 -0.3211088138644378 0.3032173441592594 0.19492775201797485 -0.4501481056213379 0.5879956483840942 0.8121793459047641 -0.0847805545141833 -0.31457243274833435 -0.48396408575067434 0.19029518961906433 -0.4543301463127136 0.5632281303405762 -0.7224034667015076 -0.0023146867752075195 0.40844348073005676 0.5579444766044617 0.17264413833618164 -0.4464263319969177 0.543790876865387 -0.6670417785644531 -0.07068526744842529 0.5169736742973328 0.5317868590354919 0.15548425912857056 -0.44521069526672363 0.5344586968421936 -0.6711409091949463 -0.10847029089927673 0.4826734662055969 0.5521146655082703
0.07702977955341339 -0.367236852645874 0.5529694557189941 0.31511823000258105 -0.38454394011188076 -0.3287174485104474 0.8029765751881152 0.19081756472587585 -0.4178539514541626 0.5745148062705994 0.8280353833220055 -0.3456770212252344 -0.3214994953751264 0.30249461054793453 0.19478118419647217 -0.4491911828517914 0.5895161032676697 0.8118484896940812 -0.0851693311527704 -0.314244149861081 -0.48466375528925665 0.19014407694339752 -0.45333796739578247 0.5647433400154114 -0.7220959663391113 -0.002047628164291382 0.4080142676830292 0.5586570501327515 0.17253854870796204 -0.4454224705696106 0.5453171133995056 -0.6670726537704468 -0.07025393843650818 0.5161644816398621 0.5325906872749329 0.155349463224411 -0.44413551688194275 0.5359817743301392 -0.6709160804748535 -0.10828298330307007 0.48218876123428345 0.552847683429718
0.07695081830024719 -0.36658114194869995 0.5542153120040894 0.31726783818509163 -0.3847472108572367 -0.32889038639996737 0.8019612354560852 0.1907120943069458 -0.41721871495246887 0.5758269429206848 0.3738216910828758 -0.016987140552105373 -0.4711187374461263 0.7987590076205797 0.19466277956962585 -0.4486179053783417 0.5907089114189148 0.9175368703382067 0.16254439022252976 -0.28092326340251245 0.22975555141341927 0.19008073210716248 -0.45266079902648926 0.565909206867218 0.9061250567671884 0.2906671963050176 -0.28534227875722207 0.11414845397326118 0.17277130484580994 -0.4449678063392639 0.5465024709701538 0.8505273272264 0.4118883132188186 -0.31287157477176825 0.0951988329094974 0.15545709431171417 -0.44345349073410034 0.5370951294898987 0.86710536807704 0.41528998608458856 -0.2621893605108357 0.08318246502006033
0.07695081830024719 -0.36658114194869995 0.5542153120040894 0.31726783818509163 -0.3847472108572367 -0.32889038639996737 0.8019612354560852 0.1907120943069458 -0.41721871495246887 0.5758269429206848 0.8291397585817197 -0.3451429897287644 -0.32111954423722033 0.3004760698203941 0.19466277956962585 -0.4486179053783417 0.5907089114189148 0.8112582311230909 -0.08370651305795077 -0.31357901914224673 -0.48633488735832514 0.19008073210716248 -0.45266079902648926 0.565909206867218 -0.721442461013794 -0.003765285015106201 0.4073001742362976 0.5600119829177856 0.17277130484580994 -0.4449678063392639 0.5465024709701538 -0.6687295436859131 -0.07001540064811707 0.5124825835227966 0.5340978503227234 0.15545709431171417 -0.44345349073410034 0.5370951294898987 -0.6719550490379333 -0.10825848579406738 0.4790502190589905 0.5543171763420105
0.07728537172079086 -0.3673701584339142 0.5518670082092285 0.31380478279884744 -0.38666937657443423 -0.3271749095966536 0.803100209569909 0.19076985120773315 -0.41794824600219727 0.5738471150398254 0.7975808300316736 -0.47560585437846764 0.017416910246519975 -0.37062177171921457 0.19492755830287933 -0.4491243064403534 0.5892072916030884 -0.23384747850569232 0.2812180778844179 0.16100514348988967 0.9166837849813514 0.1903775930404663 -0.453095406293869 0.5642192959785461 -0.11792109712348894 0.28709523733688047 0.2911981488743383 0.904916917158632 0.17326927185058594 -0.4460696280002594 0.5449672937393188 -0.10002295359774709 0.3138823595143425 0.40772328894997906 0.8516073188236439 0.15592412650585175 -0.44455426931381226 0.5355004072189331 -0.08836746496636079 0.2632076057032228 0.41001802368065293 0.8687912473531694
0.07728537172079086 -0.3673701584339142 0.5518670082092285 0.31380478279884744 -0.38666937657443423 -0.3271749095966536 0.803100209569909 0.19076985120773315 -0.41794824600219727 0.5738471150398254 0.37062177171921457 -0.017416910246519975 -0.47560585437846764 0.7975808300316736 0.19492755830287933 -0.4491243064403534 0.5892072916030884 0.9166837849813514 0.16100514348988967 -0.2812180778844179 0.23384747850569232 0.1903775930404663 -0.453095406293869 0.5642192959785461 0.904916917158632 0.2911981488743383 -0.28709523733688047 0.11792109712348894 0.17326927185058594 -0.4460696280002594 0.5449672937393188 0.8516073188236439 0.40772328894997906 -0.3138823595143425 0.10002295359774709 0.15592412650585175 -0.44455426931381226 0.5355004072189331 0.8687912473531694 0.41001802368065293 -0.2632076057032228 0.08836746496636079
0.07744534313678741 -0.3664548993110657 0.5532743334770203 0.3122818685868269 -0.3877821760678548 -0.3245348248932714 0.8042276713234523 0.1908024251461029 -0.4166393280029297 0.5755309462547302 0.8240194707064088 -0.3503326013324956 -0.3267232026440157 0.302507684351236 0.19528061151504517 -0.44762134552001953 0.5912826657295227 0.8153519758317247 -0.08428663499325191 -0.31255324489406267 -0.480007735633894 0.19078147411346436 -0.45144081115722656 0.5660753846168518 -0.7242835760116577 -0.00409090518951416 0.4114338755607605 0.5532799959182739 0.1736789345741272 -0.4448864758014679 0.5469874739646912 -0.6747360825538635 -0.06633621454238892 0.5107966661453247 0.5285995006561279 0.15634655952453613 -0.4434887766838074 0.5374892354011536 -0.6786579489707947 -0.103884756565094 0.476669579744339 0.5490148663520813
0.07754872739315033 -0.36704644560813904 0.5526553392410278 0.31222264401429334 -0.3882784053726336 -0.3237427907632805 0.804330448692897 0.19093120098114014 -0.4170956313610077 0.5751006603240967 0.824217758605883 -0.35028343462694783 -0.32589816181785847 0.3029141345655875 0.19542020559310913 -0.4480553865432739 0.5908918380737305 0.8158396496530508 -0.08377451914234914 -0.312264457730883 -0.4794564641418232 0.1909565031528473 -0.4518595039844513 0.5656458735466003 -0.7246792316436768 -0.004678517580032349 0.411630779504776 0.5526102781295776 0.17382004857063293 -0.44527921080589294 0.5465166568756104 -0.6746789216995239 -0.06724086403846741 0.5115876197814941 0.5277926921844482 0.15653932094573975 -0.4439738392829895 0.5370270013809204 -0.6789618730545044 -0.1045289933681488 0.4769340455532074 0.5482867956161499
0.0774594321846962 -0.3673541843891144 0.5526427030563354 0.3134098956460545 -0.3895270014441198 -0.322426857389861 0.8037934706905193 0.1908426582813263 -0.4171944558620453 0.5755217671394348 0.369758167416583 -0.01839172614959383 -0.4766330539586925 0.7973465972362671 0.19524189829826355 -0.4482223093509674 0.5911011099815369 0.9164623384297914 0.16185166051149896 -0.2789799072299223 0.23679333608282047 0.19097015261650085 -0.4517923891544342 0.56593257188797 0.9030025913187875 0.2961613460980077 -0.28626825800802663 0.12216930120836368 0.17384934425354004 -0.44523125886917114 0.5467666983604431 0.8498053950758206 0.41128702526695216 -0.3126894001442105 0.10439915074257097 0.15664005279541016 -0.44402578473091125 0.5372619032859802 0.8675432135500867 0.41268091705366333 -0.2615373920057703 0.09306649026110399
0.07755216956138611 -0.3665391206741333 0.5538539886474609 0.31430564467902194 -0.3889560612958803 -0.3215952340853623 0.80405332045583 0.19093768298625946 -0.4161427915096283 0.5765848755836487 0.8248188151867766 -0.3497758906270013 -0.32653395081827763 0.3011750325998538 0.19537556171417236 -0.44725820422172546 0.5918237566947937 0.813531366229796 -0.08317212821789612 -0.3135824192387984 -0.4826129979110678 0.19127893447875977 -0.4506571292877197 0.5670247673988342 -0.7244890928268433 -0.008237063884735107 0.41285282373428345 0.5519062280654907 0.17414039373397827 -0.44416362047195435 0.5478993654251099 -0.6743663549423218 -0.07083231210708618 0.5125753283500671 0.5267631411552429 0.15692779421806335 -0.44299179315567017 0.5383957028388977 -0.6788380742073059 -0.10797590017318726 0.47739896178245544 0.5473669171333313
0.07760030776262283 -0.3657941222190857 0.5548520088195801 0.3149644320632498 -0.3881988156378208 -0.3215718457416087 0.8041707999079931 0.19102153182029724 -0.41521432995796204 0.577452540397644 0.8243353263380417 -0.3496288610635092 -0.32900025650878356 0.29998310154624225 0.1954375058412552 -0.44655460119247437 0.5924127101898193 0.8121526769323165 -0.0837778219537847 -0.3145258683844351 -0.4842136302146017 0.19143055379390717 -0.4498049318790436 0.5678006410598755 -0.7239030599594116 -0.008696049451828003 0.4134659767150879 0.5522090792655945 0.17426833510398865 -0.44330281019210815 0.5486999750137329 -0.6737207174301147 -0.0713472068309784 0.5131072402000427 0.5270019173622131 0.15704619884490967 -0.44213590025901794 0.5392134785652161 -0.6781722903251648 -0.10845869779586792 0.4779171645641327 0.5476443767547607
0.07745575904846191 -0.36639246344566345 0.5540681481361389 0.31405163969623995 -0.3897373748227441 -0.3199663572657872 0.804423915322682 0.19075170159339905 -0.41560208797454834 0.5771056413650513 0.8233523185139161 -0.35117424317890267 -0.32963991900613343 0.3001751966690651 0.19521281123161316 -0.4469113051891327 0.5920730233192444 0.8127656906824329 -0.08387999773253974 -0.31417205338862386 -0.4833962367861797 0.19129808247089386 -0.4502832591533661 0.5677050948143005 -0.7256656885147095 -0.008908122777938843 0.41249555349349976 0.5506155490875244 0.1742192506790161 -0.44381827116012573 0.548477053642273 -0.6753920316696167 -0.0714273452758789 0.512614369392395 0.5253286361694336 0.15702226758003235 -0.44270676374435425 0.5389397740364075 -0.6798161268234253 -0.10863694548606873 0.4775010347366333 0.5459311008453369
0.07728775590658188 -0.3670186698436737 0.5532519817352295 0.31337114781671555 -0.39026650304562 -0.3186764677757044 0.8049446443757131 0.19062140583992004 -0.41599440574645996 0.5765039920806885 0.8232084960156648 -0.35123935538796 -0.32892012591199093 0.3012810920016395 0.19514717161655426 -0.4473305940628052 0.5914570093154907 0.8134822741347434 -0.08447623979949152 -0.31371617037098426 -0.48238219002252136 0.1912102997303009 -0.45072537660598755 0.567251443862915 -0.7266606092453003 -0.009066790342330933 0.412502259016037 0.5492941737174988 0.17417411506175995 -0.4443092942237854 0.5479547381401062 -0.6762726306915283 -0.0714556872844696 0.512841522693634 0.523968517780304 0.15698331594467163 -0.44324979186058044 0.5384001135826111 -0.6806820631027222 -0.10872569680213928 0.4777938425540924 0.5445767045021057
0.0770217701792717 -0.3671422004699707 0.5530526638031006 0.3130767221660106 -0.39076940660603626 -0.31691323457995485 0.8055111488257105 0.1904459297657013 -0.4157605469226837 0.5765669345855713 0.7961291760207911 -0.4797944697739022 0.016335361774375626 -0.36838682896638003 0.1950780153274536 -0.44697603583335876 0.5914500951766968 -0.23556722146668327 0.2814785410341258 0.16319306827577887 0.9157761669346319 0.19115929305553436 -0.45039016008377075 0.5672785043716431 -0.1272222602846169 0.28548436615165523 0.2993780331730874 0.90149100282584 0.1741209179162979 -0.44418928027153015 0.5480748414993286 -0.10944665061403584 0.3119399590282431 0.41382288673324874 0.8482131481083806 0.15694443881511688 -0.4432050585746765 0.5384957194328308 -0.09797674143656741 0.2607986805877693 0.4153936634364974 0.8659288469824041
0.07651516795158386 -0.36757203936576843 0.5524035692214966 0.3146487817206589 -0.392519457184304 -0.31437248435970394 0.8050432520312962 0.18999096751213074 -0.4157380163669586 0.5765851736068726 -0.3022000479745912 0.32469502185678323 -0.35011372305134236 0.8250264936297482 0.1946801096200943 -0.44689399003982544 0.5914490818977356 0.480420587691319 0.31332312863361217 -0.08066016906511629 0.8151801348673179 0.19093678891658783 -0.45022034645080566 0.5671496391296387 0.5462216354012069 0.4134157164828491 0.012793839481799704 0.7283994268535918 0.17394104599952698 -0.44423630833625793 0.5480082035064697 0.5210761858018601 0.5122704332744235 0.07481066010043101 0.6785735523833744 0.1568274199962616 -0.44333457946777344 0.5383310317993164 0.5416988389082578 0.4771003649446526 0.11203635265699735 0.682924238519839
0.07651516795158386 -0.36757203936576843 0.5524035692214966 0.3146487817206589 -0.392519457184304 -0.31437248435970394 0.8050432520312962 0.18999096751213074 -0.4157380163669586 0.5765851736068726 -0.3022000479745912 0.32469502185678323 -0.35011372305134236 0.8250264936297482 0.1946801096200943 -0.44689399003982544 0.5914490818977356 0.480420587691319 0.31332312863361217 -0.08066016906511629 0.8151801348673179 0.19093678891658783 -0.45022034645080566 0.5671496391296387 0.5462216354012069 0.4134157164828491 0.012793839481799704 0.7283994268535918 0.17394104599952698 -0.44423630833625793 0.5480082035064697 0.5210761858018601 0.5122704332744235 0.07481066010043101 0.6785735523833744 0.1568274199962616 -0.44333457946777344 0.5383310317993164 0.5416988389082578 0.4771003649446526 0.11203635265699735 0.682924238519839
0.07651516795158386 -0.36757203936576843 0.5524035692214966 0.3146487817206589 -0.392519457184304 -0.31437248435970394 0.8050432520312962 0.18999096751213074 -0.4157380163669586 0.5765851736068726 0.7970695260773586 -0.4771618185500797 0.017973735193411337 -0.3696941384714683 0.1946801096200943 -0.44689399003982544 0.5914490818977356 -0.2367107624829325 0.2785882516517478 0.16451755063960352 0.9161280492775329 0.19093678891658783 -0.45022034645080566 0.5671496391296387 -0.1288191656898295 0.2832824384041191 0.3013756592341219 0.9012931900433936 0.17394104599952698 -0.44423630833625793 0.5480082035064697 -0.11136748408556725 0.3093307547428305 0.41512899892777244 0.8482804517082889 0.1568274199962616 -0.44333457946777344 0.5383310317993164 -0.0998614545928053 0.25813923029298935 0.4165825545663372 0.8659392744804612
0.07651516795158386 -0.36757203936576843 0.5524035692214966 0.3146487817206589 -0.392519457184304 -0.31437248435970394 0.8050432520312962 0.18999096751213074 -0.4157380163669586 0.5765851736068726 0.7970695260773586 -0.4771618185500797 0.017973735193411337 -0.3696941384714683 0.1946801096200943 -0.44689399003982544 0.5914490818977356 -0.2367107624829325 0.2785882516517478 0.16451755063960352 0.9161280492775329 0.19093678891658783 -0.45022034645080566 0.5671496391296387 -0.1288191656898295 0.2832824384041191 0.3013756592341219 0.9012931900433936 0.17394104599952698 -0.44423630833625793 0.5480082035064697 -0.11136748408556725 0.3093307547428305 0.41512899892777244 0.8482804517082889 0.1568274199962616 -0.44333457946777344 0.5383310317993164 -0.0998614545928053 0.25813923029298935 0.4165825545663372 0.8659392744804612
0.07651516795158386 -0.36757203936576843 0.5524035692214966 0.3146487817206589 -0.392519457184304 -0.31437248435970394 0.8050432520312962 0.18999096751213074 -0.4157380163669586 0.5765851736068726 0.3696941384714683 -0.017973735193411337 -0.4771618185500797 0.7970695260773586 0.1946801096200943 -0.44689399003982544 0.5914490818977356 0.9161280492775329 0.16451755063960352 -0.2785882516517478 0.2367107624829325 0.19093678891658783 -0.45022034645080566 0.5671496391296387 0.9012931900433936 0.3013756592341219 -0.2832824384041191 0.1288191656898295 0.17394104599952698 -0.44423630833625793 0.5480082035064697 0.8482804517082889 0.41512899892777244 -0.3093307547428305 0.11136748408556725 0.1568274199962616 -0.44333457946777344 0.5383310317993164 0.8659392744804612 0.4165825545663372 -0.25813923029298935 0.0998614545928053
0.07684089243412018 -0.36826327443122864 0.5513392686843872 0.3233803407399423 -0.3838624831643133 -0.3254541650793881 0.801345314343222 0.19070205092430115 -0.4178661108016968 0.5729856491088867 0.8298349036864208 -0.34317640891170376 -0.3270605043899851 0.2943389835647945 0.19523131847381592 -0.44924890995025635 0.5870952010154724 0.8087139074784955 -0.07837703877205113 -0.31683874345155466 -0.48933840129883716 0.1907888948917389 -0.45281633734703064 0.5625492334365845 -0.719200849533081 -0.011170953512191772 0.4113553762435913 0.5598322749137878 0.1736256182193756 -0.44584935903549194 0.5436097979545593 -0.6688960790634155 -0.07575011253356934 0.5112149715423584 0.5343213081359863 0.1563839614391327 -0.4444659948348999 0.534072756767273 -0.6728718280792236 -0.11229172348976135 0.4761532247066498 0.5548983812332153
0.07662542164325714 -0.36763080954551697 0.5527950525283813 0.3224492667521643 -0.38271087389266845 -0.32820576413245434 0.8011490706564374 0.19034890830516815 -0.4177789092063904 0.573901891708374 0.828610315262276 -0.34419974093006683 -0.32967227130637805 0.293679530340346 0.1948695033788681 -0.4491218030452728 0.588066816329956 0.8081331757127622 -0.08021990147724657 -0.3173144133828628 -0.4896908819349017 0.19023367762565613 -0.45277294516563416 0.5634573698043823 -0.7181426286697388 -0.00854906439781189 0.4111268222332001 0.5614026784896851 0.172994464635849 -0.4456040859222412 0.5445520877838135 -0.6673600673675537 -0.07379552721977234 0.5116684436798096 0.5360785722732544 0.15575341880321503 -0.44417619705200195 0.5350958108901978 -0.6717921495437622 -0.10993430018424988 0.47610437870025635 0.5567175149917603
0.07665721327066422 -0.36715811491012573 0.5532920956611633 0.3216247887096525 -0.3820906019657768 -0.3297216029419625 0.801154129065384 0.1903022825717926 -0.41761428117752075 0.5741010308265686 0.3777358180063779 -0.009718451638946793 -0.4780298895454113 0.7929114623145053 0.1947731375694275 -0.4489714503288269 0.5882463455200195 0.9175949757576253 0.1667493690135669 -0.2825320717048496 0.2244765690216382 0.19006779789924622 -0.45260530710220337 0.563647449016571 0.9048230268927128 0.2957274769456622 -0.2859145524798043 0.10997020245247766 0.17279937863349915 -0.44538551568984985 0.5447875261306763 0.8511297633982097 0.4130089834482904 -0.31076603871164504 0.09179426477628133 0.15554210543632507 -0.4439343214035034 0.5353841781616211 0.8690241410599784 0.4131599927419922 -0.26004306299529967 0.08045786949507591
0.07684943825006485 -0.3664718270301819 0.553645133972168 0.3197939348516118 -0.3816943708125492 -0.3304452847151379 0.801777493913855 0.19049373269081116 -0.41707801818847656 0.5742949843406677 0.7933686443626433 -0.47859435345581003 0.00990577442386169 -0.3760526093063511 0.19490550458431244 -0.44841909408569336 0.588476300239563 -0.22513275812264505 0.284231354925892 0.16583714647620834 0.9170746094917267 0.19012609124183655 -0.4521062672138214 0.5639001727104187 -0.11042791229750543 0.28765016770569146 0.29466331931842354 0.9045643466104635 0.17281880974769592 -0.444900780916214 0.5450697541236877 -0.09199748526472191 0.31255753021486266 0.41193883627776823 0.8509704819090166 0.1555817425251007 -0.44350773096084595 0.5357206463813782 -0.08112891645721458 0.2617134570151319 0.4107828614624676 0.8695870664600297
0.07712218910455704 -0.36530426144599915 0.5546960830688477 0.31788122118550766 -0.38095837189845316 -0.33068194428418907 0.8027899400503992 0.19089551270008087 -0.4158942401409149 0.5751935839653015 0.3740107301715154 -0.010277298835943596 -0.4776902575994755 0.7948725765082925 0.19524036347866058 -0.44723057746887207 0.5893788933753967 0.9163084387336424 0.16546184682569087 -0.28610665266783486 0.2261508447248254 0.19037112593650818 -0.4509873390197754 0.5648316144943237 0.904012308455761 0.2940937042311128 -0.28966061421851264 0.11120898011045904 0.17304721474647522 -0.44401293992996216 0.5461465716362 0.8512132032017625 0.40994855929313023 -0.3142398969173358 0.09290586259659178 0.15581470727920532 -0.4427826404571533 0.5368582010269165 0.8707764803591262 0.4068635697762797 -0.2634053489768404 0.08263159278609869
0.07732342928647995 -0.36506861448287964 0.5553781986236572 0.3140820400051993 -0.3810422521032197 -0.3300659783475953 0.8044971644613643 0.19120478630065918 -0.41555869579315186 0.5759626030921936 0.8253944624514271 -0.3455206706474129 -0.32888322636962314 0.30195241770209164 0.1954781711101532 -0.44681820273399353 0.5903023481369019 0.8091546451309183 -0.08767625522383728 -0.32010065899091666 -0.4848888423999714 0.19052645564079285 -0.45076102018356323 0.5658024549484253 -0.7193475961685181 -0.0003241002559661865 0.41373226046562195 0.5580006241798401 0.17318767309188843 -0.4440961480140686 0.5472287535667419 -0.6696453094482422 -0.0638943612575531 0.5119969844818115 0.5341833829879761 0.15593481063842773 -0.44307324290275574 0.5380135774612427 -0.6771103143692017 -0.09668076038360596 0.47291117906570435 0.5554543137550354
0.07743901014328003 -0.3652077615261078 0.5559450387954712 0.31191355721962477 -0.3812317341621479 -0.32923064408420516 0.805592637230989 0.19138924777507782 -0.41548290848731995 0.5767107009887695 0.3676580173620451 -0.012573142539426827 -0.47666528562604976 0.7984107387152372 0.19569042325019836 -0.4467955231666565 0.5911221504211426 0.9144424370148332 0.16272599562671963 -0.28906353888297925 0.2318568359108185 0.1906941533088684 -0.4508303999900818 0.5666307806968689 0.9028080336460816 0.29188961162922983 -0.29362816906843914 0.11627790465225206 0.1733151525259018 -0.4442472755908966 0.548048734664917 0.8507081810212166 0.40662762658327367 -0.3184583923156336 0.09764204694203196 0.1560518443584442 -0.44329628348350525 0.5388619899749756 0.8711793485034925 0.4021048791230295 -0.2676150354744454 0.08798017491990175
0.07749596983194351 -0.3657073676586151 0.5560835003852844 0.31334760061314393 -0.380760511901613 -0.32923152282315216 0.8052585310972762 0.19149571657180786 -0.4156677722930908 0.5770398378372192 0.36821964727081113 -0.012326099187700638 -0.47615446027450226 0.7984605934710408 0.1958654224872589 -0.44732993841171265 0.5911098122596741 0.9150738733383984 0.16172786039346343 -0.28801979019226004 0.23136216560096676 0.19088880717754364 -0.45128965377807617 0.5665809512138367 0.9033646004562318 0.2912634016727715 -0.29275143829368877 0.11573509175156432 0.17358841001987457 -0.4447491765022278 0.5480176210403442 0.851648355532825 0.4055892332018166 -0.31733727390027006 0.0974139896512795 0.15620192885398865 -0.4436744749546051 0.5388081669807434 0.871200499419794 0.40279767272122813 -0.26686405205185965 0.08687544667413441
0.07774172723293304 -0.3657892346382141 0.5565758943557739 0.3113450007589396 -0.3800112116397067 -0.3299418859558644 0.8060980283742396 0.19164344668388367 -0.41575345396995544 0.5773940086364746 -0.30579441218880177 0.33020448072504766 -0.3467562730397957 0.8229306492786067 0.19595620036125183 -0.44809475541114807 0.5911206007003784 0.48462617141728814 0.3148542029942325 -0.09660553881242634 0.8103528065502061 0.1912420690059662 -0.4518849551677704 0.5669441223144531 0.5562742072773741 0.4089228761147344 -0.0069690335746285985 0.7233895010159934 0.17406386137008667 -0.4454500079154968 0.5484141111373901 0.5335370517722495 0.5067357059512059 0.05631461337898319 0.6748227362317902 0.1562492698431015 -0.44394955039024353 0.5392116904258728 0.5544382269459488 0.47440159631116935 0.09373592213977436 0.677314421737203
0.07793675363063812 -0.36576858162879944 0.5570730566978455 0.3076870664945465 -0.3807229080197719 -0.32948997030002325 0.8073506960906325 0.19173860549926758 -0.4158521592617035 0.5779618620872498 -0.3089363866913991 0.33010682807014724 -0.3484932849714096 0.8210605007086601 0.195814847946167 -0.4490838050842285 0.591580867767334 0.48524204494897816 0.3079968321970073 -0.10806048713346744 0.8111726639470317 0.19163793325424194 -0.45247799158096313 0.5677175521850586 0.5540385200546729 0.4029291347252132 -0.015509818901692228 0.7283194158769619 0.17444315552711487 -0.44600221514701843 0.5493385195732117 0.5319744855252433 0.502199094928446 0.04973049559830334 0.6799459074181504 0.1563386470079422 -0.444253534078598 0.5401420593261719 0.5525369738516482 0.4738983081632428 0.08999436276599881 0.6797236225279345
0.07801112532615662 -0.36598798632621765 0.5572065114974976 0.3045725630780891 -0.3829046246845938 -0.32710067359505457 0.8084705980763872 0.19172048568725586 -0.41594457626342773 0.5786114931106567 0.8006366175863029 -0.47939329194229663 0.015674581239757807 -0.3590506495936005 0.19552741944789886 -0.4504140019416809 0.5921869874000549 -0.23149245716437428 0.295829377867966 0.12434506529874019 0.9183869045012867 0.19206619262695312 -0.45311951637268066 0.5679791569709778 -0.12784984579333564 0.29848494415878946 0.2612215674867568 0.9090238802940325 0.17470593750476837 -0.4460173547267914 0.5501145124435425 -0.10916666893448505 0.32123762137946243 0.38821418772647204 0.8568422966671787 0.1565329134464264 -0.4447094798088074 0.5410179495811462 -0.09332179835910817 0.27294287255889704 0.39546359620302834 0.8720102199465338
0.07744656503200531 -0.36656156182289124 0.5570687055587769 0.30580589044119044 -0.38344976141568826 -0.3259795294137687 0.8081994687397277 0.19161993265151978 -0.4161689579486847 0.5790098905563354 0.8243804229636954 -0.3460878528577793 -0.317988968407705 0.31544128678544053 0.19504418969154358 -0.45176440477371216 0.592012882232666 0.8144631804342348 -0.12856394332702822 -0.28816435369056964 -0.4869110392355122 0.19200962781906128 -0.4542282521724701 0.5672490000724792 -0.7362115383148193 0.03548571467399597 0.38747116923332214 0.553714394569397 0.17426526546478271 -0.44580429792404175 0.5494173765182495 -0.680911660194397 -0.04838630557060242 0.5039094686508179 0.5292384624481201 0.15617069602012634 -0.4452860355377197 0.5407979488372803 -0.6823384761810303 -0.08540120720863342 0.47099366784095764 0.5525267720222473
0.07688745856285095 -0.3664766550064087 0.5571231842041016 0.3064507935853206 -0.3832198498708432 -0.328110704927086 0.8072012415843528 0.1914980113506317 -0.4162999391555786 0.5793323516845703 0.8288443760281454 -0.34224703076338125 -0.3071906759472105 0.31861873481208675 0.1944369375705719 -0.4526154100894928 0.5916767716407776 0.8155035370352058 -0.13420436777336225 -0.281982025466643 -0.4872672321627479 0.19154760241508484 -0.45502808690071106 0.5666326880455017 -0.7385401725769043 0.04292061924934387 0.3805308938026428 0.554898738861084 0.17365798354148865 -0.44600796699523926 0.548790454864502 -0.6813458204269409 -0.04500269889831543 0.5007866621017456 0.5319355726242065 0.15537309646606445 -0.44548317790031433 0.5404062271118164 -0.6815816760063171 -0.08304381370544434 0.46890193223953247 0.5555909276008606
0.07641686499118805 -0.36604923009872437 0.5572178959846497 0.30586875738901104 -0.38367462972945976 -0.3292152695810661 0.806756065126221 0.19117486476898193 -0.4160573184490204 0.5796816945075989 0.3605111006303059 -0.0279492812013515 -0.4544465866722384 0.8140816018671172 0.19386695325374603 -0.4527689218521118 0.5918034315109253 0.9216237110453843 0.09856124736152665 -0.29388971934575764 0.23350425941255443 0.19101986289024353 -0.4551234245300293 0.5666514039039612 0.9157949795649654 0.23323451269211595 -0.29953378316950546 0.13115171521561209 0.17316415905952454 -0.4460696876049042 0.5488256216049194 0.8600047351086817 0.3811886280810787 -0.3222337441452143 0.10607762685573016 0.15464384853839874 -0.4452681243419647 0.5402507781982422 0.8755849400869116 0.38812391741001023 -0.2742393407512995 0.08662333996395652
0.07638289034366608 -0.3659203052520752 0.5574394464492798 0.3038719822548655 -0.3855773201895991 -0.32926421848607984 0.806583582421743 0.19133377075195312 -0.4157090187072754 0.5808667540550232 0.8313428202581185 -0.3414248701616068 -0.29582185675847633 0.32370926459134713 0.1936824470758438 -0.4526451826095581 0.5926569104194641 0.8188308148672887 -0.13872506810866492 -0.27564575427323745 -0.48403614808793155 0.19074362516403198 -0.45513466000556946 0.5673132538795471 -0.7415627241134644 0.04817500710487366 0.3760475814342499 0.5534908771514893 0.17310090363025665 -0.446493923664093 0.5496074557304382 -0.6864553689956665 -0.038421630859375 0.49370869994163513 0.5324985384941101 0.15444615483283997 -0.44556665420532227 0.5408945083618164 -0.6823527216911316 -0.0775526762008667 0.46605509519577026 0.5578288435935974
0.07648205757141113 -0.36590325832366943 0.5576063394546509 0.3019148864548204 -0.38837857222474925 -0.3282003249581076 0.8064080853007796 0.19127827882766724 -0.4151518940925598 0.5822285413742065 0.8287092706195408 -0.34579769690558876 -0.2990986445583615 0.32280794440835214 0.1939963698387146 -0.45207664370536804 0.5944564342498779 0.8241173872469653 -0.13455976658642835 -0.27268102954293955 -0.47787989255016305 0.1906866729259491 -0.4552004337310791 0.5683834552764893 -0.7439647316932678 0.049005091190338135 0.3739601671695709 0.5516057014465332 0.17336145043373108 -0.4469987154006958 0.550666332244873 -0.6915098428726196 -0.03493335843086243 0.48835399746894836 0.5311347842216492 0.15461210906505585 -0.4459433853626251 0.541843831539154 -0.6863240003585815 -0.07512843608856201 0.46240779757499695 0.5563219785690308
0.0767626091837883 -0.36636117100715637 0.5571040511131287 0.30010993817979253 -0.39162959664087404 -0.3260945843938272 0.806363839541211 0.19087855517864227 -0.415226012468338 0.582546591758728 0.8229027921838367 -0.3535136906280045 -0.3107725406280925 0.31824440014193717 0.19420772790908813 -0.45215487480163574 0.595349907875061 0.8273855828775398 -0.13299652321633146 -0.2697327310806278 -0.4743303140128488 0.19091659784317017 -0.455608606338501 0.5690943598747253 -0.7469688653945923 0.049024760723114014 0.37145036458969116 0.5492346286773682 0.17379435896873474 -0.44784003496170044 0.5514025092124939 -0.6963733434677124 -0.033088117837905884 0.4837626814842224 0.5290965437889099 0.15502718091011047 -0.4465765058994293 0.54230135679245 -0.6899858713150024 -0.07438790798187256 0.45994871854782104 0.553925096988678
0.07682160288095474 -0.3653312921524048 0.5576478242874146 0.2984942357463282 -0.39204277705086854 -0.3275036390962801 0.8061916992972614 0.1906440258026123 -0.4144726097583771 0.5830715298652649 -0.31687854976562074 0.3153318092700133 -0.35666482803303806 0.8203316523504727 0.1939851939678192 -0.4515000581741333 0.5959327220916748 0.4739506545963494 0.2691250743344756 -0.13494414100451518 0.8274856800073256 0.19061049818992615 -0.45568084716796875 0.5702083706855774 0.5501138003138687 0.365836671883943 -0.05288098438359895 0.7488271716930414 0.17403697967529297 -0.4484526515007019 0.5525591373443604 0.5305887094170784 0.4727457435185393 0.024807719662668346 0.7031156310382979 0.15513798594474792 -0.4464598000049591 0.5429729223251343 0.5549942998527347 0.45245153914022024 0.06690871893320641 0.6948324853340778
0.0768013745546341 -0.3636241853237152 0.5591213703155518 0.29621519473042857 -0.3914487601735229 -0.33047099946054276 0.8061100346692457 0.1907953917980194 -0.412953644990921 0.5847549438476562 -0.3205354143207165 0.31092625172462246 -0.35644256284575565 0.820689100198199 0.19382786750793457 -0.45039889216423035 0.597711443901062 0.47148815840260877 0.26660885701573606 -0.13646132918312234 0.829455841337771 0.19011977314949036 -0.4564811885356903 0.5726436376571655 0.5520046570475162 0.35168644006258604 -0.06247303810140722 0.7534618459821693 0.17454731464385986 -0.44991737604141235 0.5548176169395447 0.5336267099115737 0.44871684813346 0.0065752272064607195 0.7168350950980404 0.15548288822174072 -0.44738829135894775 0.5447334051132202 0.5583415512050027 0.4284328729748556 0.04512050654590886 0.7089880851453406
0.07689790427684784 -0.3623785376548767 0.5604707598686218 0.2943964101160824 -0.3917440304611555 -0.33213837045007377 0.8059475753376119 0.19109171628952026 -0.411410391330719 0.5868790745735168 -0.32462805377865106 0.3052889078518004 -0.3563587978253805 0.8212330812820429 0.19357602298259735 -0.45014604926109314 0.60035640001297 0.4696474064754911 0.2583680609057645 -0.13873846188008737 0.8327238050031113 0.18999704718589783 -0.45790573954582214 0.576027512550354 0.5515052645808594 0.33141031678672117 -0.07201796730408268 0.762117151645543 0.17522405087947845 -0.45254793763160706 0.5579814314842224 0.5358740135586728 0.4174085460170718 -0.013701023308413732 0.733772130549839 0.1559322476387024 -0.44952091574668884 0.547174334526062 0.5606333222861901 0.39774163035235455 0.020573944607562157 0.7259949179594836
0.07689790427684784 -0.3623785376548767 0.5604707598686218 0.2943964101160824 -0.3917440304611555 -0.33213837045007377 0.8059475753376119 0.19109171628952026 -0.411410391330719 0.5868790745735168 -0.32462805377865106 0.3052889078518004 -0.3563587978253805 0.8212330812820429 0.19357602298259735 -0.45014604926109314 0.60035640001297 0.4696474064754911 0.2583680609057645 -0.13873846188008737 0.8327238050031113 0.18999704718589783 -0.45790573954582214 0.576027512550354 0.5515052645808594 0.33141031678672117 -0.07201796730408268 0.762117151645543 0.17522405087947845 -0.45254793763160706 0.5579814314842224 0.5358740135586728 0.4174085460170718 -0.013701023308413732 0.733772130549839 0.1559322476387024 -0.44952091574668884 0.547174334526062 0.5606333222861901 0.39774163035235455 0.020573944607562157 0.7259949179594836
0.07689790427684784 -0.3623785376548767 0.5604707598686218 0.2943964101160824 -0.3917440304611555 -0.33213837045007377 0.8059475753376119 0.19109171628952026 -0.411410391330719 0.5868790745735168 -0.32462805377865106 0.3052889078518004 -0.3563587978253805 0.8212330812820429 0.19357602298259735 -0.45014604926109314 0.60035640001297 0.4696474064754911 0.2583680609057645 -0.13873846188008737 0.8327238050031113 0.18999704718589783 -0.45790573954582214 0.576027512550354 0.5515052645808594 0.33141031678672117 -0.07201796730408268 0.762117151645543 0.17522405087947845 -0.45254793763160706 0.5579814314842224 0.5358740135586728 0.4174085460170718 -0.013701023308413732 0.733772130549839 0.1559322476387024 -0.44952091574668884 0.547174334526062 0.5606333222861901 0.39774163035235455 0.020573944607562157 0.7259949179594836
0.07689790427684784 -0.3623785376548767 0.5604707598686218 0.2943964101160824 -0.3917440304611555 -0.33213837045007377 0.8059475753376119 0.19109171628952026 -0.411410391330719 0.5868790745735168 -0.32462805377865106 0.3052889078518004 -0.3563587978253805 0.8212330812820429 0.19357602298259735 -0.45014604926109314 0.60035640001297 0.4696474064754911 0.2583680609057645 -0.13873846188008737 0.8327238050031113 0.18999704718589783 -0.45790573954582214 0.576027512550354 0.5515052645808594 0.33141031678672117 -0.07201796730408268 0.762117151645543 0.17522405087947845 -0.45254793763160706 0.5579814314842224 0.5358740135586728 0.4174085460170718 -0.013701023308413732 0.733772130549839 0.1559322476387024 -0.44952091574668884 0.547174334526062 0.5606333222861901 0.39774163035235455 0.020573944607562157 0.7259949179594836
0.07689790427684784 -0.3623785376548767 0.5604707598686218 0.2943964101160824 -0.3917440304611555 -0.33213837045007377 0.8059475753376119 0.19109171628952026 -0.411410391330719 0.5868790745735168 -0.32462805377865106 0.3052889078518004 -0.3563587978253805 0.8212330812820429 0.19357602298259735 -0.45014604926109314 0.60035640001297 0.4696474064754911 0.2583680609057645 -0.13873846188008737 0.8327238050031113 0.18999704718589783 -0.45790573954582214 0.576027512550354 0.5515052645808594 0.33141031678672117 -0.07201796730408268 0.762117151645543 0.17522405087947845 -0.45254793763160706 0.5579814314842224 0.5358740135586728 0.4174085460170718 -0.013701023308413732 0.733772130549839 0.1559322476387024 -0.44952091574668884 0.547174334526062 0.5606333222861901 0.39774163035235455 0.020573944607562157 0.7259949179594836
0.0791863352060318 -0.3501826822757721 0.5615107417106628 0.2636558503128768 -0.4180659793867363 -0.30897537924101987 0.8125519476295715 0.19124281406402588 -0.39619162678718567 0.6006154417991638 -0.35794820807201955 0.2492819090420683 -0.3841640887605948 0.8137257229722779 0.1919824331998825 -0.4375476837158203 0.6170120239257812 0.4403166028446374 0.20745011302142297 -0.15464477329990148 0.8597504214735604 0.19001731276512146 -0.4592795670032501 0.6018925309181213 0.5088071407428841 0.14951660269004005 -0.1561295445471809 0.8332968654895633 0.17963802814483643 -0.4553871154785156 0.5810126066207886 0.4970437148742756 0.23524308875101727 -0.1101107996504477 0.8279395535134492 0.15971699357032776 -0.45091933012008667 0.5652362108230591 0.5240578807472828 0.2354461918842775 -0.08529830232928935 0.81403479536409
0.07959508895874023 -0.3445740342140198 0.5646929740905762 0.2586827080261344 -0.4216109191730841 -0.3057829503758709 0.8135257985614981 0.19206519424915314 -0.39007437229156494 0.6056697368621826 -0.37161212109249947 0.2236003216488379 -0.3788117063267876 0.8175628416345249 0.19178667664527893 -0.4318700134754181 0.6226041316986084 0.43532753565583654 0.19676241824657467 -0.15799943638208777 0.8641820426984541 0.18823446333408356 -0.45765379071235657 0.611303985118866 0.49938547626418256 0.09446252885352352 -0.1785889566487595 0.8424944875063266 0.17829154431819916 -0.4560870826244354 0.5920094847679138 0.48612817701771655 0.16122420981214242 -0.1428979114446438 0.8469157965015238 0.15703338384628296 -0.45347240567207336 0.5747830867767334 0.5185113673344287 0.14957739541488793 -0.14039172444460674 0.8300979892952717
0.08081666380167007 -0.3380982577800751 0.5694011449813843 0.2496477747197663 -0.4267465360545012 -0.30250298185270613 0.8148958896266043 0.19331145286560059 -0.38331249356269836 0.6119364500045776 0.3050142309255967 -0.12166625490471003 -0.4121112321705396 0.8498988464473249 0.19226258993148804 -0.42513543367385864 0.6299523711204529 0.9168007710276285 0.013170385381402291 -0.24703070547867853 0.3134944676875015 0.18689343333244324 -0.45354247093200684 0.6221471428871155 0.9455174113173501 -0.09930312910330237 -0.1750619008304931 0.25590830492931654 0.17591403424739838 -0.4552501440048218 0.6057153940200806 0.941216971711004 -0.05883572562695219 -0.18599881576063326 0.2757778288258959 0.15214946866035461 -0.4554212689399719 0.5880706906318665 0.9497740333950034 -0.10592939807914362 -0.17549022575483494 0.23645611346715262
0.08239980041980743 -0.33168014883995056 0.5736948251724243 0.23833893069137352 -0.4338656010069594 -0.29557432380856297 0.8170624518957352 0.1946837306022644 -0.3758223056793213 0.6182493567466736 0.8126868977588377 -0.37921927225840263 -0.19173510817406011 0.3987110063459133 0.19327975809574127 -0.41737404465675354 0.6377555131912231 0.8776297934369113 -0.17102893979913605 -0.17086618929018746 -0.41390804207210874 0.1865699291229248 -0.4472786486148834 0.6331746578216553 0.8580824857126711 -0.20096723161670427 -0.022315625702961552 -0.4720262012197102 0.17390914261341095 -0.4518885910511017 0.6192212104797363 0.870982720994683 -0.19397159763729732 -0.03134854514956265 -0.4503126089996545 0.14810475707054138 -0.4539451003074646 0.6011909246444702 0.8421066986943115 -0.2399466935379427 0.03610004490008767 -0.4816416509143859
0.08448725193738937 -0.3259035348892212 0.577247142791748 0.2253152611929413 -0.44118169655995626 -0.28745637842333766 0.8197319930175498 0.19634029269218445 -0.36873772740364075 0.623714029788971 0.8059517084018994 -0.384488554358172 -0.18474209324920934 0.41046414146008325 0.1948830783367157 -0.40963515639305115 0.6452186703681946 0.8860903825426467 -0.17489424649709656 -0.1591502306509314 -0.3986565539495567 0.18773490190505981 -0.43989166617393494 0.6429505944252014 0.8679942130051511 -0.20270079016217074 -0.0018149015298653303 -0.45331563040330725 0.17381855845451355 -0.44696301221847534 0.6303895115852356 0.8791548382021948 -0.2086358877032138 0.012045993896293487 -0.4282671033721233 0.14845192432403564 -0.44943803548812866 0.6110345721244812 0.8459669295693261 -0.26129815155027564 0.08538015243188703 -0.45691734854222604
0.08639095723628998 -0.3206477463245392 0.5815901756286621 0.21926919179463703 -0.44763140020489545 -0.2783526550479081 0.8210158140785464 0.19804343581199646 -0.36167749762535095 0.6300467848777771 0.8036470649131563 -0.3857483440642092 -0.1753100235342361 0.41787083829387484 0.19642877578735352 -0.40234094858169556 0.6531621217727661 0.8927165071090315 -0.17254972842063915 -0.14848235580112046 -0.38889179499548904 0.18917027115821838 -0.4327484965324402 0.6523890495300293 0.8750156852754506 -0.19879442243146034 0.014948680838802561 -0.4411404086189476 0.1744711995124817 -0.4414878487586975 0.6405878663063049 0.8839822516477075 -0.2139632080427185 0.044432654449372826 -0.41330480084916305 0.1502964347600937 -0.4440881609916687 0.6196678280830383 0.8485081874590817 -0.26835982634923017 0.11569208606640907 -0.4411714343897232
0.08843250572681427 -0.3156750500202179 0.5865819454193115 0.21638991012902165 -0.4535375253024793 -0.26792812439332436 0.8220058651379452 0.19981259107589722 -0.355143666267395 0.6365604400634766 0.8029557214155292 -0.3862916650581755 -0.1684259229186906 0.4215134514720508 0.1983998864889145 -0.39490509033203125 0.6613410115242004 0.8985231577136171 -0.16657475633776725 -0.1405062610540189 -0.3810078729687735 0.1910853534936905 -0.4256466329097748 0.661461353302002 0.8797567636794157 -0.19237340471898892 0.026924417787846388 -0.4339304190329076 0.1763858199119568 -0.4350467324256897 0.6501516103744507 0.888318235938554 -0.21097844950817438 0.06373070214164016 -0.40288609479625126 0.15275819599628448 -0.43841490149497986 0.6283583045005798 0.8507174031899435 -0.26828616777056824 0.13777103938493776 -0.430489848616152
0.09077055007219315 -0.31143268942832947 0.5916080474853516 0.2140088757226519 -0.45971535812161646 -0.2553052458906258 0.8232140279743535 0.20165908336639404 -0.3497888147830963 0.6426383256912231 0.268669486924752 -0.15730403883109534 -0.39111837323240145 0.8660823449567421 0.2009836733341217 -0.3873400092124939 0.6693240404129028 0.9027512021176256 -0.015448412216286967 -0.2079135913175734 0.37626267650034934 0.19361567497253418 -0.41851353645324707 0.6708216667175293 0.9272635535755778 -0.1556394025869268 -0.1027676545390196 0.32464983259606317 0.1791045367717743 -0.4282815754413605 0.6598220467567444 0.91010793804236 -0.19731895261009533 -0.08837840537688132 0.353494080427667 0.15630966424942017 -0.43249791860580444 0.6368507742881775 0.9042377325255132 -0.287961382950293 -0.07914888535512292 0.30523406647937146
0.09325886517763138 -0.3060184717178345 0.5974165201187134 0.21312004983518104 -0.4653875374936853 -0.2404113187851749 0.824740384474831 0.20384818315505981 -0.3415164649486542 0.6505231857299805 0.8035907303849706 -0.38540738079870496 -0.15520861446406145 0.4261611916128113 0.20384569466114044 -0.37785184383392334 0.6783157587051392 0.9105634594617202 -0.1467872575292595 -0.13146548109902098 -0.363379303420409 0.19697579741477966 -0.4094077944755554 0.680569052696228 0.8910579952494747 -0.1697330423213404 0.04410222038559147 -0.4186422399467371 0.18282181024551392 -0.4196665585041046 0.6694954037666321 0.8986987868661294 -0.18927577556990474 0.08426819928289848 -0.386541136716321 0.16041535139083862 -0.42510685324668884 0.6464075446128845 0.8595590301122407 -0.24987715841420685 0.1606310437480789 -0.4158332507655327
0.09580815583467484 -0.300288587808609 0.603528618812561 0.21355614195432068 -0.4696749804936941 -0.2239214053679338 0.8268364040891522 0.20573949813842773 -0.33217519521713257 0.6597133874893188 0.8060759334271277 -0.3832000480541549 -0.14016100715036295 0.428665606661754 0.20683133602142334 -0.36741191148757935 0.6876764893531799 0.9165551394551918 -0.13323283584912035 -0.12747764959997365 -0.35485933268141573 0.20090119540691376 -0.39930087327957153 0.6900290250778198 0.8966804742343738 -0.15368705051696546 0.04559088359642997 -0.41263293747418817 0.18746334314346313 -0.41012075543403625 0.6787526607513428 0.9041387505235907 -0.17386587638602546 0.08633616151406306 -0.3805914995044592 0.16471260786056519 -0.4174163341522217 0.6565079092979431 0.8622934530828514 -0.24255154345324634 0.1805338025668074 -0.40623430771762914
0.09827996045351028 -0.2955722510814667 0.60919189453125 0.2093370452443192 -0.4710677627264355 -0.20786007202275827 0.8313045916247934 0.20768627524375916 -0.3229650557041168 0.6689718961715698 0.8068277586582564 -0.379698733533151 -0.11906315143598376 0.4366713623735461 0.20993652939796448 -0.3572483956813812 0.6959185004234314 0.9220341186437261 -0.12064352968597081 -0.1311725265669071 -0.34364516502986603 0.2053096890449524 -0.38915035128593445 0.6982207894325256 0.9039201933477481 -0.13728482137162085 0.035432027354297 -0.4035167276170476 0.19226709008216858 -0.4012705683708191 0.6873401999473572 0.910638605954391 -0.16134163114195557 0.08528472153788454 -0.37071918009505395 0.1682942807674408 -0.4113653004169464 0.6662431359291077 0.8610420154159906 -0.24684846610182345 0.20900777159241418 -0.39241335128146465
0.10052566230297089 -0.2902061939239502 0.6169624924659729 0.21292665162152027 -0.47414925055715273 -0.1914215778466412 0.8325878566620338 0.2095225751399994 -0.31213101744651794 0.6805561184883118 0.8121434463660833 -0.36864563212062035 -0.09314839403564144 0.4425459252279856 0.21247681975364685 -0.346851110458374 0.7060474753379822 0.9258441857022904 -0.10456354175973567 -0.13268441913531928 -0.33804419081154735 0.20902955532073975 -0.378851056098938 0.7084460854530334 0.9083643870079461 -0.11841328096080396 0.03086771369198605 -0.39987454701645403 0.1968783140182495 -0.3918919563293457 0.6971904635429382 0.9147656994464386 -0.14431192626169495 0.08340635639813367 -0.3679962106696803 0.172979936003685 -0.4037795960903168 0.6759727001190186 0.8620566683491335 -0.2367244508776588 0.2157017152019977 -0.39280093172997127
0.1029711365699768 -0.2842799425125122 0.6254774332046509 0.22411540203544994 -0.47879215984764023 -0.17320217571573365 0.8309821423321155 0.21111229062080383 -0.30075889825820923 0.6923704147338867 0.268085507792161 -0.19992961785322882 -0.30378362193733066 0.8921175861200933 0.214736670255661 -0.3361212909221649 0.7173119783401489 0.8952628452830227 0.03228383291194732 -0.1506727296376766 0.41804296919775585 0.21275393664836884 -0.3680950403213501 0.7193291783332825 0.9276541648862444 -0.0889722389645974 -0.046448534687951376 0.35970018112904695 0.20197652280330658 -0.381593257188797 0.7071609497070312 0.9111567614486114 -0.14188797725263447 -0.029737615252245962 0.38571600274973883 0.17908132076263428 -0.39469894766807556 0.6856030225753784 0.8949573384184042 -0.30122461555253405 -0.001742445570778411 0.32910798849990613
0.10524485260248184 -0.27762410044670105 0.6348738074302673 0.23590651001540902 -0.48149028047091547 -0.15507330410428138 0.8297393899905995 0.2123032808303833 -0.28940948843955994 0.7040635347366333 0.8280486626743451 -0.34586828269393116 -0.061848520020781145 0.43690421321270123 0.21703386306762695 -0.3245782256126404 0.7290056943893433 0.9309162076638048 -0.062064020657974735 -0.12801168618134254 -0.3363867934827597 0.216978520154953 -0.3560922145843506 0.730121374130249 0.912093290541552 -0.07253011991175694 0.023189633861075615 -0.4028491637005545 0.20699092745780945 -0.3703290820121765 0.7177161574363708 0.9187587121210338 -0.09845725107396244 0.07373763924555857 -0.37516845817815875 0.1857571303844452 -0.3842645585536957 0.695338785648346 0.8704790351400646 -0.18923198145361572 0.19883379746525573 -0.40856162466928736
0.10720087587833405 -0.2702842950820923 0.6449377536773682 0.2456665458541431 -0.482991272247945 -0.1368588276814205 0.8292388506046104 0.2131846845149994 -0.2777414619922638 0.7157343029975891 0.2837003361404397 -0.19952651181857214 -0.27715378322233425 0.8960408079192235 0.2194252610206604 -0.311897337436676 0.7403694987297058 0.8948628254724517 0.06403908141111107 -0.12292838685670968 0.4242736580867678 0.22143837809562683 -0.3424551486968994 0.7407913208007812 0.9302976421662165 -0.040904414353315585 -0.028567799307025344 0.36339653601183153 0.21184983849525452 -0.3577854633331299 0.7287294268608093 0.9175566298719777 -0.09903081534560883 -0.00820045951444104 0.38498762667850256 0.19197621941566467 -0.3724178969860077 0.7058787941932678 0.9135240147873382 -0.2426323773045831 0.012840670075282853 0.3262492159152253
0.10720087587833405 -0.2702842950820923 0.6449377536773682 0.2456665458541431 -0.482991272247945 -0.1368588276814205 0.8292388506046104 0.2131846845149994 -0.2777414619922638 0.7157343029975891 0.8342029496013385 -0.33706389537413184 -0.054890774296369085 0.43299013376518614 0.2194252610206604 -0.311897337436676 0.7403694987297058 0.9327703514537098 -0.04164102762740935 -0.13220596596710238 -0.3327567946673996 0.22143837809562683 -0.3424551486968994 0.7407913208007812 0.9147799164962397 -0.04912427627411697 0.008723304669465979 -0.40085964001357616 0.21184983849525452 -0.3577854633331299 0.7287294268608093 0.9210378787947915 -0.07582396054548539 0.06422675964510735 -0.3765831483267676 0.19197621941566467 -0.3724178969860077 0.7058787941932678 0.8766520513064299 -0.16248728146637298 0.18064673202180434 -0.41526601065381363
0.1117447018623352 -0.25572142004966736 0.6629301905632019 0.25744973594283255 -0.48805044149990245 -0.09833490459362115 0.8281646102603238 0.21535471081733704 -0.2542857825756073 0.7370244264602661 0.8423377094102152 -0.31796193807471507 -0.03072311050284979 0.4340777490617573 0.2238585203886032 -0.2859506905078888 0.7613097429275513 0.9375501833583533 -0.0028053820245494735 -0.14176651892183684 -0.3176382196742105 0.22892627120018005 -0.31465572118759155 0.7617952227592468 0.9210858302140646 -0.005623132016617299 -0.01242028182568118 -0.38912081899642015 0.2203647494316101 -0.33185598254203796 0.7506714463233948 0.9267372828564592 -0.03272053689905629 0.05144350373054183 -0.37073029113543365 0.20259691774845123 -0.3477272689342499 0.7273637056350708 0.8886359788129116 -0.10887077624611743 0.15055412294486945 -0.41929311229810023
0.1117447018623352 -0.25572142004966736 0.6629301905632019 0.25744973594283255 -0.48805044149990245 -0.09833490459362115 0.8281646102603238 0.21535471081733704 -0.2542857825756073 0.7370244264602661 0.9025620240493939 -0.24655755935081888 0.20310852032749468 -0.2886833916631453 0.2238585203886032 -0.2859506905078888 0.7613097429275513 -0.43834395382707314 0.10222777134733471 0.0982603620475992 0.8875522312235433 0.22892627120018005 -0.31465572118759155 0.7617952227592468 -0.3761560677015192 0.012758620253595332 0.0048063107114100796 0.9264560060319147 0.2203647494316101 -0.33185598254203796 0.7506714463233948 -0.39315631926699895 -0.013239136631018205 -0.05951296305455282 0.9174481178664984 0.20259691774845123 -0.3477272689342499 0.7273637056350708 -0.33187552719448177 -0.02947457685982492 -0.1834411038494183 0.9248455281179235
0.11469664424657822 -0.24257583916187286 0.6775350570678711 0.2693165108479124 -0.4926229171863923 -0.061702367569160296 0.8252175861507705 0.21581536531448364 -0.23513619601726532 0.7533538937568665 -0.43204523512153564 0.011980340267223596 -0.3018208540473104 0.8497632470645972 0.22591723501682281 -0.2623143196105957 0.7776976823806763 0.3028087372276288 0.15916726278748905 0.036226183826044 0.9389676879251313 0.2333701252937317 -0.28913614153862 0.7788968682289124 0.3778386885786309 0.031785504491167696 0.03489318650450445 0.9246675543052545 0.2261846959590912 -0.30719777941703796 0.7676897048950195 0.36756089473847603 -0.023451639392441714 0.011253713693124532 0.9296355964805422 0.21070240437984467 -0.32269537448883057 0.7444127798080444 0.42148582031854204 -0.09570011697409701 -0.04600930310497554 0.9005966593542856
0.11469664424657822 -0.24257583916187286 0.6775350570678711 0.2693165108479124 -0.4926229171863923 -0.061702367569160296 0.8252175861507705 0.21581536531448364 -0.23513619601726532 0.7533538937568665 -0.43204523512153564 0.011980340267223596 -0.3018208540473104 0.8497632470645972 0.22591723501682281 -0.2623143196105957 0.7776976823806763 0.3028087372276288 0.15916726278748905 0.036226183826044 0.9389676879251313 0.2333701252937317 -0.28913614153862 0.7788968682289124 0.3778386885786309 0.031785504491167696 0.03489318650450445 0.9246675543052545 0.2261846959590912 -0.30719777941703796 0.7676897048950195 0.36756089473847603 -0.023451639392441714 0.011253713693124532 0.9296355964805422 0.21070240437984467 -0.32269537448883057 0.7444127798080444 0.42148582031854204 -0.09570011697409701 -0.04600930310497554 0.9005966593542856
0.11469664424657822 -0.24257583916187286 0.6775350570678711 0.2693165108479124 -0.4926229171863923 -0.061702367569160296 0.8252175861507705 0.21581536531448364 -0.23513619601726532 0.7533538937568665 0.9063754666489188 -0.22189094847373983 0.20494818908916054 -0.29537124651464686 0.22591723501682281 -0.2623143196105957 0.7776976823806763 -0.44983231030437576 0.08693246995205188 0.13816403003820815 0.8780685300062531 0.2333701252937317 -0.28913614153862 0.7788968682289124 -0.3866664077262013 -0.0021974629752894003 0.04714895348846439 0.921010993317797 0.2261846959590912 -0.30719777941703796 0.7676897048950195 -0.39744681930827364 -0.024540391431319718 -0.008625236302116531 0.9172564411547495 0.21070240437984467 -0.32269537448883057 0.7444127798080444 -0.3387825279334179 -0.03513671105426119 -0.10020369076867612 0.9348534846703032
0.11469664424657822 -0.24257583916187286 0.6775350570678711 0.2693165108479124 -0.4926229171863923 -0.061702367569160296 0.8252175861507705 0.21581536531448364 -0.23513619601726532 0.7533538937568665 0.8497632470645972 -0.3018208540473104 -0.011980340267223596 0.43204523512153564 0.22591723501682281 -0.2623143196105957 0.7776976823806763 0.9389676879251313 0.036226183826044 -0.15916726278748905 -0.3028087372276288 0.2333701252937317 -0.28913614153862 0.7788968682289124 0.9246675543052545 0.03489318650450445 -0.031785504491167696 -0.3778386885786309 0.2261846959590912 -0.30719777941703796 0.7676897048950195 0.9296355964805422 0.011253713693124532 0.023451639392441714 -0.36756089473847603 0.21070240437984467 -0.32269537448883057 0.7444127798080444 0.9005966593542856 -0.04600930310497554 0.09570011697409701 -0.42148582031854204
0.11469664424657822 -0.24257583916187286 0.6775350570678711 0.2693165108479124 -0.4926229171863923 -0.061702367569160296 0.8252175861507705 0.21581536531448364 -0.23513619601726532 0.7533538937568665 0.9063754666489188 -0.22189094847373983 0.20494818908916054 -0.29537124651464686 0.22591723501682281 -0.2623143196105957 0.7776976823806763 -0.44983231030437576 0.08693246995205188 0.13816403003820815 0.8780685300062531 0.2333701252937317 -0.28913614153862 0.7788968682289124 -0.3866664077262013 -0.0021974629752894003 0.04714895348846439 0.921010993317797 0.2261846959590912 -0.30719777941703796 0.7676897048950195 -0.39744681930827364 -0.024540391431319718 -0.008625236302116531 0.9172564411547495 0.21070240437984467 -0.32269537448883057 0.7444127798080444 -0.3387825279334179 -0.03513671105426119 -0.10020369076867612 0.9348534846703032
0.11568662524223328 -0.23533572256565094 0.6849542856216431 0.27536482700329307 -0.4942996696050316 -0.043971003828783876 0.8233520661292258 0.21544970571994781 -0.22413596510887146 0.7620788812637329 0.297340222548671 -0.20750622671729574 -0.20310710701776952 0.9095479706792966 0.2259705662727356 -0.2505338191986084 0.7867112755775452 0.8740740201978743 0.1530087513823891 -0.0750488763042889 0.4549182665724791 0.23439347743988037 -0.2769244611263275 0.7881852984428406 0.9186262668352833 0.06125471199513692 0.014248037087020184 0.39009054384250824 0.22783447802066803 -0.29537415504455566 0.777209460735321 0.915892659656272 0.005159354011907452 0.03737166496043829 0.39964659403100217 0.21258077025413513 -0.3127330243587494 0.7550366520881653 0.932948923755148 -0.10718628090269133 0.05609730088315395 0.33907306938486037
0.12641285359859467 -0.20511533319950104 0.7092743515968323 0.2803465294550372 -0.5058162512970275 0.03925058478918776 0.814871262761255 0.21777793765068054 -0.17800088226795197 0.7914415597915649 0.918010699112624 -0.1343028757650363 0.22997719427566662 -0.2938190140202057 0.2293817102909088 -0.19862787425518036 0.8171734809875488 -0.49898419937569993 0.02736520113003261 0.22246970993664444 0.837121943743545 0.24139386415481567 -0.2225503921508789 0.8200321197509766 -0.42665935959577755 -0.05335151504790307 0.14943943975491963 0.8903837746256816 0.23884806036949158 -0.2401757538318634 0.8085646629333496 -0.4365644293138732 -0.06878715835878596 0.10670558402052155 0.8906704026877422 0.2264186441898346 -0.2611481547355652 0.7914657592773438 -0.3753965762831725 -0.1152183715942032 -0.027368699769358754 0.9192677048222507
0.12844498455524445 -0.19975344836711884 0.7144007682800293 0.2817705769767192 -0.5083929657764448 0.056153509988783025 0.8117812301161376 0.2176927924156189 -0.16913509368896484 0.7975428700447083 0.29192650705819795 -0.2347266122265186 -0.11685241254752807 0.9197977246984764 0.22948698699474335 -0.18924763798713684 0.8236352801322937 0.830739112978095 0.23040764160611862 -0.015286808655234565 0.506508777290625 0.24214774370193481 -0.21270640194416046 0.8269572257995605 0.8847506972384999 0.15916013023253336 0.06538467407066621 0.43313868394278915 0.24040205776691437 -0.2301642894744873 0.8154879808425903 0.8845086503037964 0.11903113880703592 0.0802973214362558 0.4438787796596179 0.2290855050086975 -0.2507580518722534 0.7983874082565308 0.9140782083310547 -0.0039623517037122484 0.12565159977444562 0.38556064303856175
0.1307578682899475 -0.1955634355545044 0.7178865671157837 0.2857165991858924 -0.5085414819032001 0.07297905669559734 0.808965750601762 0.2179233729839325 -0.1615634560585022 0.8017171621322632 0.8578509336728438 -0.23637458008640685 0.10213821835401787 0.4447320572989796 0.2299632877111435 -0.1810804009437561 0.8274155855178833 0.9439321512238142 0.1718421324826792 -0.1786955641231679 -0.21801439491490904 0.24341636896133423 -0.2030114233493805 0.8310569524765015 0.931906688702833 0.18270237120961863 -0.07481296240315984 -0.30425771532283447 0.24254603683948517 -0.22076275944709778 0.8196032643318176 0.9397685655864805 0.16466632260997105 -0.037510692562110384 -0.29717501592984036 0.2321605682373047 -0.24060609936714172 0.8029947280883789 0.9243325204461338 0.12111925804383782 0.07328371537590227 -0.35435717495112673
0.13259582221508026 -0.19024969637393951 0.7234176993370056 0.290379717261033 -0.511009711004722 0.09296952107217518 0.8036824438593928 0.21645838022232056 -0.1525346338748932 0.8086687922477722 0.859473179983067 -0.22670781647159682 0.11993661714325003 0.4421818233623352 0.22863706946372986 -0.17116256058216095 0.8346297740936279 0.9429409688885413 0.19454834192648898 -0.1763102413963674 -0.2047632982778775 0.24291297793388367 -0.19178110361099243 0.8381948471069336 0.9306926492015097 0.20896071420131468 -0.08052513493278578 -0.28924445773631935 0.24340209364891052 -0.20970052480697632 0.8265353441238403 0.9389933846461922 0.18936018553843026 -0.043515908951 -0.28379662940297423 0.23383282124996185 -0.23060669004917145 0.8108802437782288 0.9242854583721033 0.14657493543207586 0.0744837331078802 -0.34447698754654155
0.13451649248600006 -0.18502220511436462 0.7290154695510864 0.2946457920990851 -0.5134345394351311 0.11159572225462513 0.7981949887139328 0.21523898839950562 -0.14403390884399414 0.8153336048126221 -0.43987994289905175 -0.1329616902277773 -0.2185416761307924 0.8608521463220237 0.22759896516799927 -0.16179949045181274 0.8417219519615173 0.19435494392537034 0.17202796700925874 0.213010140472218 0.9419443842560983 0.24274525046348572 -0.18192794919013977 0.8454933166503906 0.28127080405839555 0.07858903017941214 0.22727802560448152 0.9290076426924783 0.24423713982105255 -0.19963279366493225 0.8336846232414246 0.27563684937423605 0.044310743398203865 0.20859796350990498 0.9373087786402506 0.23541128635406494 -0.22163230180740356 0.8187715411186218 0.3410304539272838 -0.08115095806055594 0.16437609800533393 0.9220050044991556
0.13752113282680511 -0.18216311931610107 0.7328707575798035 0.2973582912000997 -0.5168156396818658 0.12537869260306897 0.7929437508808433 0.21346698701381683 -0.13693767786026 0.8221617937088013 0.9164810872423838 -0.02427018965407991 0.266463921627809 -0.2974397067968228 0.2280581295490265 -0.15625286102294922 0.8465967774391174 -0.5355971924680569 -0.043534439355412874 0.27837952788020043 0.7960811787245506 0.24428167939186096 -0.1751692295074463 0.8489723205566406 -0.4651643026356561 -0.10891877931034505 0.23495824612367722 0.8464948303357918 0.24652811884880066 -0.1930881142616272 0.837714433670044 -0.4736899831230835 -0.12325005823498549 0.19378629846800433 0.8502200317420332 0.23826029896736145 -0.2184673547744751 0.8243230581283569 -0.4006373839940556 -0.18877308211259594 0.04480264856053053 0.8954591790410785
0.13860678672790527 -0.17607641220092773 0.7380574941635132 0.31185598240916235 -0.5106718117656651 0.13588223322978338 0.7896177500418091 0.21223704516887665 -0.1287868469953537 0.828220546245575 0.8637366189028534 -0.18815201368021708 0.18665447655752496 0.4286234426854737 0.22879916429519653 -0.14862968027591705 0.8514947295188904 0.9362286982450418 0.245609536003618 -0.16810409202236834 -0.18679616930452875 0.24565282464027405 -0.16676180064678192 0.8531820774078369 0.9208224681360488 0.2615361009521018 -0.09819996709384467 -0.2721059121987411 0.24855826795101166 -0.18459053337574005 0.8419116139411926 0.9303005515894847 0.24151061069963467 -0.05521688858335177 -0.27048958562838504 0.24125735461711884 -0.21037639677524567 0.8281406760215759 0.9110895504035778 0.17955417401296098 0.09487771005245405 -0.3587120963262619
0.13997943699359894 -0.1699851155281067 0.7433860301971436 0.3213824614958133 -0.5074263787703674 0.14649718932282949 0.7859836853045452 0.21234621107578278 -0.12184871733188629 0.8333564400672913 0.868500889952071 -0.17932082420073875 0.18813952569928352 0.4220826907699088 0.22939923405647278 -0.14084838330745697 0.8568064570426941 0.9324259301759452 0.2596743233900722 -0.16831607450081396 -0.18660343606379715 0.24658353626728058 -0.15840622782707214 0.8585489392280579 0.91636427061766 0.2762895649790539 -0.09983498310768132 -0.27198086422214424 0.25005850195884705 -0.1760837733745575 0.8471702337265015 0.9260952201449644 0.2563106460818593 -0.056903036241093365 -0.2709511249060167 0.24362921714782715 -0.2021951675415039 0.8331984281539917 0.9071005918168835 0.1927441287307864 0.09242343560894058 -0.36259634942384905
0.14262807369232178 -0.16485801339149475 0.7469743490219116 0.3302406615472546 -0.4965000072618716 0.14745113016100092 0.7891051896354455 0.21640385687351227 -0.11697662621736526 0.8349681496620178 0.8749194225862131 -0.17191263874829982 0.17428579765815366 0.41783549996454694 0.23450183868408203 -0.13534072041511536 0.8581864237785339 0.9280489123256587 0.2650882719179824 -0.17803056815455107 -0.19172512178899834 0.2515393793582916 -0.15231935679912567 0.8597293496131897 0.9122176754145652 0.28308658699427325 -0.110041357464181 -0.2749760334272359 0.2551262378692627 -0.17002369463443756 0.8483127951622009 0.9227482613580134 0.2622428682926722 -0.06472364439146579 -0.2749093612151129 0.24865791201591492 -0.19593918323516846 0.8344332575798035 0.9057551473242379 0.19868791430537305 0.08498178562388335 -0.36456663016780605
0.14475476741790771 -0.16154977679252625 0.7508144974708557 0.34029395336921436 -0.487980975404288 0.15607887941625123 0.7884884256835032 0.21778476238250732 -0.11186686903238297 0.8381087779998779 0.32970476259379294 -0.23465976091125884 0.010495451117232628 0.9143956849745999 0.23713912069797516 -0.13026908040046692 0.8612643480300903 0.7899205548250128 0.3245882850798801 0.06786394932009053 0.5158124142208126 0.25440657138824463 -0.14640116691589355 0.8625118732452393 0.8359759365410605 0.2922161715637872 0.12726054682528992 0.44671994217892935 0.2582096755504608 -0.16436992585659027 0.851624071598053 0.8455406473339417 0.24056283674231588 0.14792384290531047 0.45311049737648473 0.25217896699905396 -0.188947394490242 0.8369081020355225 0.8938815302639996 0.10814068155310783 0.20281582400289105 0.38489889512629566
0.1472766101360321 -0.15817350149154663 0.7547059059143066 0.34824345741677754 -0.48157720472891713 0.16508633479463175 0.7871190628491433 0.21939758956432343 -0.10701200366020203 0.841472327709198 0.883980234734972 -0.14882109233559798 0.17011163398130869 0.409259426983852 0.23952658474445343 -0.1249161884188652 0.8648831844329834 0.9193329486903477 0.28898624604779355 -0.18329993536745132 -0.19420356243232995 0.25720542669296265 -0.14065447449684143 0.8660196661949158 0.9026083743073217 0.3074012765931431 -0.11952399731480408 -0.2766163411411104 0.2611755132675171 -0.15878280997276306 0.8555387258529663 0.9142321872303124 0.2853215843291901 -0.06487688151165301 -0.2802893426170595 0.25580164790153503 -0.1826048493385315 0.8397353887557983 0.9014777940935161 0.2350003329827633 0.05121173414678186 -0.35984721962325855
0.15148517489433289 -0.15663014352321625 0.7582497596740723 0.36426076313908573 -0.4669243314014617 0.17172540819267706 0.7872776432673021 0.22404679656028748 -0.10440163314342499 0.8436594605445862 0.8917052484420815 -0.13012805962555762 0.16367993238569228 0.4014191447152933 0.24596688151359558 -0.12284041196107864 0.8679823875427246 0.9139104667986855 0.29945358961894825 -0.1770221339521336 -0.20918510184927458 0.26426374912261963 -0.1386820524930954 0.8694407939910889 0.8967329525279114 0.31282304804911154 -0.10553951998632602 -0.2947425160257391 0.2677474021911621 -0.15562766790390015 0.8577911853790283 0.9071025696833923 0.2951747630438456 -0.06214429133599286 -0.29355554334322115 0.2625526785850525 -0.17748130857944489 0.8398081660270691 0.8957145185507374 0.2523207672538819 0.023626387194661768 -0.36533755180553884
0.15416231751441956 -0.15345966815948486 0.7626067399978638 0.37341414494916614 -0.45313738729528125 0.17521081122192142 0.7902718445283619 0.2272762656211853 -0.09892776608467102 0.8470626473426819 0.8923532734923132 -0.1064198342319503 0.1762813225701151 0.4016283853095953 0.25076422095298767 -0.11968821287155151 0.873073935508728 0.9130797558773927 0.30110772874975195 -0.15590242746804403 -0.22652576435551586 0.2693462669849396 -0.13560837507247925 0.8740427494049072 0.8941189490414021 0.30863010500056237 -0.08351453351369788 -0.31356677071251093 0.27256619930267334 -0.15083596110343933 0.8607504367828369 0.9033336963769941 0.2962733791751601 -0.056549107499959624 -0.3049795920552265 0.2674439549446106 -0.1716502457857132 0.8410168886184692 0.8918769693757712 0.2563182362115157 0.006311938773783035 -0.3725810409361449
0.1571265310049057 -0.15029633045196533 0.7668269872665405 0.380366414024013 -0.4422169020860906 0.1791301962127886 0.7922613040570151 0.2303084135055542 -0.093889981508255 0.8504299521446228 0.8933949644133645 -0.08943807904960664 0.18198343757793772 0.4009093266302785 0.2551358938217163 -0.11584515124559402 0.8772528171539307 0.9111453955696565 0.304327912904522 -0.14600469603002603 -0.23639203383370277 0.27402251958847046 -0.13163845241069794 0.8775968551635742 0.8910172095358749 0.30880577143122356 -0.0763540211683521 -0.32387874484462076 0.2771990895271301 -0.14606817066669464 0.8635923862457275 0.900033014251588 0.2988223474419865 -0.05589628853625491 -0.3122842070030736 0.272117018699646 -0.166205033659935 0.8429353833198547 0.88871260947568 0.2594715757333095 -0.004768952915676409 -0.3779440075423423
0.15799403190612793 -0.14742787182331085 0.7718589305877686 0.3782774890424056 -0.4279673751904685 0.17622964579056052 0.8016814446181508 0.23275122046470642 -0.0878380611538887 0.8536537885665894 -0.41142732790115827 -0.2105711598340731 -0.06183592065972695 0.8846263054390522 0.2603587806224823 -0.11485051363706589 0.8838186264038086 0.2612013286288732 0.08663968959160868 0.281570918468449 0.9192307956968433 0.2787124216556549 -0.1317087858915329 0.8833053708076477 0.3451427287066185 0.03226228119814896 0.2832410091489959 0.8942092486695015 0.28136980533599854 -0.14571437239646912 0.8680012226104736 0.3314429287461905 0.025395811093897283 0.276336109007366 0.9017422025332797 0.2766824960708618 -0.16483932733535767 0.843492329120636 0.3989918028424861 0.0010777860330082863 0.22699050937457638 0.8884141302323619
0.16078627109527588 -0.14578916132450104 0.7760537266731262 0.3762670595332505 -0.41760955464660066 0.17572223392692302 0.8081751213526837 0.23670028150081635 -0.08404707908630371 0.856124758720398 0.9171127926976685 0.1285431881250804 0.19033527256187674 -0.32581168701977864 0.2660088539123535 -0.11387678235769272 0.8886125087738037 -0.45864383348167226 -0.15305172660421534 0.22372835307948194 0.8462662737304345 0.28383103013038635 -0.13130222260951996 0.8875784873962402 -0.38132526425524266 -0.18516908279938382 0.19322262912559518 0.8848550587752991 0.28641825914382935 -0.1456536203622818 0.8715483546257019 -0.3947682561284215 -0.17983131063444838 0.18796143777633256 0.8811862608882591 0.28181034326553345 -0.1644268035888672 0.8450062274932861 -0.3386058770393641 -0.14773656908691005 0.13895143779373298 0.9188103546421946
0.1640188843011856 -0.143973246216774 0.7799103260040283 0.3758006652709811 -0.4084296779919508 0.176027653764275 0.8130026544548188 0.24083690345287323 -0.08070488274097443 0.8583438396453857 0.3218006078678443 -0.18417034040951627 0.13885151943924082 0.9182842270226449 0.27146053314208984 -0.11170131713151932 0.891886293888092 0.8508622845923333 0.20857238320316399 0.15850913427784763 0.45541825613705933 0.2891165018081665 -0.12942972779273987 0.8904431462287903 0.8885421411467425 0.18186776395053245 0.18601674194026602 0.37790840624211725 0.29167163372039795 -0.14400851726531982 0.8739266395568848 0.8852777648143191 0.17951083789681177 0.1772469409674098 0.39069511088463893 0.28692251443862915 -0.16255013644695282 0.8463389873504639 0.9220534570665224 0.13446846470011353 0.1369156583975766 0.33613956354182956
0.16825181245803833 -0.14403417706489563 0.7835239171981812 0.35711223807169684 -0.4061161980364136 0.17927617296561033 0.8218275692904486 0.2455357015132904 -0.0776446983218193 0.859493613243103 -0.44129053922468797 -0.23912150173833224 -0.02543610229722782 0.8645441291862117 0.2765829861164093 -0.11041944473981857 0.8973562121391296 0.2739402494549003 -0.009163111919205469 0.24102632449981345 0.9310097215925465 0.2931104302406311 -0.1296928972005844 0.8966027498245239 0.3563101292604908 -0.03833042086191012 0.2426246107270413 0.9015027282222604 0.2961917221546173 -0.14511752128601074 0.8793212175369263 0.3444338417666337 -0.02751396577876214 0.2286166235287731 0.9101333679543786 0.28974854946136475 -0.1685149222612381 0.8559185266494751 0.41673366420050534 -0.10021465584991346 0.13877936599749885 0.892765560468263
0.17182408273220062 -0.14356476068496704 0.7876416444778442 0.3402266053856225 -0.4045916318734257 0.18382700464564997 0.828709281386452 0.24951407313346863 -0.07444323599338531 0.8614344596862793 -0.4583562476355123 -0.2500698356712759 -0.018312723091153303 0.8526659902858857 0.2804933786392212 -0.10706502199172974 0.9014096856117249 0.26144647953793515 -0.026477679970308015 0.23221621233098508 0.9364936224427423 0.29673677682876587 -0.1278747320175171 0.901416540145874 0.348894459404774 -0.055438083612065724 0.22968890111860035 0.9068860270107985 0.2995285093784332 -0.1436440348625183 0.8856187462806702 0.332944036427879 -0.05704186872128101 0.2138894206092573 0.9165946816523812 0.2909395694732666 -0.1700214445590973 0.8647153377532959 0.4071192795743433 -0.15300660039598518 0.11728689231091319 0.8927971005462901
0.17182408273220062 -0.14356476068496704 0.7876416444778442 0.3402266053856225 -0.4045916318734257 0.18382700464564997 0.828709281386452 0.24951407313346863 -0.07444323599338531 0.8614344596862793 -0.4583562476355123 -0.2500698356712759 -0.018312723091153303 0.8526659902858857 0.2804933786392212 -0.10706502199172974 0.9014096856117249 0.26144647953793515 -0.026477679970308015 0.23221621233098508 0.9364936224427423 0.29673677682876587 -0.1278747320175171 0.901416540145874 0.348894459404774 -0.055438083612065724 0.22968890111860035 0.9068860270107985 0.2995285093784332 -0.1436440348625183 0.8856187462806702 0.332944036427879 -0.05704186872128101 0.2138894206092573 0.9165946816523812 0.2909395694732666 -0.1700214445590973 0.8647153377532959 0.4071192795743433 -0.15300660039598518 0.11728689231091319 0.8927971005462901
0.17182408273220062 -0.14356476068496704 0.7876416444778442 0.3402266053856225 -0.4045916318734257 0.18382700464564997 0.828709281386452 0.24951407313346863 -0.07444323599338531 0.8614344596862793 -0.4583562476355123 -0.2500698356712759 -0.018312723091153303 0.8526659902858857 0.2804933786392212 -0.10706502199172974 0.9014096856117249 0.26144647953793515 -0.026477679970308015 0.23221621233098508 0.9364936224427423 0.29673677682876587 -0.1278747320175171 0.901416540145874 0.348894459404774 -0.055438083612065724 0.22968890111860035 0.9068860270107985 0.2995285093784332 -0.1436440348625183 0.8856187462806702 0.332944036427879 -0.05704186872128101 0.2138894206092573 0.9165946816523812 0.2909395694732666 -0.1700214445590973 0.8647153377532959 0.4071192795743433 -0.15300660039598518 0.11728689231091319 0.8927971005462901
0.17182408273220062 -0.14356476068496704 0.7876416444778442 0.3402266053856225 -0.4045916318734257 0.18382700464564997 0.828709281386452 0.24951407313346863 -0.07444323599338531 0.8614344596862793 0.8526659902858857 -0.018312723091153303 0.2500698356712759 0.4583562476355123 0.2804933786392212 -0.10706502199172974 0.9014096856117249 0.9364936224427423 0.23221621233098508 0.026477679970308015 -0.26144647953793515 0.29673677682876587 -0.1278747320175171 0.901416540145874 0.9068860270107985 0.22968890111860035 0.055438083612065724 -0.348894459404774 0.2995285093784332 -0.1436440348625183 0.8856187462806702 0.9165946816523812 0.2138894206092573 0.05704186872128101 -0.332944036427879 0.2909395694732666 -0.1700214445590973 0.8647153377532959 0.8927971005462901 0.11728689231091319 0.15300660039598518 -0.4071192795743433
0.17182408273220062 -0.14356476068496704 0.7876416444778442 0.3402266053856225 -0.4045916318734257 0.18382700464564997 0.828709281386452 0.24951407313346863 -0.07444323599338531 0.8614344596862793 0.27881910212153715 -0.1897751233866595 0.16387702255481174 0.927032710719508 0.2804933786392212 -0.10706502199172974 0.9014096856117249 0.847071569017179 0.14547911061432067 0.18292420453049804 0.47733041377509317 0.29673677682876587 -0.1278747320175171 0.901416540145874 0.8879709010613812 0.12321393764082798 0.20161522923704 0.39455961290236763 0.2995285093784332 -0.1436440348625183 0.8856187462806702 0.8835573007405443 0.11090796741435592 0.19157735168261972 0.4127033294994665 0.2909395694732666 -0.1700214445590973 0.8647153377532959 0.9191796861551592 -0.025257647630827714 0.19112636025571764 0.3434260835380861
0.1886044144630432 -0.13848312199115753 0.8065690994262695 0.3464808375669316 -0.38306021027886616 0.23809041033336545 0.8225137689736928 0.256486177444458 -0.05627955496311188 0.8797051906585693 0.8306470064576413 0.05277910735009644 0.31288322251596273 0.45754124903052024 0.29335474967956543 -0.08550155162811279 0.9187221527099609 0.9289035138085386 0.2704333258805958 0.02322086856602613 -0.2519223868765564 0.31188005208969116 -0.10549613833427429 0.919964075088501 0.8994317183135413 0.2637189044509155 0.048649436028450906 -0.34512056021505627 0.3157497048377991 -0.12058201432228088 0.9065321683883667 0.9097615110475273 0.2531306846555518 0.06747588789667307 -0.3220339548410269 0.3054337501525879 -0.15022970736026764 0.8927950263023376 0.8782689223825201 0.16640396713895744 0.21840547881610264 -0.3914747956778302
0.19037513434886932 -0.13690073788166046 0.8098389506340027 0.385633501047031 -0.373183819203671 0.2550725954198015 0.8043373768586272 0.25323623418807983 -0.05463673174381256 0.8874515295028687 0.8419274150113056 0.07768414470550415 0.3293870236952304 0.42027094658921177 0.2925761640071869 -0.0815584659576416 0.9224539399147034 0.9125687703145895 0.30354250717653763 0.005192682359197798 -0.2739584557892127 0.3125188946723938 -0.09946563094854355 0.9224580526351929 0.8817865029611314 0.2962741428403251 0.026779531299273972 -0.36600141168481176 0.31718623638153076 -0.11465265601873398 0.9091198444366455 0.8914486319190772 0.2840570543668745 0.05250098425319964 -0.3491054585628823 0.30892616510391235 -0.14298240840435028 0.8942710161209106 0.8638037942247216 0.19989781195286935 0.19690938383568962 -0.4184621908215508
0.19193494319915771 -0.1353558450937271 0.81363844871521 0.41936379655006223 -0.3633301216872452 0.2679918299792268 0.7875948587676603 0.25082704424858093 -0.053672924637794495 0.8949787616729736 0.8517210263615054 0.0974714185135107 0.3394457189475391 0.3871010641875204 0.29207122325897217 -0.0788603127002716 0.9271978735923767 0.8961822084109267 0.3312092977266452 -0.006986306285813461 -0.295142521142196 0.31298524141311646 -0.0950036346912384 0.9261853098869324 0.8638158633244344 0.3238235565250013 0.011395738060968715 -0.3857857169064316 0.3185286521911621 -0.11009187996387482 0.9125438928604126 0.8734848212947671 0.3091187193337954 0.041277055141804395 -0.37385309538965267 0.31218814849853516 -0.13735218346118927 0.896019697189331 0.8492791947410584 0.22327321146714388 0.1757494843931385 -0.44495629005295395
0.19364885985851288 -0.13286761939525604 0.8162705898284912 0.5124416066571169 -0.33143351620550626 0.29046149427984186 0.7370125464847069 0.24351578950881958 -0.056364819407463074 0.9082013368606567 0.41483585445342475 -0.14896968259708765 0.3556590117025893 0.8241516406850852 0.28966596722602844 -0.07635515928268433 0.9322472810745239 0.8480534651389916 0.3126890989892278 0.25301048573202717 0.34498780978704585 0.3113253116607666 -0.08712533116340637 0.9295847415924072 0.8802007233823435 0.2978969750161696 0.2631463933456318 0.25934153727527287 0.3198803961277008 -0.10253321379423141 0.914488673210144 0.8925423698021573 0.24716705653539897 0.2720786481737578 0.2612466910584936 0.31747645139694214 -0.1258496791124344 0.8929071426391602 0.9323292761588575 0.11110264614283695 0.2812150225076709 0.19833422146396168
0.1959880292415619 -0.12994125485420227 0.8210762739181519 0.6011651805600889 -0.29007107266576304 0.3206547526024038 0.6720414700468023 0.23619674146175385 -0.06048267334699631 0.9225948452949524 0.49736778715504365 -0.1132319159781969 0.39713385398344553 0.7629472673510816 0.28532475233078003 -0.0728660374879837 0.9414891600608826 0.8380984346232178 0.3854208206185963 0.2889994554507061 0.25597086072637004 0.3075529634952545 -0.07722390443086624 0.9368636608123779 0.8626550846651726 0.37426256847079603 0.2930609123721129 0.1728265777303954 0.31898921728134155 -0.0895281583070755 0.9198533296585083 0.883946020862392 0.31801984678455575 0.29859225692952507 0.16836114696687998 0.31941407918930054 -0.10819929838180542 0.8951632380485535 0.9266180365214424 0.20833706215930797 0.29279597722217016 0.11065822937371851
0.1959880292415619 -0.12994125485420227 0.8210762739181519 0.6011651805600889 -0.29007107266576304 0.3206547526024038 0.6720414700468023 0.23619674146175385 -0.06048267334699631 0.9225948452949524 -0.1877930537918991 -0.3608831014399303 0.200748988122462 0.8911773203865776 0.28532475233078003 -0.0728660374879837 0.9414891600608826 0.4116263365028959 0.06818019809468691 0.47688712912759335 0.7736238251419583 0.3075529634952545 -0.07722390443086624 0.9368636608123779 0.4877824086822161 0.05741824091439818 0.47186895233155607 0.732196107684839 0.31898921728134155 -0.0895281583070755 0.9198533296585083 0.5059949184567519 0.013737380572332836 0.43601060128586566 0.744093533662279 0.31941407918930054 -0.10819929838180542 0.8951632380485535 0.5769707486733039 -0.059721475284789716 0.3543545924493228 0.7334650687085212
0.2002154290676117 -0.12310309708118439 0.831580638885498 0.7478297079961013 -0.19606610562514845 0.36052380463582695 0.5218539788584488 0.2295089215040207 -0.07435795664787292 0.9470821619033813 -0.6265726218108203 -0.4523387656420553 -0.01962888456147801 0.6343588311568465 0.2775956094264984 -0.06970345228910446 0.9598945379257202 -0.07890753748929838 -0.3465357598015761 0.512366005770473 0.7817722153727561 0.29958051443099976 -0.06425581872463226 0.9542725682258606 0.010739423747011428 -0.3340344952671652 0.4878259457107946 0.8064313373179262 0.30960148572921753 -0.06483159214258194 0.9352098703384399 0.009385350287273324 -0.34066453593891016 0.4556957221777112 0.8223144512735808 0.30970215797424316 -0.07293857634067535 0.909905195236206 0.05763604150868373 -0.34018831994028503 0.39228650470155785 0.8526789335200111
0.20214644074440002 -0.12078167498111725 0.8361978530883789 0.7903043031692505 -0.16063103079795837 0.37023264169692993 0.461025595664978 0.22948822379112244 -0.08090392500162125 0.9553884267807007 0.07513633734828683 -0.32854811950630775 0.34288682216519384 0.8768348268561771 0.2761099934577942 -0.07133643329143524 0.9678925275802612 0.5251755861665687 0.12448589698265365 0.6449978804421982 0.5409916451743171 0.2970888018608093 -0.06247798725962639 0.9622387886047363 0.6030869483947754 0.1241743266582489 0.6147695779800415 0.49287474155426025 0.3055194914340973 -0.05944931507110596 0.9433205723762512 0.6104920187036728 0.09982837673461785 0.6021169092644791 0.5047665112901143 0.3054414391517639 -0.0647229552268982 0.9181064367294312 0.6685526371002197 0.05677065253257751 0.5559208393096924 0.4906795918941497
0.20766468346118927 -0.11896148324012756 0.8374155163764954 0.8085815906524658 -0.14528796076774597 0.3842436969280243 0.421240895986557 0.23054397106170654 -0.08570229262113571 0.9595621824264526 0.8604269679102177 0.3635014524005839 0.3387238298127266 -0.11312968994809615 0.27583247423171997 -0.0721571147441864 0.9727492332458496 -0.5011172890663147 -0.6739724278450012 0.12219002842903137 0.5288782119750977 0.2957042157649994 -0.06119568645954132 0.9677485227584839 -0.4510224461555481 -0.6463331580162048 0.13018321990966797 0.6015684008598328 0.3022093176841736 -0.05563151836395264 0.9494496583938599 -0.4610140919685364 -0.6444980502128601 0.1101977676153183 0.599953830242157 0.3045741617679596 -0.06011222302913666 0.9246654510498047 -0.4467789828777314 -0.5828505754470825 0.060048937797546394 0.6760678291320801
0.2097950428724289 -0.11562774330377579 0.8395949006080627 0.8179248571395874 -0.13488370180130005 0.3944216966629028 0.3965309858322143 0.22928130626678467 -0.08691275864839554 0.9631583094596863 0.13261816164693835 -0.34018222162218326 0.37754745028996145 0.8509679270412884 0.2738674283027649 -0.07018645107746124 0.9769765734672546 0.5276561975479126 0.12264804542064667 0.6926590800285339 0.4761931002140045 0.29059869050979614 -0.05724763125181198 0.9720150828361511 0.5766212940216064 0.1469990760087967 0.6847944259643555 0.4206610918045044 0.2972490191459656 -0.051086656749248505 0.9545699954032898 0.5819606781005859 0.12023204565048218 0.6785603761672974 0.4317660629749298 0.3026484251022339 -0.054845333099365234 0.9299484491348267 0.681408166885376 0.06491497159004211 0.5951487421989441 0.42103081941604614
0.21104903519153595 -0.11355005204677582 0.8410201668739319 0.8280383348464966 -0.126044362783432 0.4022132456302643 0.36971578001976013 0.22823764383792877 -0.08994592726230621 0.9655146598815918 -0.48809233187100637 -0.5145594874939493 0.03649114288160717 0.7040332547652799 0.27233943343162537 -0.07127009332180023 0.9806559085845947 0.05910028959424537 -0.41616735181522485 0.5834963558001796 0.6948697837135346 0.28581589460372925 -0.05665593221783638 0.9755508899688721 0.11726907094332344 -0.396807419338331 0.621282731766833 0.6654318625757331 0.2923891246318817 -0.04936762899160385 0.9586598873138428 0.11527613076615509 -0.41064725916593514 0.5935301728195143 0.6824970527585454 0.30007433891296387 -0.05181572586297989 0.9344398975372314 0.20598902319581203 -0.3803451750149969 0.4804403161785978 0.7629437646159837
0.21317557990550995 -0.11345767974853516 0.8408023118972778 0.8332616090774536 -0.12121894955635071 0.4105110466480255 0.34994539618492126 0.22879648208618164 -0.09355449676513672 0.9656455516815186 0.16597437118551972 -0.33726801060036377 0.3964624045953989 0.837568170032113 0.2715199887752533 -0.07362841069698334 0.9823592901229858 0.5341595411300659 0.11335717141628265 0.7184674143791199 0.4308461546897888 0.2833913564682007 -0.05819956213235855 0.9774523377418518 0.5397932529449463 0.16065169870853424 0.7409074902534485 0.3658830523490906 0.28938502073287964 -0.05001675337553024 0.9608234167098999 0.547000527381897 0.13322480022907257 0.7342314720153809 0.37940192222595215 0.2989323139190674 -0.051197849214076996 0.936953604221344 0.6868070363998413 0.07363232970237732 0.6180411577224731 0.3753659427165985
0.2142261266708374 -0.11213761568069458 0.8421359062194824 0.8350818753242493 -0.11708080768585205 0.4151996970176697 0.34137898683547974 0.22917844355106354 -0.09442947804927826 0.9672911167144775 0.17592319970339443 -0.34018349690085614 0.3983375835007973 0.8334587533758242 0.2710047960281372 -0.07285942137241364 0.9844341278076172 0.5333539843559265 0.11302296817302704 0.7244480848312378 0.4218226969242096 0.28240686655044556 -0.057142697274684906 0.9796871542930603 0.5354067087173462 0.16170121729373932 0.7485554814338684 0.3561702370643616 0.2883166968822479 -0.048748284578323364 0.9632723927497864 0.5434878468513489 0.13338293135166168 0.7416941523551941 0.3697565197944641 0.2983700633049011 -0.049181029200553894 0.939426600933075 0.6889938116073608 0.07558956742286682 0.6202512979507446 0.36723592877388
0.21570682525634766 -0.11091459542512894 0.8427122831344604 0.8322217464447021 -0.11849233508110048 0.41582551598548895 0.3470675051212311 0.23054787516593933 -0.09372244775295258 0.9680617451667786 0.8338597420429433 0.3909289779461626 0.347002640124616 -0.17731825331899412 0.27210524678230286 -0.07074204087257385 0.9844662547111511 -0.42547503113746643 -0.7283978462219238 0.11870017647743225 0.5237537622451782 0.2837451696395874 -0.05500481650233269 0.9798425436019897 -0.361826628446579 -0.7475889921188354 0.1633535772562027 0.5324547290802002 0.28941184282302856 -0.04715919494628906 0.963651716709137 -0.37441331148147583 -0.743452250957489 0.1327138990163803 0.5380339622497559 0.29947054386138916 -0.047290243208408356 0.9396857023239136 -0.3728245198726654 -0.6225330829620361 0.07738396525382996 0.6837152242660522
0.21570682525634766 -0.11091459542512894 0.8427122831344604 0.8322217464447021 -0.11849233508110048 0.41582551598548895 0.3470675051212311 0.23054787516593933 -0.09372244775295258 0.9680617451667786 0.7150108128015101 0.031060609219352126 0.521796415458466 0.46424495127331383 0.27210524678230286 -0.07074204087257385 0.9844662547111511 0.6712060571548628 0.598988809317473 0.4311213949952813 -0.06949368246459696 0.2837451696395874 -0.05500481650233269 0.9798425436019897 0.632352412195897 0.6441336680765865 0.4131168236587035 -0.12065228701901422 0.28941184282302856 -0.04715919494628906 0.963651716709137 0.6451976156748309 0.6195430635953861 0.4318572563298369 -0.1156973568153056 0.29947054386138916 -0.047290243208408356 0.9396857023239136 0.7470863012305279 0.4949161682005823 0.38547869797116563 -0.21983319243436658
0.21705731749534607 -0.10952600836753845 0.8431704640388489 0.8352701663970947 -0.11229738593101501 0.41671615839004517 0.34067684412002563 0.23263292014598846 -0.09392477571964264 0.9687204957008362 0.8296916420455998 0.3913015719761773 0.3499618106574728 -0.18979379428690785 0.27273479104042053 -0.06965377926826477 0.9844325184822083 -0.41331157088279724 -0.7408349514007568 0.12914758920669556 0.5134764313697815 0.2842528820037842 -0.053444016724824905 0.9802694320678711 -0.35241585969924927 -0.7527197003364563 0.16744369268417358 0.5302630066871643 0.28964951634407043 -0.04534716159105301 0.964178740978241 -0.365293025970459 -0.7488431930541992 0.13674311339855194 0.5358136892318726 0.29916948080062866 -0.0448533371090889 0.9402382373809814 -0.36356574296951294 -0.6350197196006775 0.08714792132377625 0.6759995222091675
0.21707169711589813 -0.10927950590848923 0.8427765369415283 0.8406369686126709 -0.10514342784881592 0.4172767400741577 0.3288686275482178 0.23327875137329102 -0.0958426222205162 0.968558669090271 0.8242616279177324 0.39474351754914727 0.35077498068459534 -0.20427275605575362 0.2721351981163025 -0.07067762315273285 0.9840586185455322 -0.3972395360469818 -0.7516088485717773 0.1345577836036682 0.5090965032577515 0.28328752517700195 -0.05397173762321472 0.9802616834640503 -0.33759260177612305 -0.759624719619751 0.16998152434825897 0.529252290725708 0.28842398524284363 -0.045571550726890564 0.9644985198974609 -0.3508787453174591 -0.7550044059753418 0.13751056790351868 0.5366036891937256 0.2974311411380768 -0.04410944879055023 0.9404498934745789 -0.3488757610321045 -0.6462286114692688 0.09484735131263733 0.6720702648162842
0.2172427475452423 -0.10927993059158325 0.841905951499939 0.8442427515983582 -0.1034475564956665 0.41756922006607056 0.3196699023246765 0.2337278127670288 -0.09788918495178223 0.967827558517456 0.8214232392077376 0.39464306278559524 0.3519060497883696 -0.21373566933647678 0.271732896566391 -0.0726875513792038 0.9836603403091431 -0.3866887092590332 -0.7586058378219604 0.13236165046691895 0.5074145197868347 0.2824666500091553 -0.05540945753455162 0.9799429178237915 -0.32754936814308167 -0.7662922143936157 0.16942855715751648 0.5261197090148926 0.287445992231369 -0.04668895900249481 0.9644932746887207 -0.341239869594574 -0.7610911726951599 0.13584016263484955 0.5346429347991943 0.29614564776420593 -0.044507965445518494 0.9404499530792236 -0.33824723958969116 -0.6576349139213562 0.09837698936462402 0.6659033298492432
0.2167317122220993 -0.10909400135278702 0.8413164615631104 0.8481254577636719 -0.10857176780700684 0.41248685121536255 0.3142451047897339 0.23425665497779846 -0.10006581246852875 0.9673093557357788 0.22175541153741796 -0.3538767278706512 0.38716491038561485 0.8220092237677367 0.27225640416145325 -0.0756496787071228 0.9833691120147705 0.511945366859436 0.12407205998897552 0.7587323784828186 0.3832014203071594 0.282658189535141 -0.05791395902633667 0.979509174823761 0.5262113809585571 0.1649223268032074 0.7688343524932861 0.3237222731113434 0.2871031165122986 -0.048790402710437775 0.9642059803009033 0.5317938923835754 0.1320752501487732 0.7654387354850769 0.337424099445343 0.29615718126296997 -0.046316005289554596 0.9403061270713806 0.6646875739097595 0.09531879425048828 0.6617749333381653 0.333404541015625
0.2167317122220993 -0.10909400135278702 0.8413164615631104 0.8481254577636719 -0.10857176780700684 0.41248685121536255 0.3142451047897339 0.23425665497779846 -0.10006581246852875 0.9673093557357788 0.22175541153741796 -0.3538767278706512 0.38716491038561485 0.8220092237677367 0.27225640416145325 -0.0756496787071228 0.9833691120147705 0.511945366859436 0.12407205998897552 0.7587323784828186 0.3832014203071594 0.282658189535141 -0.05791395902633667 0.979509174823761 0.5262113809585571 0.1649223268032074 0.7688343524932861 0.3237222731113434 0.2871031165122986 -0.048790402710437775 0.9642059803009033 0.5317938923835754 0.1320752501487732 0.7654387354850769 0.337424099445343 0.29615718126296997 -0.046316005289554596 0.9403061270713806 0.6646875739097595 0.09531879425048828 0.6617749333381653 0.333404541015625
0.2167317122220993 -0.10909400135278702 0.8413164615631104 0.8481254577636719 -0.10857176780700684 0.41248685121536255 0.3142451047897339 0.23425665497779846 -0.10006581246852875 0.9673093557357788 0.22175541153741796 -0.3538767278706512 0.38716491038561485 0.8220092237677367 0.27225640416145325 -0.0756496787071228 0.9833691120147705 0.511945366859436 0.12407205998897552 0.7587323784828186 0.3832014203071594 0.282658189535141 -0.05791395902633667 0.979509174823761 0.5262113809585571 0.1649223268032074 0.7688343524932861 0.3237222731113434 0.2871031165122986 -0.048790402710437775 0.9642059803009033 0.5317938923835754 0.1320752501487732 0.7654387354850769 0.337424099445343 0.29615718126296997 -0.046316005289554596 0.9403061270713806 0.6646875739097595 0.09531879425048828 0.6617749333381653 0.333404541015625
0.2167317122220993 -0.10909400135278702 0.8413164615631104 0.8481254577636719 -0.10857176780700684 0.41248685121536255 0.3142451047897339 0.23425665497779846 -0.10006581246852875 0.9673093557357788 -0.4244435454083768 -0.5239955574682658 0.023538299136710135 0.7380530498987853 0.27225640416145325 -0.0756496787071228 0.9833691120147705 0.09103578995742016 -0.4487726388724184 0.6242370381710164 0.632964329631737 0.282658189535141 -0.05791395902633667 0.979509174823761 0.14318157304759588 -0.42703033678643193 0.6602657544050834 0.6009937825427031 0.2871031165122986 -0.048790402710437775 0.9642059803009033 0.13744028578468984 -0.4478556439923395 0.6346382659157372 0.614629897163028 0.29615718126296997 -0.046316005289554596 0.9403061270713806 0.2342523913366982 -0.40054495584572847 0.5353460802392993 0.7057577403274602
0.2167317122220993 -0.10909400135278702 0.8413164615631104 0.8481254577636719 -0.10857176780700684 0.41248685121536255 0.3142451047897339 0.23425665497779846 -0.10006581246852875 0.9673093557357788 0.8220092237677367 0.38716491038561485 0.3538767278706512 -0.22175541153741796 0.27225640416145325 -0.0756496787071228 0.9833691120147705 -0.3832014203071594 -0.7587323784828186 0.12407205998897552 0.511945366859436 0.282658189535141 -0.05791395902633667 0.979509174823761 -0.3237222731113434 -0.7688343524932861 0.1649223268032074 0.5262113809585571 0.2871031165122986 -0.048790402710437775 0.9642059803009033 -0.337424099445343 -0.7654387354850769 0.1320752501487732 0.5317938923835754 0.29615718126296997 -0.046316005289554596 0.9403061270713806 -0.333404541015625 -0.6617749333381653 0.09531879425048828 0.6646875739097595
0.2154858261346817 -0.10984519124031067 0.839653491973877 0.8543519973754883 -0.10959732532501221 0.410770982503891 0.29889509081840515 0.23298341035842896 -0.10517987608909607 0.9659898281097412 0.7457802828135262 0.01541938246407494 0.5271788531654431 0.4070091810107979 0.2707616686820984 -0.08066118508577347 0.9827345013618469 0.6264489706965302 0.6201033110258878 0.4606683905451999 -0.10401125473338868 0.27960294485092163 -0.06160200387239456 0.9787915945053101 0.588568516868567 0.6634414870909272 0.43737889934837865 -0.1487688500556925 0.2833750545978546 -0.05205780640244484 0.9639281630516052 0.5983553944144332 0.6400685729275744 0.46057032918204355 -0.14197895061373894 0.2939677834510803 -0.04932834580540657 0.9403303861618042 0.6942656583422067 0.5383646648957148 0.4100367737183583 -0.2450076151265384
0.21056555211544037 -0.11105784773826599 0.8351485729217529 0.8654212951660156 -0.09368261694908142 0.42876771092414856 0.2417183816432953 0.22504255175590515 -0.11910861730575562 0.9622509479522705 0.7736339471116527 0.3941715128582302 0.39270377792512584 -0.30315552592212097 0.2615879476070404 -0.09132779389619827 0.9828799366950989 -0.3150390386581421 -0.777540922164917 0.08262251317501068 0.5379164814949036 0.2660199701786041 -0.06968237459659576 0.9794073700904846 -0.2557193338871002 -0.8081856966018677 0.14631684124469757 0.5099363327026367 0.27108025550842285 -0.059450000524520874 0.9659616947174072 -0.2660938501358032 -0.8023413419723511 0.10963363945484161 0.5228986144065857 0.2821407914161682 -0.05365036055445671 0.9426006078720093 -0.26029127836227417 -0.6930683851242065 0.08545991778373718 0.666784405708313
0.21005000174045563 -0.1119212806224823 0.8349603414535522 0.8660857677459717 -0.09174448251724243 0.4301418662071228 0.23760561645030975 0.22488513588905334 -0.12201464176177979 0.9620828628540039 0.7674579333439213 0.3912561985979657 0.3982378106530386 -0.3151724105094235 0.2607037425041199 -0.09328923374414444 0.9831967353820801 -0.3093404173851013 -0.7794868350028992 0.07772274315357208 0.539136528968811 0.26637890934944153 -0.07142031192779541 0.9796687960624695 -0.2504940927028656 -0.8059663772583008 0.14435289800167084 0.5165589451789856 0.27198052406311035 -0.06137874722480774 0.9663383960723877 -0.26191696524620056 -0.7973349094390869 0.10557085275650024 0.5333961844444275 0.2822580337524414 -0.05504160374403 0.9426271319389343 -0.2567969262599945 -0.6882810592651367 0.08334502577781677 0.6733336448669434
0.20974819362163544 -0.11268850415945053 0.8347588181495667 0.8669082522392273 -0.08252108097076416 0.4360663890838623 0.22695040702819824 0.22492200136184692 -0.12493697553873062 0.9617590308189392 0.7697451265901698 -0.0022268288798538587 0.5631699759700495 0.30054471624518264 0.26040565967559814 -0.09529885649681091 0.9838705658912659 0.5942818593590068 0.6050006880191459 0.4989345191125091 -0.17851483132922616 0.2679632902145386 -0.07335352897644043 0.9807125329971313 0.5448520354254303 0.6650606741803067 0.46467320898074566 -0.2119186532913233 0.27275317907333374 -0.06303942948579788 0.9672923684120178 0.5642513236377518 0.631742852862596 0.48729272715354205 -0.21229078889025024 0.2814562916755676 -0.05555901303887367 0.9431396126747131 0.6554141843452438 0.5438034246899964 0.42398296831743904 -0.30813720900788205
0.20969021320343018 -0.11436083912849426 0.8345724940299988 0.8670353293418884 -0.07621759176254272 0.44050496816635126 0.2199907451868057 0.22492541372776031 -0.12804487347602844 0.9614764451980591 0.7492786899235162 0.4004708095088381 0.40112741425348275 -0.3424928370543622 0.2619691789150238 -0.09838371723890305 0.9844515919685364 -0.2830503582954407 -0.7741166949272156 0.07035626471042633 0.5618503093719482 0.26959899067878723 -0.07573378831148148 0.9815435409545898 -0.22660893201828003 -0.7900686860084534 0.13828817009925842 0.5525542497634888 0.2736167311668396 -0.06526504456996918 0.9679116010665894 -0.2404957711696625 -0.785210132598877 0.09938980638980865 0.5618972182273865 0.2816712260246277 -0.05720303952693939 0.9433392286300659 -0.2389813810586929 -0.6765029430389404 0.0841229259967804 0.6914874315261841
0.20914535224437714 -0.11595381796360016 0.8346019387245178 0.8662944436073303 -0.07269012928009033 0.4444785416126251 0.21607616543769836 0.224307581782341 -0.1305844783782959 0.9613983631134033 0.7446841162844523 0.40316566198177484 0.40152778585238014 -0.3488244617957292 0.26333290338516235 -0.1009678989648819 0.9850859642028809 -0.2770768404006958 -0.7638998031616211 0.0657745897769928 0.5791020393371582 0.2705800533294678 -0.0777672827243805 0.9823257327079773 -0.222192645072937 -0.7812632322311401 0.13544820249080658 0.5673730373382568 0.27405160665512085 -0.06730084121227264 0.9687049388885498 -0.23641133308410645 -0.7774593830108643 0.09556761384010315 0.5749204158782959 0.28190404176712036 -0.05899421125650406 0.9436090588569641 -0.23642927408218387 -0.6653395295143127 0.08120614290237427 0.7034415602684021
0.2079467922449112 -0.11728943884372711 0.834847092628479 0.8656615018844604 -0.06776240468025208 0.4491727650165558 0.210433691740036 0.22269758582115173 -0.1329127550125122 0.9616299271583557 0.7375706654600888 0.4068420736598162 0.40448038850190643 -0.3561807158222508 0.2638193666934967 -0.1032974049448967 0.985830545425415 -0.2686944603919983 -0.754926860332489 0.06257560849189758 0.5949563980102539 0.27128252387046814 -0.0797237977385521 0.9833271503448486 -0.2151452600955963 -0.7706550359725952 0.13274523615837097 0.584963321685791 0.2742256224155426 -0.06924320012331009 0.9698370695114136 -0.23038417100906372 -0.7667381167411804 0.09090927243232727 0.5922596454620361 0.28102952241897583 -0.060360997915267944 0.9442281723022461 -0.23183916509151462 -0.6550182700157166 0.07940402626991272 0.7147703170776367
0.20735488831996918 -0.11836931854486465 0.8347618579864502 0.8655035495758057 -0.07021167874336243 0.44959110021591187 0.209384024143219 0.22198453545570374 -0.13508252799510956 0.9614898562431335 0.7354745805942717 0.4031367603574422 0.4087207614907773 -0.3598682617587885 0.2647588849067688 -0.10573091357946396 0.9859160780906677 -0.26842063665390015 -0.7454071640968323 0.056417226791381836 0.6075652837753296 0.2730156481266022 -0.08217646181583405 0.9835995435714722 -0.21572360396385193 -0.7596359252929688 0.1264825463294983 0.6003490090370178 0.2756394147872925 -0.0717659518122673 0.9701488018035889 -0.23106831312179565 -0.7565542459487915 0.0837106704711914 0.6059914827346802 0.28178974986076355 -0.06257647275924683 0.9441705942153931 -0.23269864916801453 -0.6455065011978149 0.07353973388671875 0.7237158417701721
0.20640428364276886 -0.1186215952038765 0.8348386883735657 0.8660526275634766 -0.07737895846366882 0.4462552070617676 0.2117113471031189 0.22121939063072205 -0.13689540326595306 0.961397647857666 0.736466599607221 0.3933840961244601 0.4143044353874755 -0.36224006869218184 0.26609355211257935 -0.10778890550136566 0.9858197569847107 -0.2735506296157837 -0.7317558526992798 0.04712417721748352 0.6224812269210815 0.275491863489151 -0.08442534506320953 0.983677089214325 -0.22234594821929932 -0.7425707578659058 0.11601924896240236 0.621039867401123 0.2776361107826233 -0.07404530048370361 0.9701850414276123 -0.23663011193275452 -0.7430440187454224 0.07400056719779968 0.6216235160827637 0.2829180359840393 -0.06457817554473877 0.9438254237174988 -0.23734325170516968 -0.6370049118995667 0.06638449430465698 0.730401337146759
0.20562149584293365 -0.11897730827331543 0.8349013328552246 0.8670765161514282 -0.07969513535499573 0.4447747468948364 0.20976756513118744 0.2204492688179016 -0.1385919600725174 0.9613723158836365 0.7782258130664675 -0.02248435331165367 0.5715607693665762 0.25918589662144914 0.26617780327796936 -0.10941275209188461 0.9858424067497253 0.6381600588901363 0.5434246475702175 0.48357367822664404 -0.2521862144643893 0.276178240776062 -0.08607907593250275 0.9838581085205078 0.6042852836562338 0.5971410423027348 0.44096750120136 -0.2894986305161909 0.27806466817855835 -0.07550562918186188 0.9703729152679443 0.6129784119644794 0.569647822844692 0.47118860200993823 -0.27881966048265894 0.28288084268569946 -0.06572751700878143 0.9438450336456299 0.6866431141521993 0.4931305069035044 0.4018782370447784 -0.3519054916299188
0.2053113579750061 -0.11940759420394897 0.8351198434829712 0.8695544004440308 -0.08017641305923462 0.4423391222953796 0.20440900325775146 0.22048671543598175 -0.14137861132621765 0.9613528847694397 0.7271888007477084 0.38186381722324736 0.4277781446941079 -0.3773359796592911 0.26695048809051514 -0.11144640296697617 0.9858120083808899 -0.26825886964797974 -0.722561240196228 0.038939327001571655 0.6359450817108154 0.27711012959480286 -0.08805448561906815 0.9840595126152039 -0.21823248267173767 -0.729111909866333 0.10656481981277466 0.6398550271987915 0.27880436182022095 -0.07705255597829819 0.9705590605735779 -0.23197636008262634 -0.731346607208252 0.0679185688495636 0.63773512840271 0.2832920551300049 -0.0670175775885582 0.9439976811408997 -0.23214930295944214 -0.6292639970779419 0.06416195631027222 0.7389295101165771
0.2044457048177719 -0.11979371309280396 0.8351670503616333 0.8711174726486206 -0.07988092303276062 0.4419448971748352 0.1986405849456787 0.21960781514644623 -0.14369812607765198 0.9611057043075562 0.7218070545501531 0.3791365069846277 0.4324401069386048 -0.3850268168611682 0.26662856340408325 -0.11321145296096802 0.9858590960502625 -0.2630535960197449 -0.7193162441253662 0.03557780385017395 0.6419665813446045 0.2765200138092041 -0.08966463804244995 0.9843166470527649 -0.21303823590278625 -0.7278957366943359 0.1040654182434082 0.6433919072151184 0.2783057689666748 -0.07807654142379761 0.9707382917404175 -0.22733831405639648 -0.7286717295646667 0.06839311122894287 0.6423995494842529 0.2827514708042145 -0.06804469227790833 0.9441244602203369 -0.2273154556751251 -0.6276178359985352 0.06485575437545776 0.7417663931846619
0.20358920097351074 -0.12011978030204773 0.8351336717605591 0.872261643409729 -0.07970032095909119 0.4422738254070282 0.19287672638893127 0.21886485815048218 -0.145184725522995 0.9607372283935547 0.7191564057295644 0.3795082804500648 0.43253237544248696 -0.3894913155789612 0.2659536302089691 -0.11483672261238098 0.9859155416488647 -0.2578301429748535 -0.7177825570106506 0.03262585401535034 0.6459469795227051 0.2755451202392578 -0.09114950895309448 0.9845993518829346 -0.2077973484992981 -0.728283703327179 0.10184097290039062 0.6450207233428955 0.27736082673072815 -0.07915858924388885 0.971032977104187 -0.22241830825805664 -0.7282524704933167 0.06789696216583252 0.644646167755127 0.2818094789981842 -0.06902167201042175 0.9444565176963806 -0.22215987741947174 -0.6276110410690308 0.06458717584609985 0.743355929851532
0.20375636219978333 -0.12032483518123627 0.8344898819923401 0.8730618953704834 -0.08004418015480042 0.4434704780578614 0.18625183403491974 0.218877911567688 -0.14678452908992767 0.9596536755561829 0.7158449978204737 0.380139822950251 0.4333372955691884 -0.39405384164476415 0.2669091820716858 -0.11691424995660782 0.985537052154541 -0.25239309668540955 -0.7078402042388916 0.02536329627037048 0.6592546701431274 0.2761455178260803 -0.0930575504899025 0.984307050704956 -0.2014159858226776 -0.7259811162948608 0.0980859100818634 0.650201678276062 0.2771763801574707 -0.08017628639936447 0.9708191752433777 -0.21723583340644834 -0.7284877300262451 0.06801381707191467 0.646133303642273 0.28199678659439087 -0.06984488666057587 0.9440428614616394 -0.21729815006256106 -0.6278471350669861 0.06665211915969849 0.7444104552268982
0.20322738587856293 -0.12039874494075775 0.8343127965927124 0.8735173940658569 -0.07989048957824707 0.4447503089904785 0.18105773627758026 0.2181793600320816 -0.1478911191225052 0.9592598676681519 0.7851707723289415 -0.03834250646822655 0.5766790759047099 0.22243648741314517 0.26621878147125244 -0.1180846244096756 0.9855455160140991 0.6429650580157299 0.5163655445647072 0.4840080184261188 -0.29274352315347174 0.27509891986846924 -0.0940946489572525 0.9845309257507324 0.5986813581753251 0.5826747647594903 0.4464371421514553 -0.3205692247143043 0.2761000990867615 -0.08096817135810852 0.9711196422576904 0.6071749814592247 0.5635917654005972 0.4688112549465443 -0.3064620090243885 0.28108128905296326 -0.07040464878082275 0.944348931312561 0.676921585199276 0.49209124243553726 0.3977298009340979 -0.3760776419621952
0.20259372889995575 -0.11997218430042267 0.8342114686965942 0.8733473420143127 -0.07913374900817871 0.4472563564777374 0.17596617341041565 0.21709895133972168 -0.14831726253032684 0.9589753150939941 0.7085678238571229 0.3823934678317565 0.4367884606388028 -0.4011517954976938 0.2648264765739441 -0.11843733489513397 0.9857273697853088 -0.24276378750801086 -0.7095369100570679 0.0215795636177063 0.6611789464950562 0.2735544443130493 -0.09438373893499374 0.9849441051483154 -0.19197896122932434 -0.7299718856811523 0.09508579969406128 0.6490330100059509 0.27450132369995117 -0.08107947558164597 0.9716161489486694 -0.20793476700782776 -0.7325128316879272 0.06626635789871216 0.6448231935501099 0.28000858426094055 -0.07027845084667206 0.9446825385093689 -0.20853644609451294 -0.6300068497657776 0.0676787793636322 0.7449990510940552
0.20261982083320618 -0.11973948031663895 0.8339285850524902 0.8730536699295044 -0.07835188508033752 0.4499054551124573 0.17094828188419342 0.2166358232498169 -0.14891058206558228 0.9585294127464294 0.7042499341637134 0.38480927958834876 0.43866279475579045 -0.40438702243171765 0.26400065422058105 -0.11893897503614426 0.9857518076896667 -0.2379334717988968 -0.7122128009796143 0.020475000143051147 0.6600919961929321 0.2726743817329407 -0.09484423696994781 0.9852062463760376 -0.18742382526397705 -0.7320016622543335 0.09379652142524719 0.6482654809951782 0.27350926399230957 -0.08139030635356903 0.9719662070274353 -0.20325860381126404 -0.7351425886154175 0.06533583998680115 0.6434148550033569 0.27946677803993225 -0.07036282867193222 0.944912850856781 -0.20422710478305817 -0.6316649317741394 0.06827536225318909 0.7447344064712524
0.20311854779720306 -0.1195644736289978 0.8338354825973511 0.8728362321853638 -0.07718595862388611 0.4526416659355163 0.16527181863784787 0.21667250990867615 -0.1496460735797882 0.9582452178001404 0.6993733607639753 0.3875487797494021 0.44049350433200335 -0.4082259309163706 0.2636621594429016 -0.1194772943854332 0.9859442710876465 -0.23240184783935547 -0.7150061726570129 0.01977473497390747 0.659063458442688 0.27212029695510864 -0.09538943320512772 0.9856666326522827 -0.18202215433120728 -0.7349037528038025 0.0928305983543396 0.6466583609580994 0.27292126417160034 -0.08182306587696075 0.9725466966629028 -0.19778653979301453 -0.73797607421875 0.06429451704025269 0.6419798731803894 0.2791922092437744 -0.07049321383237839 0.9454473853111267 -0.1990687996149063 -0.6340769529342651 0.06893077492713928 0.7440207004547119
0.20373483002185822 -0.11912842094898224 0.833955705165863 0.8731971979141235 -0.07515060901641846 0.4551077485084534 0.15734058618545532 0.21704691648483276 -0.15047946572303772 0.9580422639846802 -0.19745408651621754 -0.5885508966092394 -0.03641679592095156 0.7831306311884176 0.26358461380004883 -0.12006489932537079 0.9862800240516663 0.3070437107651813 -0.4941000550745371 0.5211665533814418 0.6244797980404919 0.27173760533332825 -0.09595923125743866 0.9863388538360596 0.3332839903662501 -0.456854678879692 0.5867535885771321 0.5795911547915932 0.27244383096694946 -0.08222717046737671 0.9733856916427612 0.31904064086593015 -0.4791527746285263 0.5686604210603714 0.5875807731259011 0.2790544629096985 -0.0705840066075325 0.9463039636611938 0.3913844073474069 -0.40051230311584995 0.4980715228700996 0.6620674439104034
0.20459502935409546 -0.11867330968379974 0.834102988243103 0.8732562065124512 -0.07396847009658813 0.4574523568153381 0.15063051879405975 0.21752530336380005 -0.1513563096523285 0.9579660296440125 0.42035984067776033 -0.4464032570205337 0.3907041144641006 0.6865654252102098 0.2637409269809723 -0.12054253369569778 0.9866520166397095 0.6580571532249451 0.018248796463012695 0.7204967141151428 0.21797317266464233 0.27165496349334717 -0.09648238122463226 0.9870184659957886 0.6442456245422363 0.09051764011383057 0.7406830787658691 0.16775795817375183 0.27229970693588257 -0.08261072635650635 0.9742109775543213 0.640027642250061 0.061913102865219116 0.7435628175735474 0.1834275722503662 0.27904564142227173 -0.07064953446388245 0.9472314119338989 0.7444262504577637 0.06867510080337524 0.6378916501998901 0.18495289981365204
0.20459502935409546 -0.11867330968379974 0.834102988243103 0.8732562065124512 -0.07396847009658813 0.4574523568153381 0.15063051879405975 0.21752530336380005 -0.1513563096523285 0.9579660296440125 0.42035984067776033 -0.4464032570205337 0.3907041144641006 0.6865654252102098 0.2637409269809723 -0.12054253369569778 0.9866520166397095 0.6580571532249451 0.018248796463012695 0.7204967141151428 0.21797317266464233 0.27165496349334717 -0.09648238122463226 0.9870184659957886 0.6442456245422363 0.09051764011383057 0.7406830787658691 0.16775795817375183 0.27229970693588257 -0.08261072635650635 0.9742109775543213 0.640027642250061 0.061913102865219116 0.7435628175735474 0.1834275722503662 0.27904564142227173 -0.07064953446388245 0.9472314119338989 0.7444262504577637 0.06867510080337524 0.6378916501998901 0.18495289981365204
0.20459502935409546 -0.11867330968379974 0.834102988243103 0.8732562065124512 -0.07396847009658813 0.4574523568153381 0.15063051879405975 0.21752530336380005 -0.1513563096523285 0.9579660296440125 -0.18823578637633115 -0.5919242811528547 -0.03938524022321574 0.7827143562578033 0.2637409269809723 -0.12054253369569778 0.9866520166397095 0.3111864220216918 -0.49656428228938776 0.5223719786613402 0.6194469619520067 0.27165496349334717 -0.09648238122463226 0.9870184659957886 0.3369276866381093 -0.4597363987966051 0.5877476753719233 0.5741732294043734 0.27229970693588257 -0.08261072635650635 0.9742109775543213 0.32286495433722634 -0.4819991189916491 0.5695574657235746 0.582270786317585 0.27904564142227173 -0.07064953446388245 0.9472314119338989 0.39560744406804305 -0.4024968923834094 0.4996181538322606 0.6571702825653493
0.20459502935409546 -0.11867330968379974 0.834102988243103 0.8732562065124512 -0.07396847009658813 0.4574523568153381 0.15063051879405975 0.21752530336380005 -0.1513563096523285 0.9579660296440125 0.7827143562578033 -0.03938524022321574 0.5919242811528547 0.18823578637633115 0.2637409269809723 -0.12054253369569778 0.9866520166397095 0.6194469619520067 0.5223719786613402 0.49656428228938776 -0.3111864220216918 0.27165496349334717 -0.09648238122463226 0.9870184659957886 0.5741732396862469 0.5877476648469688 0.45973639056398274 -0.3369276600409086 0.27229970693588257 -0.08261072635650635 0.9742109775543213 0.582270786317585 0.5695574657235746 0.4819991189916491 -0.32286495433722634 0.27904564142227173 -0.07064953446388245 0.9472314119338989 0.6571702825653493 0.4996181538322606 0.4024968923834094 -0.39560744406804305
0.20459502935409546 -0.11867330968379974 0.834102988243103 0.8732562065124512 -0.07396847009658813 0.4574523568153381 0.15063051879405975 0.21752530336380005 -0.1513563096523285 0.9579660296440125 0.42035984067776033 -0.4464032570205337 0.3907041144641006 0.6865654252102098 0.2637409269809723 -0.12054253369569778 0.9866520166397095 0.6580571532249451 0.018248796463012695 0.7204967141151428 0.21797317266464233 0.27165496349334717 -0.09648238122463226 0.9870184659957886 0.6442456245422363 0.09051764011383057 0.7406830787658691 0.16775795817375183 0.27229970693588257 -0.08261072635650635 0.9742109775543213 0.640027642250061 0.061913102865219116 0.7435628175735474 0.1834275722503662 0.27904564142227173 -0.07064953446388245 0.9472314119338989 0.7444262504577637 0.06867510080337524 0.6378916501998901 0.18495289981365204
0.2123345285654068 -0.11543096601963043 0.8404426574707031 0.8784693479537964 -0.0696936845779419 0.45678117871284485 0.12159487605094911 0.22657464444637299 -0.15456829965114594 0.9626164436340332 0.7872104002706406 -0.0607497093286517 0.5967934795456042 0.14299235913747385 0.26747989654541016 -0.12085022032260895 0.992918848991394 0.5882762310463571 0.5392628745104505 0.5138773210917845 -0.31473292363471184 0.27630898356437683 -0.09779499471187592 0.9944030046463013 0.5485025004155043 0.5941675571058452 0.47376513767822787 -0.34879319908190787 0.2787362039089203 -0.08378962427377701 0.9819554686546326 0.5627064519790091 0.5697033345939998 0.4905437137767177 -0.3437533210838236 0.28517812490463257 -0.07037495076656342 0.9556617736816406 0.6377083057836356 0.5023776687496566 0.4078946711697078 -0.41781202829742103
0.21330901980400085 -0.11323905736207962 0.8419134616851807 0.8797967433929443 -0.06816595792770386 0.4561930894851684 0.11488693952560423 0.22753003239631653 -0.15533459186553955 0.9635794162750244 0.7869530982988898 -0.08141498757388754 0.5997388143020419 0.11995777233672698 0.26778391003608704 -0.1193726509809494 0.9941985607147217 0.5800576250343702 0.5442847904937761 0.5175158092506118 -0.31538017272008084 0.2766281068325043 -0.09656393527984619 0.9960100054740906 0.5419127985039776 0.5962225320721152 0.47688284542969994 -0.3513291328099598 0.2795449495315552 -0.08251217007637024 0.9836632609367371 0.5582883032167335 0.5697145035088551 0.4918855429927591 -0.3489818694492669 0.2859131395816803 -0.0687793493270874 0.9575127363204956 0.633556510750265 0.5026354253689442 0.408209918633147 -0.4234719778048583
0.2154545783996582 -0.11182878166437149 0.843300998210907 0.8813750147819519 -0.06632375717163086 0.4553171992301941 0.10707747936248779 0.23000971972942352 -0.15654274821281433 0.9644104242324829 0.6257319220460306 0.35513963425436773 0.4952277474500359 -0.48691391089346436 0.2702752351760864 -0.1191570907831192 0.9953445196151733 -0.17928749322891235 -0.751832127571106 0.018385708332061768 0.6342449188232422 0.2791948616504669 -0.09647252410650253 0.9974246025085449 -0.12654027342796326 -0.7583762407302856 0.08299142122268677 0.634007453918457 0.28292396664619446 -0.08250753581523895 0.9851105213165283 -0.13959065079689026 -0.7456698417663574 0.052547603845596313 0.6494072675704956 0.2881133258342743 -0.0681222528219223 0.9591965675354004 -0.1405285894870758 -0.6427112817764282 0.06648808717727661 0.7501689791679382
0.21756847202777863 -0.11043674498796463 0.8447020053863525 0.8827974796295166 -0.06441321969032288 0.45468413829803467 0.09890304505825043 0.23264136910438538 -0.15718711912631989 0.9651934504508972 0.6149151282589086 0.34877882050105374 0.5019268318797644 -0.49829941203126077 0.2727351486682892 -0.11912491917610168 0.9965403079986572 -0.171049565076828 -0.7523411512374878 0.01716950535774231 0.6359480619430542 0.28197383880615234 -0.09648922085762024 0.9988555908203125 -0.11785757541656494 -0.7566654682159424 0.0813647210597992 0.6379237174987793 0.2865045964717865 -0.08259084820747375 0.9865909814834595 -0.13086089491844177 -0.7386183738708496 0.049596548080444336 0.6594379544258118 0.2902204394340515 -0.06751299649477005 0.9609363675117493 -0.13216906785964966 -0.6415122151374817 0.06620067358016968 0.7527356743812561
0.21756847202777863 -0.11043674498796463 0.8447020053863525 0.8827974796295166 -0.06441321969032288 0.45468413829803467 0.09890304505825043 0.23264136910438538 -0.15718711912631989 0.9651934504508972 0.6149151282589086 0.34877882050105374 0.5019268318797644 -0.49829941203126077 0.2727351486682892 -0.11912491917610168 0.9965403079986572 -0.171049565076828 -0.7523411512374878 0.01716950535774231 0.6359480619430542 0.28197383880615234 -0.09648922085762024 0.9988555908203125 -0.11785757541656494 -0.7566654682159424 0.0813647210597992 0.6379237174987793 0.2865045964717865 -0.08259084820747375 0.9865909814834595 -0.13086089491844177 -0.7386183738708496 0.049596548080444336 0.6594379544258118 0.2902204394340515 -0.06751299649477005 0.9609363675117493 -0.13216906785964966 -0.6415122151374817 0.06620067358016968 0.7527356743812561
0.2234712839126587 -0.10836266726255417 0.8472387194633484 0.8877074718475342 -0.05716407299041749 0.4502330422401429 0.07744640111923218 0.23990894854068756 -0.16321031749248505 0.9654073119163513 -0.5661812424659729 -0.30908459424972534 -0.538598895072937 0.5420488119125366 0.2854613959789276 -0.1220293864607811 0.9980091452598572 -0.14419087767601013 -0.7199466228485107 0.006089717149734497 0.6788585186004639 0.3018724024295807 -0.09878388047218323 0.9994816780090332 -0.09247517585754395 -0.6811292171478271 0.07210570573806763 0.7227115035057068 0.30609920620918274 -0.08543440699577332 0.9868481159210205 -0.10570010542869568 -0.6543803215026855 0.03340396285057068 0.7479959726333618 0.3004056513309479 -0.06759811192750931 0.9622815847396851 -0.11107058823108674 -0.608545184135437 0.06410211324691772 0.7830881476402283
0.2264706790447235 -0.10711156576871872 0.8485790491104126 0.889625072479248 -0.05405119061470031 0.4484525322914123 0.06734980642795563 0.24370749294757843 -0.16499970853328705 0.9654963612556458 -0.5507858991622925 -0.2975887656211853 -0.5461279153823853 0.5566149950027466 0.2902497947216034 -0.12252356112003326 0.9988319873809814 -0.13309532403945923 -0.7108604311943054 0.003516048192977905 0.690616250038147 0.30759304761886597 -0.09912199527025223 1.0002468824386597 -0.08193081617355347 -0.6636852622032166 0.06956362724304199 0.7402500510215759 0.3116028904914856 -0.08557040989398956 0.9875480532646179 -0.09468185901641846 -0.6357965469360352 0.031079590320587158 0.7653967142105103 0.3045293688774109 -0.06719814985990524 0.963368833065033 -0.10101255774497986 -0.5980569124221802 0.0640394389629364 0.7924792766571045
0.23083052039146423 -0.10513652861118317 0.850125789642334 0.8939760327339172 -0.04806947708129882 0.44248574972152704 0.05198463797569274 0.2493182122707367 -0.168125718832016 0.9648253917694092 0.7777631104799324 -0.21097036925590013 0.5903577109612734 -0.045318981197538806 0.2998009920120239 -0.12313954532146454 0.9989646673202515 0.5937614867895852 0.48018470205343444 0.48161917000730514 -0.43001494121355655 0.31745240092277527 -0.09914331883192062 1.0000112056732178 0.5919164417160052 0.4926778313608882 0.39717547678187154 -0.4991543468449034 0.3214489221572876 -0.08538079261779785 0.9870105981826782 -0.6200141570239611 -0.4411358378046957 -0.40067435843939403 0.5103347902202758 0.3123983144760132 -0.066313236951828 0.9633179903030396 -0.6380304997613607 -0.446910402276125 -0.3555844249953937 0.5164762172616939
0.23439250886440277 -0.10359764099121094 0.8514774441719055 0.8959208726882935 -0.044725924730300896 0.4400168061256408 0.04135943949222564 0.2538878619670868 -0.1687288135290146 0.9649121165275574 -0.5058621764183044 -0.2592073082923889 -0.570393443107605 0.5929303169250488 0.3054148554801941 -0.12317851185798645 0.9994891881942749 -0.10422283411026001 -0.670691967010498 -0.0019254088401794436 0.7343746423721313 0.3225973844528198 -0.09886278212070465 1.000754952430725 -0.0542726218700409 -0.6206263303756714 0.06752052903175354 0.7793065309524536 0.3264461159706116 -0.08484216034412384 0.9877920150756836 -0.06623610854148865 -0.5846271514892578 0.028947383165359497 0.8080755472183228 0.3168911337852478 -0.06547121703624725 0.9643741846084595 -0.07532241940498352 -0.55708909034729 0.06556451320648193 0.8244267702102661
0.238585963845253 -0.10218443721532822 0.8530609607696533 0.8981291055679321 -0.040061354637145996 0.4369495213031769 0.028885334730148315 0.259568989276886 -0.17014586925506592 0.9646464586257935 -0.4895528554916382 -0.24174754321575165 -0.5770861506462097 0.6073448061943054 0.3127861022949219 -0.12368392944335938 0.9998131990432739 -0.08909785747528076 -0.6553579568862915 -0.003342956304550171 0.7500375509262085 0.32902899384498596 -0.09882603585720062 1.0014452934265137 -0.040391504764556885 -0.6074572205543518 0.06759339570999146 0.7904400825500488 0.33286815881729126 -0.0843937024474144 0.9883540868759155 -0.05277398228645325 -0.567205548286438 0.029941797256469727 0.8213381171226501 0.3230794668197632 -0.06471462547779083 0.9649385213851929 -0.06339338421821594 -0.535521388053894 0.06709304451942444 0.839462161064148
0.24265791475772858 -0.10093538463115692 0.8543853163719177 0.9000661373138428 -0.034841328859329224 0.43398037552833557 0.01811710000038147 0.26524025201797485 -0.1713581681251526 0.9642764329910278 -0.4769201874732971 -0.2246999591588974 -0.5820574760437012 0.6190850734710693 0.31968727707862854 -0.12367874383926392 0.9999030828475952 -0.07554736733436584 -0.6437002420425415 -0.0027337074279785156 0.7615348696708679 0.33484819531440735 -0.09831434488296509 1.001963496208191 -0.028269022703170773 -0.598160982131958 0.06932389736175537 0.7978713512420654 0.3381318747997284 -0.08347228169441223 0.9890463352203369 -0.041189491748809814 -0.5581950545310974 0.032910823822021484 0.8280330300331116 0.32800477743148804 -0.06360718607902527 0.9657708406448364 -0.05253443121910095 -0.5240768194198608 0.07053175568580627 0.8471180200576782
0.2463977187871933 -0.09931632876396179 0.855468213558197 0.9019467830657959 -0.02842867374420166 0.4308682978153229 0.006025880575180054 0.27107730507850647 -0.17185163497924805 0.9636410474777222 -0.4664278328418732 -0.20956143736839294 -0.5837587118148804 0.6306781768798828 0.3250313699245453 -0.12282069772481918 1.0000401735305786 -0.06178319454193116 -0.6401611566543579 3.7282705307006836e-05 0.7657523155212402 0.3395959734916687 -0.09706933796405792 1.002454161643982 -0.014971017837524414 -0.5940994620323181 0.07331064343452454 0.8009040355682373 0.3423301875591278 -0.08195587247610092 0.9898210763931274 -0.02819839119911194 -0.5549479722976685 0.03747037053108215 0.8305622339248657 0.33193257451057434 -0.06194528937339783 0.966739296913147 -0.03994189202785491 -0.5176956653594971 0.07550448179244994 0.851290225982666
0.24992993474006653 -0.09727245569229126 0.8561916947364807 0.9035226106643677 -0.01953580975532532 0.42799511551857 -0.00923547148704529 0.27686870098114014 -0.17123281955718994 0.9628616571426392 0.7769438544090992 -0.2678365597397748 0.5541019650130538 -0.1326375199931776 0.3299069404602051 -0.12133732438087463 0.9998983144760132 -0.5745023735082107 -0.45534784959254143 -0.44853409535521044 0.5112948019397032 0.34199753403663635 -0.09532183408737183 1.0036174058914185 -0.5627218987096018 -0.4796770945440185 -0.3691432062861784 0.5630158028658457 0.34456565976142883 -0.07972615212202072 0.991275429725647 -0.5931636347076665 -0.42806546672402834 -0.36538585544374125 0.5756821547461395 0.3352028727531433 -0.059640590101480484 0.9675744771957397 -0.6203250692965677 -0.4220290674483898 -0.3049421755826256 0.5865990441678418
0.2525966763496399 -0.0954466164112091 0.8567299842834473 0.9048062562942505 -0.012102752923965454 0.42513465881347656 -0.020970776677131653 0.28147438168525696 -0.17063666880130768 0.962079644203186 -0.4464651942253113 -0.19666355848312378 -0.5786897540092468 0.653536856174469 0.3333214521408081 -0.1196083053946495 0.9998788833618164 -0.03203359246253967 -0.6406295299530029 0.009491056203842163 0.7671229839324951 0.3419182598590851 -0.0938129723072052 1.00515615940094 0.011492043733596802 -0.6170651912689209 0.08120173215866089 0.7826269268989563 0.3434872329235077 -0.077658511698246 0.9936386346817017 -0.0002028048038482666 -0.5865041017532349 0.050547391176223755 0.8083673715591431 0.3361908197402954 -0.05751935765147209 0.9691901206970215 -0.010235905647277832 -0.5249141454696655 0.08939999341964722 0.8463853001594543
0.2552303671836853 -0.09413354098796844 0.8570009469985962 0.9058893918991089 -0.006177693605422973 0.42240634560585016 -0.029984474182128903 0.28570878505706787 -0.1701253354549408 0.9613277912139893 -0.4409433603286743 -0.19333882629871368 -0.5753002166748047 0.6612251996994019 0.33492574095726013 -0.11823658645153046 1.0001472234725952 -0.023147374391555786 -0.6512452363967896 0.012701481580734253 0.7584078311920166 0.34101131558418274 -0.09298529475927353 1.0064470767974854 0.020709693431854248 -0.6401966214179993 0.08265069127082825 0.763471245765686 0.3414016366004944 -0.0763271301984787 0.9957272410392761 0.009754061698913574 -0.6204068660736084 0.0552828311920166 0.7822685241699219 0.3357763886451721 -0.056107282638549805 0.9713402986526489 0.0018328726291656492 -0.5490977764129639 0.094773530960083 0.8303651809692383
0.2577306926250458 -0.09343636780977249 0.8569305539131165 0.906967043876648 -0.0009697377681732178 0.41944360733032227 -0.038428276777267456 0.2895646095275879 -0.16996151208877563 0.9604710340499878 -0.4373314380645752 -0.19229263067245483 -0.5719579458236694 0.6668047904968262 0.3356155455112457 -0.11765021085739136 1.0002286434173584 -0.015580505132675171 -0.6664009094238281 0.014823317527770996 0.7452834248542786 0.34017080068588257 -0.09298545122146606 1.0071135759353638 0.02923095226287842 -0.661401629447937 0.082984060049057 0.7448537349700928 0.33991527557373047 -0.07589184492826462 0.9968836903572083 0.0192069411277771 -0.6477615237236023 0.05850359797477722 0.7593505382537842 0.3354274332523346 -0.0555962398648262 0.9728842377662659 0.013495087623596191 -0.5716037750244141 0.09863200783729553 0.8144683837890625
0.2597098648548126 -0.0925082191824913 0.8571951389312744 0.9078758955001831 0.003410071134567261 0.41674244403839117 -0.04555755853652955 0.2923417091369629 -0.1692390739917755 0.9603497982025146 0.7814631164932886 -0.2647929246324821 0.5400564648644133 -0.16594934042488224 0.3354168236255646 -0.11687856167554855 1.0006210803985596 -0.5215811482104961 -0.49585693644463313 -0.47270583813335737 0.5085553983597996 0.33900386095046997 -0.09282059967517853 1.0078001022338867 -0.486195038130789 -0.5413425212125056 -0.4243853979381425 0.5389430776538453 0.3379606008529663 -0.07536716759204865 0.998032808303833 -0.5001218533553836 -0.5201249476043411 -0.43437574361175246 0.5391346405446427 0.3350762128829956 -0.054959021508693695 0.9743462204933167 -0.5494325041108377 -0.4888161268470127 -0.34569446873810994 0.5828194912128933
0.26109570264816284 -0.09146946668624878 0.8576717972755432 0.9083082675933838 0.008139222860336304 0.41496551036834717 -0.05209226906299591 0.2940130829811096 -0.16799983382225037 0.9609086513519287 -0.43597060441970825 -0.20323026180267334 -0.5650906562805176 0.6702982187271118 0.3343605399131775 -0.11589302867650986 1.0011990070343018 -0.002711176872253418 -0.7062332034111023 0.018181800842285156 0.7077406048774719 0.33705782890319824 -0.0923367291688919 1.008560299873352 0.04550135135650635 -0.7064042091369629 0.0831141471862793 0.7014376521110535 0.3355262279510498 -0.07465919852256775 0.9991270899772644 0.03574782609939575 -0.7003676295280457 0.06268030405044556 0.7101258039474487 0.334084153175354 -0.05415264889597893 0.9758915901184082 0.03330454230308533 -0.608370304107666 0.10364207625389099 0.7861518859863281
0.26150062680244446 -0.09016334265470505 0.8584702014923096 0.9082513451576233 0.01384204626083374 0.4137658476829529 -0.060709163546562195 0.294397234916687 -0.16615420579910278 0.9620870351791382 0.6689021587371826 -0.55889892578125 0.21854007244110107 0.43868201971054077 0.33212804794311523 -0.11488215625286102 1.0021027326583862 0.6886621713638306 0.019433945417404175 0.7248006463050842 -0.005542933940887451 0.33378058671951294 -0.09132319688796997 1.0096912384033203 0.6785221099853516 0.085837721824646 0.7275618314743042 -0.05378851294517517 0.33249640464782715 -0.07392127066850662 1.0004736185073853 0.6883293390274048 0.06433096528053284 0.7210744619369507 -0.04599970579147339 0.3316643536090851 -0.05332907289266586 0.977877676486969 0.7686449289321899 0.10593333840370178 0.6291886568069458 -0.04565843939781189
0.26218655705451965 -0.0893239825963974 0.8590477108955383 0.907819390296936 0.0190792977809906 0.41320991516113287 -0.068974569439888 0.2946262061595917 -0.1641109585762024 0.9635792970657349 0.6641281247138977 -0.5512393116950989 0.23953768610954285 0.4446243941783905 0.3297973871231079 -0.11420215666294098 1.002748966217041 0.6672241687774658 0.021492868661880493 0.7444387674331665 -0.012688398361206055 0.33028271794319153 -0.09079281985759735 1.0105173587799072 0.6520006656646729 0.08855274319648743 0.7505335807800293 -0.06126120686531067 0.32944008708000183 -0.07384403049945831 1.001533031463623 0.6630226373672485 0.06493827700614929 0.7436827421188354 -0.0558575689792633 0.32943227887153625 -0.053141653537750244 0.9795981049537659 0.7497912049293518 0.10722821950912476 0.6503750681877136 -0.05768537521362305
0.26218655705451965 -0.0893239825963974 0.8590477108955383 0.907819390296936 0.0190792977809906 0.41320991516113287 -0.068974569439888 0.2946262061595917 -0.1641109585762024 0.9635792970657349 0.6641281247138977 -0.5512393116950989 0.23953768610954285 0.4446243941783905 0.3297973871231079 -0.11420215666294098 1.002748966217041 0.6672241687774658 0.021492868661880493 0.7444387674331665 -0.012688398361206055 0.33028271794319153 -0.09079281985759735 1.0105173587799072 0.6520006656646729 0.08855274319648743 0.7505335807800293 -0.06126120686531067 0.32944008708000183 -0.07384403049945831 1.001533031463623 0.6630226373672485 0.06493827700614929 0.7436827421188354 -0.0558575689792633 0.32943227887153625 -0.053141653537750244 0.9795981049537659 0.7497912049293518 0.10722821950912476 0.6503750681877136 -0.05768537521362305
0.26218655705451965 -0.0893239825963974 0.8590477108955383 0.907819390296936 0.0190792977809906 0.41320991516113287 -0.068974569439888 0.2946262061595917 -0.1641109585762024 0.9635792970657349 0.15521264627657247 -0.559163800241845 -0.2204063421013144 0.7840063929556615 0.3297973871231079 -0.11420215666294098 1.002748966217041 0.4807707868377087 -0.5111999474521797 0.5415954538081147 0.4628266817904985 0.33028271794319153 -0.09079281985759735 1.0105173587799072 0.5043523068277662 -0.468091139270873 0.5933236296846873 0.4177158772315001 0.32944008708000183 -0.07384403049945831 1.001533031463623 0.508325068768403 -0.4799448139740164 0.5717814060332537 0.4293305371567382 0.32943227887153625 -0.053141653537750244 0.9795981049537659 0.5709721331191121 -0.38406284164040605 0.5357064525309321 0.48939281791665257
0.26218655705451965 -0.0893239825963974 0.8590477108955383 0.907819390296936 0.0190792977809906 0.41320991516113287 -0.068974569439888 0.2946262061595917 -0.1641109585762024 0.9635792970657349 -0.4446243941783905 -0.23953768610954285 -0.5512393116950989 0.6641281247138977 0.3297973871231079 -0.11420215666294098 1.002748966217041 0.012688398361206055 -0.7444387674331665 0.021492868661880493 0.6672241687774658 0.33028271794319153 -0.09079281985759735 1.0105173587799072 0.06126120686531067 -0.7505335807800293 0.08855274319648743 0.6520006656646729 0.32944008708000183 -0.07384403049945831 1.001533031463623 0.055857568979263306 -0.7436827421188354 0.06493827700614929 0.6630226373672485 0.32943227887153625 -0.053141653537750244 0.9795981049537659 0.05768537521362305 -0.6503750681877136 0.10722821950912476 0.7497912049293518
0.26218655705451965 -0.0893239825963974 0.8590477108955383 0.907819390296936 0.0190792977809906 0.41320991516113287 -0.068974569439888 0.2946262061595917 -0.1641109585762024 0.9635792970657349 -0.4446243941783905 -0.23953768610954285 -0.5512393116950989 0.6641281247138977 0.3297973871231079 -0.11420215666294098 1.002748966217041 0.012688398361206055 -0.7444387674331665 0.021492868661880493 0.6672241687774658 0.33028271794319153 -0.09079281985759735 1.0105173587799072 0.06126120686531067 -0.7505335807800293 0.08855274319648743 0.6520006656646729 0.32944008708000183 -0.07384403049945831 1.001533031463623 0.055857568979263306 -0.7436827421188354 0.06493827700614929 0.6630226373672485 0.32943227887153625 -0.053141653537750244 0.9795981049537659 0.05768537521362305 -0.6503750681877136 0.10722821950912476 0.7497912049293518
0.26333579421043396 -0.08413481712341309 0.8636046051979065 0.9119552969932556 0.03081381320953369 0.40217578411102295 -0.07511833310127258 0.29632729291915894 -0.14382532238960266 0.9751631617546082 0.7994975684469715 -0.07421120480877066 0.5931601054417254 -0.05880070214156183 0.28934288024902344 -0.10695956647396088 0.9808425903320312 0.0468220087553892 0.7292959378891992 0.6782392034562535 -0.07698688755627266 0.2826026976108551 -0.09297214448451996 0.9797482490539551 -0.07185350084786647 0.7328917621243569 0.674693955439309 -0.04994966909001045 0.2862754166126251 -0.07383601367473602 0.9834867715835571 0.0515200547386258 0.7251649171665819 0.669147071927063 -0.15402540500197118 0.29831162095069885 -0.056135762482881546 0.9824733734130859 0.22638661271390045 0.6822357256827385 0.5813381723229625 -0.38124736825335753
0.26333579421043396 -0.08413481712341309 0.8636046051979065 0.9119552969932556 0.03081381320953369 0.40217578411102295 -0.07511833310127258 0.29632729291915894 -0.14382532238960266 0.9751631617546082 -0.5237518548965454 -0.3669522702693939 -0.4719027578830719 0.6069085001945496 0.28934288024902344 -0.10695956647396088 0.9808425903320312 -0.021329790353775024 0.9952776432037354 -0.03610256314277649 -0.08754611015319824 0.2826026976108551 -0.09297214448451996 0.9797482490539551 -0.08612784743309021 0.9953134059906006 -0.04115206375718117 0.015488347969949245 0.2862754166126251 -0.07383601367473602 0.9834867715835571 -0.07248222827911377 0.9859274625778198 -0.0396105982363224 -0.14534258842468262 0.29831162095069885 -0.056135762482881546 0.9824733734130859 -0.10950309038162231 0.8934816718101501 -0.07134534418582916 -0.4296621084213257
0.2611359655857086 -0.08465186506509781 0.8647180795669556 0.9202573895454407 0.02707910537719727 0.3818019628524781 -0.081366166472435 0.2952980101108551 -0.13263839483261108 0.9780830144882202 -0.5845576524734497 -0.43861040472984314 -0.400498628616333 0.5527334213256836 0.283894807100296 -0.10724207758903503 0.9372246265411377 -0.004164367914199829 0.8308677673339844 -0.048192113637924194 0.5543636083602905 0.28227996826171875 -0.09236644953489304 0.9340862035751343 -0.04012352228164673 0.7430877089500427 -0.019099563360214233 0.6677170991897583 0.27693313360214233 -0.07734262943267822 0.9344449639320374 -0.0359969437122345 0.8208895921707153 0.03291842341423035 0.5689998865127563 0.2697194218635559 -0.06793789565563202 0.9384492039680481 -0.1230657696723938 0.9146780371665955 0.06250470876693726 0.3798844516277313
0.2602919638156891 -0.08627369999885559 0.8657081127166748 0.9246087074279785 0.017083555459976196 0.3724255859851837 -0.0781417191028595 0.2962074279785156 -0.12667801976203918 0.9781244993209839 -0.6346287727355957 -0.4754500091075897 -0.338748037815094 0.5064023733139038 0.28997087478637695 -0.10887212306261063 0.9268733859062195 0.008555948734283447 0.6652388572692871 -0.07160723209381104 0.7431396245956421 0.28859734535217285 -0.09287337958812714 0.9254840612411499 -0.013179868459701536 0.5656554698944092 -0.0387418270111084 0.8236257433891296 0.2855885624885559 -0.07740263640880585 0.9236006140708923 0.0029756128787994385 0.5993683338165283 0.036616504192352295 0.7996298670768738 0.2813684940338135 -0.0662674680352211 0.9228273630142212 -0.07711988687515259 0.6547641158103943 0.09988442063331604 0.7452244758605957
0.258731484413147 -0.08592906594276428 0.8667473793029785 0.9291077852249146 0.004381626844406128 0.3630470037460327 -0.07025869190692902 0.296164870262146 -0.11924322694540024 0.9766550064086914 0.800541798739695 0.17633086455332275 0.5486578915527879 0.1643616779603375 0.2932592034339905 -0.10931141674518585 0.9247106313705444 -0.5688743975077586 0.4684099026906009 0.33840514733174826 0.5851978616155682 0.29148462414741516 -0.09280075132846832 0.924196183681488 -0.620811797436413 0.3814526545758676 0.3018670912042297 0.61478706224929 0.2902805209159851 -0.07688789069652557 0.9226055145263672 -0.6073627160029412 0.3197764587307095 0.3537147865030281 0.6354048653366255 0.28933849930763245 -0.06395011395215988 0.9217506051063538 -0.657523839538389 0.2675795354399441 0.3980346971280944 0.581061130423412
0.258731484413147 -0.08592906594276428 0.8667473793029785 0.9291077852249146 0.004381626844406128 0.3630470037460327 -0.07025869190692902 0.296164870262146 -0.11924322694540024 0.9766550064086914 0.6822897938858724 0.5126444586933144 0.26327496199830114 -0.4498472712874012 0.2932592034339905 -0.10931141674518585 0.9247106313705444 0.011542677879333496 0.5705043077468872 -0.09192723035812378 0.8160521984100342 0.29148462414741516 -0.09280075132846832 0.924196183681488 -0.0042599886655807495 0.48317998647689825 -0.056275486946105964 0.8737002611160278 0.2902805209159851 -0.07688789069652557 0.9226055145263672 0.019828766584396362 0.4762302339076996 0.023998022079467773 0.8787693977355957 0.28933849930763245 -0.06395011395215988 0.9217506051063538 -0.054067268967628486 0.4706603288650513 0.09224572777748108 0.8758118152618408
0.25822901725769043 -0.08317065984010696 0.8666338920593262 0.9342238903045654 -0.01624855399131775 0.3520398437976837 -0.0550420880317688 0.296052485704422 -0.10627248883247375 0.9695942997932434 0.7382699760679227 0.5687484211834829 0.12066716842241866 -0.34193876786519317 0.29484444856643677 -0.10797137022018433 0.923927903175354 0.014812409877777101 0.5302597284317017 -0.11011865735054018 0.8405232429504395 0.29323917627334595 -0.09121814370155334 0.9233860373497009 0.002084866166114807 0.4572415351867676 -0.06421715021133423 0.8870186805725098 0.29387399554252625 -0.07454945147037506 0.9226632714271545 0.02419288456439972 0.4114561080932617 0.0009867846965789795 0.9111078977584839 0.29427462816238403 -0.060783617198467255 0.9216837286949158 -0.0515761524438858 0.39061105251312256 0.06363368034362793 0.9169044494628906
0.25822901725769043 -0.08317065984010696 0.8666338920593262 0.9342238903045654 -0.01624855399131775 0.3520398437976837 -0.0550420880317688 0.296052485704422 -0.10627248883247375 0.9695942997932434 0.7382699760679227 0.5687484211834829 0.12066716842241866 -0.34193876786519317 0.29484444856643677 -0.10797137022018433 0.923927903175354 0.014812409877777101 0.5302597284317017 -0.11011865735054018 0.8405232429504395 0.29323917627334595 -0.09121814370155334 0.9233860373497009 0.002084866166114807 0.4572415351867676 -0.06421715021133423 0.8870186805725098 0.29387399554252625 -0.07454945147037506 0.9226632714271545 0.02419288456439972 0.4114561080932617 0.0009867846965789795 0.9111078977584839 0.29427462816238403 -0.060783617198467255 0.9216837286949158 -0.0515761524438858 0.39061105251312256 0.06363368034362793 0.9169044494628906
0.2595185935497284 -0.08268791437149048 0.8650323152542114 0.9347992539405823 -0.024593412876129154 0.35141128301620483 -0.045338451862335205 0.29682961106300354 -0.10268785059452057 0.9658478498458862 0.7518937055993475 0.5778608868771388 0.07948296449159947 -0.30727040504892283 0.2945653796195984 -0.10740767419338226 0.9235233068466187 0.014920353889465334 0.5599194169044495 -0.1171916425228119 0.8200815916061401 0.29389411211013794 -0.09066001325845718 0.9214003086090088 0.0012059211730957031 0.4726409316062927 -0.07111424207687378 0.878380298614502 0.2943631410598755 -0.07397747039794922 0.9206013083457947 0.020867854356765747 0.4350549578666687 -0.0110740065574646 0.9000939726829529 0.2941760718822479 -0.06065359711647034 0.9194936156272888 -0.05875231325626373 0.4539509415626526 0.04583168029785156 0.8879055380821228
0.25936558842658997 -0.08255444467067719 0.8643383383750916 0.9338993430137634 -0.029344677925109867 0.3543691635131836 -0.03732769191265106 0.29697874188423157 -0.1012195497751236 0.9645245671272278 0.7564794359023272 0.5779307672807431 0.06490495342915219 -0.2992025700650383 0.29297107458114624 -0.10689021646976471 0.9236123561859131 0.01435995101928711 0.5802738666534424 -0.12312835454940796 0.8049319982528687 0.29268205165863037 -0.0901704728603363 0.9206683039665222 -0.0007249265909194946 0.48416531085968023 -0.07809397578239441 0.8714841604232788 0.2927783727645874 -0.07367277890443802 0.9194165468215942 0.01908096671104431 0.46254622936248785 -0.01803627610206604 0.8862062692642212 0.29188215732574463 -0.060683298856019974 0.9183205366134644 -0.06310650706291199 0.5024086236953735 0.03237542510032654 0.8617162704467773
0.2595924139022827 -0.08279074728488922 0.8635339736938477 0.9335405826568604 -0.03035584092140198 0.35547798871994024 -0.03487180173397064 0.2972795367240906 -0.10119161754846573 0.9636985659599304 0.746590528380944 0.36369583516944104 0.45271446409599275 0.32461899634864133 0.29288339614868164 -0.10694850981235504 0.9229506850242615 -0.5586997256047477 0.499739697723072 0.32230023389896223 0.5781328424694719 0.2926523983478546 -0.09024325758218765 0.9199240207672119 -0.616958281630565 0.40005804855250837 0.2862979260456138 0.6142879338315631 0.2926359474658966 -0.0738685205578804 0.9185866117477417 -0.6114319927571086 0.3431410559175234 0.3170074776598706 0.6386797729832583 0.29187166690826416 -0.060856711119413376 0.9174779653549194 -0.6531324009622028 0.337032674961777 0.3786038877602668 0.5625714489341884
0.2598813772201538 -0.08346867561340332 0.8613337278366089 0.9328446388244629 -0.030757278203964237 0.3577523529529572 -0.029465109109878544 0.2977837920188904 -0.10133866965770721 0.9616687297821045 0.7586578077477574 0.5758932582139368 0.06104651350503729 -0.2984271241344558 0.2925144135951996 -0.10709374397993088 0.9210895299911499 0.0116959810256958 0.5850586891174316 -0.1298292875289917 0.8004460334777832 0.29249677062034607 -0.09043256938457489 0.9178531169891357 -0.005285128951072693 0.48692733049392695 -0.08466538786888123 0.8693133592605591 0.29217639565467834 -0.07432307302951813 0.916290283203125 0.01919957995414734 0.4741126298904419 -0.017067432403564453 0.8800894021987915 0.29134345054626465 -0.06123528629541397 0.9152704477310181 -0.06691092252731323 0.5129216909408569 0.02480494976043701 0.8554642796516418
0.25992560386657715 -0.08354802429676056 0.8604560494422913 0.9319018721580505 -0.028565466403961178 0.36053919792175293 -0.027466699481010434 0.29784852266311646 -0.10149247944355011 0.9615486860275269 0.7569355519112166 0.5740198522910471 0.06940960944584616 -0.30451929546087475 0.292204886674881 -0.10670644044876099 0.9205281138420105 0.008843749761581421 0.5840970277786255 -0.13024652004241943 0.801116943359375 0.2922302782535553 -0.09011681377887726 0.9171833395957947 -0.008074134588241577 0.48473888635635376 -0.08468940854072571 0.8705117702484131 0.29180046916007996 -0.07414913922548294 0.9155116677284241 0.01820613443851471 0.47309547662734985 -0.013733506202697754 0.8807160258293152 0.2908456325531006 -0.061028651893138885 0.9145037531852722 -0.06889612972736359 0.5119797587394714 0.026130288839340206 0.8558313846588135
0.26006102561950684 -0.08397948741912842 0.8600420951843262 0.9307332634925842 -0.02605903148651123 0.3637211322784424 -0.027629852294921875 0.29800206422805786 -0.10210307687520981 0.9617744088172913 0.7538616453980623 0.5732864438822288 0.077654104359251 -0.3114563660474166 0.2919885814189911 -0.1068187952041626 0.9203721284866333 0.006772786378860474 0.5821512937545776 -0.12874457240104675 0.802794337272644 0.29198864102363586 -0.09029931575059891 0.9170014262199402 -0.009635120630264282 0.4818406105041504 -0.08271369338035583 0.8722931146621704 0.29150915145874023 -0.07445786893367767 0.9153069257736206 0.018269941210746765 0.4701222777366638 -0.008692353963851929 0.8823693990707397 0.2905515432357788 -0.06131816655397415 0.9142656326293945 -0.06915879249572754 0.5085309147834778 0.030665874481201172 0.8577138185501099
0.26026418805122375 -0.08435818552970886 0.8597167730331421 0.9293601512908936 -0.022029191255569458 0.36727529764175415 -0.03022149205207825 0.29821425676345825 -0.10275033116340637 0.9619005918502808 0.7546280843015553 0.3471391075373868 0.4661073305778893 0.3045896081856118 0.29190364480018616 -0.10695155709981918 0.9202660322189331 -0.5661303667964409 0.49772741183310026 0.32174637235784365 0.5729249169722648 0.2917889952659607 -0.0905122309923172 0.9169222116470337 -0.6257967930151727 0.39322864537730534 0.28333077334963125 0.6111247776090064 0.29118338227272034 -0.07469285279512405 0.9152504801750183 -0.6127845493912442 0.332065700965917 0.3279556665283334 0.6377089698947563 0.29019272327423096 -0.06154784560203552 0.9142094850540161 -0.6578853054893936 0.33057279266021145 0.3817236884814298 0.558744969332759
0.2602875828742981 -0.0845407024025917 0.859375 0.9284121990203857 -0.016163676977157593 0.3694246709346771 -0.03626009821891785 0.29833871126174927 -0.10316373407840729 0.9615923166275024 0.7425473387838941 0.5806109265851761 0.08575304533598438 -0.3227395391212414 0.2919667661190033 -0.10701644420623779 0.9199417233467102 0.002911299467086792 0.5776852369308472 -0.11622685194015503 0.8079372048377991 0.29159441590309143 -0.09061838686466217 0.9167096614837646 -0.010613560676574707 0.47625496983528137 -0.06913849711418152 0.8765207529067993 0.29076430201530457 -0.0748019888997078 0.9151639342308044 0.017486602067947388 0.4638713300228119 0.006099104881286621 0.8857089877128601 0.2896060645580292 -0.06165232136845589 0.914184033870697 -0.0706639438867569 0.499728262424469 0.04498165845870972 0.8621223568916321
0.2599259614944458 -0.08525121212005615 0.8589298725128174 0.9277755618095398 -0.01572275161743164 0.3711510002613067 -0.035103678703308105 0.2977423071861267 -0.10383683443069458 0.961417555809021 0.7423960496381619 0.5803604646760184 0.08794426217077196 -0.322948484790171 0.2913805842399597 -0.1075257956981659 0.9196797609329224 0.0015877783298492432 0.5759849548339844 -0.11692216992378235 0.809053897857666 0.2910182774066925 -0.09119167923927307 0.9163966178894043 -0.011531516909599304 0.47456032037734985 -0.06982851028442383 0.8773731589317322 0.29024890065193176 -0.07537983357906342 0.9148395657539368 0.01645076274871826 0.46100762486457825 0.005500167608261108 0.8872267007827759 0.28908291459083557 -0.062230125069618225 0.9137818217277527 -0.07174402475357056 0.49767702817916876 0.04419738054275513 0.8632595539093018
0.25965383648872375 -0.08576686680316925 0.8585905432701111 0.927243709564209 -0.016198068857192993 0.3728035092353821 -0.03121474385261536 0.29742178320884705 -0.10405521094799042 0.961337685585022 -0.2978296398465127 -0.4717906255237514 0.34689640453065584 0.7539058338272485 0.2908191680908203 -0.10774282366037369 0.919600248336792 0.5726703083663776 0.32085718721355877 -0.49123327059197164 0.572529152943214 0.29053157567977905 -0.09143369644880295 0.9162002205848694 0.6112696443571648 0.28262899874208974 -0.3861359221898466 0.6303722438249876 0.2898366451263428 -0.07563658803701401 0.9145316481590271 0.6381181211925112 0.32657460176723585 -0.3232357703702167 0.6177970128448689 0.2887605130672455 -0.06251280009746552 0.913393497467041 0.5594462460047079 0.3802274653986625 -0.32092107077658943 0.6629154635293139
0.25971364974975586 -0.08595944941043854 0.8585011959075928 0.9265332221984863 -0.012093961238861084 0.37464624643325806 -0.03209599852561951 0.29755884408950806 -0.10407792776823044 0.9614301919937134 0.32437423451803005 -0.08866912354746537 0.5817652387223196 0.7405865571612307 0.29079973697662354 -0.107587069272995 0.9196776151657104 0.8114792108535767 -0.1175876557826996 -0.5724226832389832 0.0026094913482666016 0.2903926372528076 -0.09129244089126587 0.9162521362304688 0.8792537450790405 -0.06997177004814148 -0.47091835737228394 0.015897631645202637 0.28958752751350403 -0.07552360743284225 0.914562463760376 0.8891457915306091 0.00624924898147583 -0.45741981267929077 -0.012163430452346802 0.2884196639060974 -0.062425773590803146 0.9133332371711731 0.8661062717437744 0.046254634857177734 -0.4920154809951782 0.07510773837566376
0.25971364974975586 -0.08595944941043854 0.8585011959075928 0.9265332221984863 -0.012093961238861084 0.37464624643325806 -0.03209599852561951 0.29755884408950806 -0.10407792776823044 0.9614301919937134 0.32437423451803005 -0.08866912354746537 0.5817652387223196 0.7405865571612307 0.29079973697662354 -0.107587069272995 0.9196776151657104 0.8114792108535767 -0.1175876557826996 -0.5724226832389832 0.0026094913482666016 0.2903926372528076 -0.09129244089126587 0.9162521362304688 0.8792537450790405 -0.06997177004814148 -0.47091835737228394 0.015897631645202637 0.28958752751350403 -0.07552360743284225 0.914562463760376 0.8891457915306091 0.00624924898147583 -0.45741981267929077 -0.012163430452346802 0.2884196639060974 -0.062425773590803146 0.9133332371711731 0.8661062717437744 0.046254634857177734 -0.4920154809951782 0.07510773837566376
0.25971364974975586 -0.08595944941043854 0.8585011959075928 0.9265332221984863 -0.012093961238861084 0.37464624643325806 -0.03209599852561951 0.29755884408950806 -0.10407792776823044 0.9614301919937134 -0.2943065740880921 -0.474068657030232 0.3486715870534413 0.753040989825847 0.29079973697662354 -0.107587069272995 0.9196776151657104 0.5719571391725768 0.3216169089835504 -0.4879109545365325 0.5756476834319119 0.2903926372528076 -0.09129244089126587 0.9162521362304688 0.6104849984989833 0.2835120562465963 -0.3824670843362846 0.6329675964889446 0.28958752751350403 -0.07552360743284225 0.914562463760376 0.6373220163421257 0.32786356453678756 -0.31902579114985585 0.6201201237909681 0.2884196639060974 -0.062425773590803146 0.9133332371711731 0.5593203960208402 0.3806144428214534 -0.3152005119507176 0.6655388199581669
0.25971364974975586 -0.08595944941043854 0.8585011959075928 0.9265332221984863 -0.012093961238861084 0.37464624643325806 -0.03209599852561951 0.29755884408950806 -0.10407792776823044 0.9614301919937134 -0.2943065740880921 -0.474068657030232 0.3486715870534413 0.753040989825847 0.29079973697662354 -0.107587069272995 0.9196776151657104 0.5719571391725768 0.3216169089835504 -0.4879109545365325 0.5756476834319119 0.2903926372528076 -0.09129244089126587 0.9162521362304688 0.6104849984989833 0.2835120562465963 -0.3824670843362846 0.6329675964889446 0.28958752751350403 -0.07552360743284225 0.914562463760376 0.6373220163421257 0.32786356453678756 -0.31902579114985585 0.6201201237909681 0.2884196639060974 -0.062425773590803146 0.9133332371711731 0.5593203960208402 0.3806144428214534 -0.3152005119507176 0.6655388199581669
0.25971364974975586 -0.08595944941043854 0.8585011959075928 0.9265332221984863 -0.012093961238861084 0.37464624643325806 -0.03209599852561951 0.29755884408950806 -0.10407792776823044 0.9614301919937134 0.753040989825847 0.3486715870534413 0.474068657030232 0.2943065740880921 0.29079973697662354 -0.107587069272995 0.9196776151657104 -0.5756475158855551 0.48791095407986795 0.32161690868253023 0.5719573056448229 0.2903926372528076 -0.09129244089126587 0.9162521362304688 -0.632967647024852 0.3824670848884013 0.2835120566558648 0.6104849497580824 0.28958752751350403 -0.07552360743284225 0.914562463760376 -0.6201203211871545 0.3190257897606332 0.32786356310908016 0.6373218134703099 0.2884196639060974 -0.062425773590803146 0.9133332371711731 -0.6655387679013083 0.31520050981273096 0.3806144402397679 0.5593204397695505
0.2595779001712799 -0.08743390440940857 0.8551552891731262 0.9241727590560913 -0.009485632181167603 0.3807857036590576 -0.02858327329158783 0.2965131998062134 -0.10563641786575317 0.9589943289756775 0.7392217027608294 0.5814187315497442 0.09680275514709293 -0.3257803238495449 0.2898050546646118 -0.10854757577180862 0.9170002341270447 -0.004461765289306641 0.5675671100616455 -0.11616337299346924 0.8150789141654968 0.2894507944583893 -0.09228677302598953 0.9133354425430298 -0.018544510006904602 0.46484410762786865 -0.06937393546104431 0.882475733757019 0.2887084484100342 -0.07655911892652512 0.9114980697631836 0.00906437635421753 0.45114666223525995 0.0072979629039764396 0.8923739194869995 0.2875599265098572 -0.06352845579385757 0.910061240196228 -0.07752615213394165 0.4855625033378601 0.04822102189064026 0.8694213628768921
0.25961488485336304 -0.08760862052440643 0.8544172048568726 0.9236010909080505 -0.011250972747802734 0.3821825087070465 -0.02776503562927246 0.29629993438720703 -0.10629867017269135 0.9584904313087463 -0.2926952612672009 -0.48012179215660283 0.33733493381050933 0.7549951327403065 0.2895453870296478 -0.10884955525398254 0.9164528846740723 0.5735796050237062 0.31904353677615355 -0.48480601064221857 0.5780839741506548 0.289285272359848 -0.09259909391403198 0.9127967357635498 0.6112029892629633 0.2789994981576355 -0.3789030409841862 0.636413965981223 0.2886192202568054 -0.07684063166379929 0.9108414053916931 0.6384604070133822 0.3219696941294073 -0.31419111408971234 0.6244899421625394 0.28752827644348145 -0.06380719691514969 0.9093970060348511 0.5610979336558932 0.3753312830963481 -0.30979608648737794 0.6695687860264398
0.25961488485336304 -0.08760862052440643 0.8544172048568726 0.9236010909080505 -0.011250972747802734 0.3821825087070465 -0.02776503562927246 0.29629993438720703 -0.10629867017269135 0.9584904313087463 0.7549951327403065 0.33733493381050933 0.48012179215660283 0.2926952612672009 0.2895453870296478 -0.10884955525398254 0.9164528846740723 -0.578084177883265 0.4848060113105093 0.31904353721594564 0.5735794028786301 0.289285272359848 -0.09259909391403198 0.9127967357635498 -0.6364140141695556 0.37890304156393456 0.27899949858452433 0.6112029429835725 0.2886192202568054 -0.07684063166379929 0.9108414053916931 -0.6244898873043639 0.31419111439501896 0.3219696944422725 0.6384604630987949 0.28752827644348145 -0.06380719691514969 0.9093970060348511 -0.6695691884758452 0.3097961028995464 0.3753313029803961 0.5610975964039203
0.2595862150192261 -0.088163360953331 0.8531132936477661 0.923612654209137 -0.018135905265808105 0.3821294307708741 -0.024245515465736393 0.2963002026081085 -0.10811224579811096 0.9575889110565186 0.7458978232039352 0.5667855191636871 0.11042569671386368 -0.331959011987091 0.28887462615966797 -0.10981494188308716 0.9157747626304626 0.0003509223461151123 0.5873985290527344 -0.12221974134445192 0.8000158071517944 0.2888561487197876 -0.09369996190071106 0.9123547077178955 -0.01791548728942871 0.48927414417266846 -0.07564029097557068 0.8686590194702148 0.288280189037323 -0.07780778408050537 0.9103187918663025 0.011325165629386902 0.4785730242729187 -0.0023652613162994385 0.8779715299606323 0.2878210246562958 -0.06469305604696274 0.9088088870048523 -0.07501734793186188 0.5033653974533081 0.0381697416305542 0.8599644303321838
0.259437620639801 -0.08846020698547363 0.8521971702575684 0.9234212636947632 -0.01933702826499939 0.38249385356903076 -0.024854227900505066 0.2962428629398346 -0.10960516333580017 0.9573978781700134 0.7688883672815581 0.3066071681360347 0.48397954521026465 0.28384265419550997 0.28848859667778015 -0.11035159230232239 0.9156877398490906 -0.5569821706886892 0.5119358760699964 0.3417196179284943 0.5576024621460623 0.2883612811565399 -0.094374880194664 0.9126715064048767 -0.6184030726255301 0.41603890980492664 0.3124919073033106 0.5889293976227109 0.28749310970306396 -0.07815372943878174 0.9110521078109741 -0.5981876991870243 0.3751502641598448 0.36237226598194316 0.608375172834402 0.28755277395248413 -0.06510570645332336 0.9092510342597961 -0.6475706994095267 0.3545810017594336 0.4048834441168803 0.5394391340972003
0.25940272212028503 -0.08846038579940796 0.8511190414428711 0.9234969615936279 -0.017609328031539917 0.38201552629470825 -0.030123308300971985 0.29659807682037354 -0.11127887666225433 0.9568585157394409 0.7386562356476941 0.5538385414265729 0.14061331504775068 -0.35759993766623044 0.2876720130443573 -0.11061659455299377 0.9163169860839844 0.00032258033752441406 0.6428377628326416 -0.11132776737213136 0.7578691244125366 0.2878265976905823 -0.09503848850727081 0.9144597053527832 -0.028808951377868656 0.567031979560852 -0.06322374939918518 0.8207604885101318 0.28707560896873474 -0.0781719982624054 0.9137905240058899 -0.004444241523742676 0.5930577516555786 -0.017313241958618164 0.8049615621566772 0.28749141097068787 -0.06520986557006836 0.911327600479126 -0.08115875720977783 0.6037182211875916 0.035398662090301514 0.7922655344009399
0.2592576742172241 -0.08848191797733307 0.8500729203224182 0.9233173131942749 -0.016827404499053955 0.38218453526496887 -0.033719420433044434 0.296688973903656 -0.11307583749294281 0.9566019773483276 0.7327579386226343 0.5462715379872576 0.15938902922917206 -0.3731600285350702 0.2851283848285675 -0.11059723049402237 0.9187949895858765 0.0016633272171020506 0.7138352394104004 -0.10299465060234068 0.6926966905593872 0.28580039739608765 -0.0954483151435852 0.9187225103378296 -0.04120349884033203 0.659483015537262 -0.059125274419784546 0.7482571601867676 0.2866396903991699 -0.07823537290096283 0.9180869460105896 -0.021077126264572144 0.6893056631088257 -0.02722865343093872 0.7236519455909729 0.2875765860080719 -0.06516005098819733 0.9147493839263916 -0.0894516110420227 0.6963463425636292 0.029074281454086304 0.7115159034729004
0.2592576742172241 -0.08848191797733307 0.8500729203224182 0.9233173131942749 -0.016827404499053955 0.38218453526496887 -0.033719420433044434 0.296688973903656 -0.11307583749294281 0.9566019773483276 0.7327579386226343 0.5462715379872576 0.15938902922917206 -0.3731600285350702 0.2851283848285675 -0.11059723049402237 0.9187949895858765 0.0016633272171020506 0.7138352394104004 -0.10299465060234068 0.6926966905593872 0.28580039739608765 -0.0954483151435852 0.9187225103378296 -0.04120349884033203 0.659483015537262 -0.059125274419784546 0.7482571601867676 0.2866396903991699 -0.07823537290096283 0.9180869460105896 -0.021077126264572144 0.6893056631088257 -0.02722865343093872 0.7236519455909729 0.2875765860080719 -0.06516005098819733 0.9147493839263916 -0.0894516110420227 0.6963463425636292 0.029074281454086304 0.7115159034729004
0.2590014636516571 -0.08851298689842224 0.8492121696472168 0.9190727472305298 -0.01693388819694519 0.39252036809921265 -0.030762434005737305 0.29428863525390625 -0.11837703734636307 0.9596095085144043 0.796247415297565 0.19923102759988973 0.5320260140212809 0.20795535605631862 0.27418947219848633 -0.10615329444408417 0.9417855739593506 -0.20835734995927402 0.7381528294176043 0.5930470357229786 0.244975459176206 0.27701377868652344 -0.09268175810575485 0.9401344656944275 -0.34089473215699656 0.6943071836888498 0.5738832272216435 0.26904725238156657 0.2823842763900757 -0.07763610780239105 0.9327393174171448 -0.34672956293826895 0.6681196397616667 0.5952496774413625 0.2811986734960152 0.2860889732837677 -0.06418612599372864 0.9281361699104309 -0.3626135511036908 0.6454473431978226 0.6372825503371708 0.2139628386643744
0.2588118612766266 -0.0879986435174942 0.8496110439300537 0.9147865772247314 -0.015643775463104248 0.40274250507354736 -0.026818737387657166 0.2912816107273102 -0.12331901490688324 0.9618908762931824 0.6851158408227908 0.49896120706368324 0.28924291666225777 -0.4449633694014194 0.2748669981956482 -0.10262677818536758 0.9590718150138855 0.041893124580383294 0.9907064437866211 -0.10043469071388243 0.08160053193569183 0.27626335620880127 -0.08938922733068466 0.9553505182266235 -0.046886444091796875 0.9669655561447144 -0.10015654563903809 0.2296694815158844 0.2812942564487457 -0.07566076517105103 0.9461953043937683 -0.053242951631546014 0.9663252830505371 -0.0668296068906784 0.24272309243679044 0.2865121364593506 -0.06179399788379669 0.9400601387023926 -0.10462048649787903 0.9787544012069702 -0.034774698317050934 0.1728733777999878
0.2589487135410309 -0.08721701800823212 0.8501636385917664 0.9097234010696411 -0.012583523988723753 0.41441631317138666 -0.022450134158134457 0.2873961925506592 -0.1291774958372116 0.9637130498886108 0.6504773113019177 0.4792600416291486 0.3465894944040857 -0.4765131318616603 0.2801692485809326 -0.09969010204076767 0.9748553037643433 0.05379891395568848 0.9847358465194702 -0.09089324623346329 -0.1383455991744995 0.28074565529823303 -0.08518490940332413 0.9715985059738159 -0.04299849271774292 0.992550790309906 -0.11340467631816865 0.011548504233360292 0.285597562789917 -0.07235252857208252 0.9619536399841309 -0.05663082003593444 0.9949795007705688 -0.0812973454594612 0.014117121696472166 0.29199549555778503 -0.05733692646026611 0.9533153772354126 -0.09422272443771364 0.9883529543876648 -0.06771427392959595 -0.09846514463424684
0.25859537720680237 -0.08731406182050705 0.849980354309082 0.904097855091095 -0.006466269493103027 0.42689454555511475 -0.01806516945362091 0.2833752930164337 -0.13494303822517395 0.964575469493866 -0.6127023100852966 -0.451102077960968 -0.4035235345363617 0.5082043409347534 0.28920236229896545 -0.09969423711299896 0.9866071939468384 0.05313175916671753 0.9428491592407227 -0.07366213202476501 -0.3206031620502472 0.28823941946029663 -0.08197624981403351 0.9842325448989868 -0.038829803466796875 0.9756119251251221 -0.12028441578149796 -0.1794584095478058 0.2927471101284027 -0.06951060891151428 0.9747501611709595 -0.053597092628479 0.975689172744751 -0.08823832869529723 -0.19331851601600644 0.3008907735347748 -0.05245049670338631 0.9620000123977661 -0.07709571719169617 0.9342780113220215 -0.09650241583585739 -0.33446696400642395
0.2587834298610687 -0.08796185255050659 0.8493164777755737 0.897847056388855 0.000211864709854126 0.44009059667587286 -0.013818666338920595 0.2802744209766388 -0.1404743492603302 0.9644614458084106 0.7847737312283223 -0.02292417783966304 0.6189247318683583 0.023172131784844934 0.299679696559906 -0.10093483328819275 0.9938218593597412 0.3600804412144891 0.6662613219905487 0.5838157221291147 -0.2925701250319212 0.2973697781562805 -0.07984405755996704 0.9930007457733154 0.21525053025350355 0.7459308775279639 0.5735094268222004 -0.26142193918185436 0.3017182946205139 -0.06746852397918701 0.983372688293457 0.22503085396442626 0.7178098363886314 0.5924500414188899 -0.2882936529009148 0.31096574664115906 -0.04848136752843857 0.9658974409103394 0.3282783680832 0.6785999699427948 0.5173266346226779 -0.4051034328146151
0.25967472791671753 -0.08957962691783905 0.8483161926269531 0.8916499018669128 0.008238494396209717 0.45245820283889776 -0.013194605708122255 0.278391569852829 -0.14625409245491028 0.9634048938751221 0.024687763292660037 -0.628612580836811 -0.06974852056459906 0.7741910372200127 0.31002500653266907 -0.10345252603292465 0.9970242977142334 0.3709113383448187 -0.5498360899226618 0.6167554651422584 0.4239313572750987 0.30719244480133057 -0.07852359116077423 0.9981579780578613 0.34780807971823846 -0.529960120853682 0.7099726825915913 0.30677454021075967 0.31110161542892456 -0.06571775674819946 0.9881002306938171 0.3739681860470411 -0.5435806019831143 0.6762825465508475 0.3275817017507392 0.3185300827026367 -0.04646976292133331 0.9666059017181396 0.47699257474979806 -0.4476966796715122 0.6258072384298219 0.42474826856636105
0.25967472791671753 -0.08957962691783905 0.8483161926269531 0.8916499018669128 0.008238494396209717 0.45245820283889776 -0.013194605708122255 0.278391569852829 -0.14625409245491028 0.9634048938751221 0.7741910372200127 -0.06974852056459906 0.628612580836811 -0.024687763292660037 0.31002500653266907 -0.10345252603292465 0.9970242977142334 0.4239313572750987 0.6167554651422584 0.5498360899226618 -0.3709113383448187 0.30719244480133057 -0.07852359116077423 0.9981579780578613 0.30677454021075967 0.7099726825915913 0.529960120853682 -0.34780807971823846 0.31110161542892456 -0.06571775674819946 0.9881002306938171 0.3275817017507392 0.6762825465508475 0.5435806019831143 -0.3739681860470411 0.3185300827026367 -0.04646976292133331 0.9666059017181396 0.42474826856636105 0.6258072384298219 0.4476966796715122 -0.47699257474979806
0.26035478711128235 -0.09363120794296265 0.8458670973777771 0.8842136859893799 0.018841028213500977 0.4664431214332581 -0.015557095408439638 0.27589571475982666 -0.1587321162223816 0.9590538144111633 -0.4513283371925354 -0.3340373635292053 -0.557210385799408 0.6117503046989441 0.321601539850235 -0.10869550704956055 0.9969207048416138 -0.02374216914176941 -0.7435348033905029 0.036214679479599 0.6672936677932739 0.3226611316204071 -0.07874057441949844 1.000866413116455 0.017878949642181396 -0.7583274245262146 0.13293901085853577 0.6379241943359375 0.3249940574169159 -0.06565717607736588 0.9901406764984131 0.010755389928817749 -0.7327308654785156 0.09534439444541931 0.6737205982208252 0.32879650592803955 -0.04573722928762436 0.9635999798774719 -0.00471729040145874 -0.599310576915741 0.13494616746902466 0.7890464067459106
0.26014700531959534 -0.0950460284948349 0.8457852005958557 0.8828585147857666 0.022600829601287842 0.4687013328075409 -0.019213587045669556 0.27542656660079956 -0.16263774037361145 0.9579795598983765 -0.4234565496444702 -0.3114222288131714 -0.5740015506744385 0.6278718709945679 0.32355833053588867 -0.11055473983287811 0.9970464706420898 -0.018284738063812256 -0.723564088344574 0.034359753131866455 0.6891589760780334 0.32661494612693787 -0.07954487204551697 1.0014594793319702 0.015422999858856203 -0.717778742313385 0.13317552208900452 0.6832424402236938 0.32881271839141846 -0.06630928814411163 0.990358829498291 0.006956815719604492 -0.6877450346946716 0.09493961930274963 0.7196838855743408 0.3304156959056854 -0.04635796323418617 0.9628139734268188 -0.012076467275619507 -0.5660068988800049 0.13589996099472046 0.8130324482917786
0.2605098783969879 -0.09629647433757782 0.8451529145240784 0.8820644617080688 0.02494165301322937 0.4699133634567261 -0.02283822000026703 0.27578669786453247 -0.16518184542655945 0.9568456411361694 0.6383382081985474 -0.5835187435150146 0.29702356457710266 0.40473124384880066 0.3256159722805023 -0.11242454499006271 0.9966318011283875 0.7111765742301941 0.031759798526763916 0.7021458148956299 0.014506727457046509 0.33003929257392883 -0.08077248930931091 1.0010662078857422 0.7143309712409973 0.13204342126846313 0.6870895624160767 -0.014277160167694092 0.3315264880657196 -0.06736689060926437 0.9897515177726746 0.7450718283653259 0.0949433445930481 0.6601547002792358 -0.007045179605484009 0.330904096364975 -0.04745427891612053 0.9622078537940979 0.8186114430427551 0.13639438152313232 0.5577606558799744 0.013231039047241211
0.2605098783969879 -0.09629647433757782 0.8451529145240784 0.8820644617080688 0.02494165301322937 0.4699133634567261 -0.02283822000026703 0.27578669786453247 -0.16518184542655945 0.9568456411361694 0.6383382081985474 -0.5835187435150146 0.29702356457710266 0.40473124384880066 0.3256159722805023 -0.11242454499006271 0.9966318011283875 0.7111765742301941 0.031759798526763916 0.7021458148956299 0.014506727457046509 0.33003929257392883 -0.08077248930931091 1.0010662078857422 0.7143309712409973 0.13204342126846313 0.6870895624160767 -0.014277160167694092 0.3315264880657196 -0.06736689060926437 0.9897515177726746 0.7450718283653259 0.0949433445930481 0.6601547002792358 -0.007045179605484009 0.330904096364975 -0.04745427891612053 0.9622078537940979 0.8186114430427551 0.13639438152313232 0.5577606558799744 0.013231039047241211
0.2595822513103485 -0.09712157398462296 0.8453609347343445 0.8829295635223389 0.02508518099784851 0.46805334091186523 -0.027060523629188538 0.2753526568412781 -0.1685888171195984 0.9556087255477905 0.6504912376403809 -0.5956954956054688 0.27273768186569214 0.3842165470123291 0.3266878128051758 -0.11406449973583221 0.996817409992218 0.7419888377189636 0.029764711856842044 0.6696453094482422 0.01191529631614685 0.3339865207672119 -0.08281095325946808 1.0008164644241333 0.7511202096939087 0.1253097653388977 0.6480165719985962 -0.013807177543640137 0.3340497612953186 -0.06870526075363159 0.9893454313278198 0.7696527242660522 0.09302100539207457 0.6315947771072388 -0.008351951837539673 0.33029982447624207 -0.04869287088513374 0.9623433947563171 0.8185694217681885 0.13614436984062195 0.5579222440719604 0.011477738618850708
0.2595822513103485 -0.09712157398462296 0.8453609347343445 0.8829295635223389 0.02508518099784851 0.46805334091186523 -0.027060523629188538 0.2753526568412781 -0.1685888171195984 0.9556087255477905 0.6504912376403809 -0.5956954956054688 0.27273768186569214 0.3842165470123291 0.3266878128051758 -0.11406449973583221 0.996817409992218 0.7419888377189636 0.029764711856842044 0.6696453094482422 0.01191529631614685 0.3339865207672119 -0.08281095325946808 1.0008164644241333 0.7511202096939087 0.1253097653388977 0.6480165719985962 -0.013807177543640137 0.3340497612953186 -0.06870526075363159 0.9893454313278198 0.7696527242660522 0.09302100539207457 0.6315947771072388 -0.008351951837539673 0.33029982447624207 -0.04869287088513374 0.9623433947563171 0.8185694217681885 0.13614436984062195 0.5579222440719604 0.011477738618850708
0.2595822513103485 -0.09712157398462296 0.8453609347343445 0.8829295635223389 0.02508518099784851 0.46805334091186523 -0.027060523629188538 0.2753526568412781 -0.1685888171195984 0.9556087255477905 0.6504912376403809 -0.5956954956054688 0.27273768186569214 0.3842165470123291 0.3266878128051758 -0.11406449973583221 0.996817409992218 0.7419888377189636 0.029764711856842044 0.6696453094482422 0.01191529631614685 0.3339865207672119 -0.08281095325946808 1.0008164644241333 0.7511202096939087 0.1253097653388977 0.6480165719985962 -0.013807177543640137 0.3340497612953186 -0.06870526075363159 0.9893454313278198 0.7696527242660522 0.09302100539207457 0.6315947771072388 -0.008351951837539673 0.33029982447624207 -0.04869287088513374 0.9623433947563171 0.8185694217681885 0.13614436984062195 0.5579222440719604 0.011477738618850708
0.2595822513103485 -0.09712157398462296 0.8453609347343445 0.8829295635223389 0.02508518099784851 0.46805334091186523 -0.027060523629188538 0.2753526568412781 -0.1685888171195984 0.9556087255477905 0.6504912376403809 -0.5956954956054688 0.27273768186569214 0.3842165470123291 0.3266878128051758 -0.11406449973583221 0.996817409992218 0.7419888377189636 0.029764711856842044 0.6696453094482422 0.01191529631614685 0.3339865207672119 -0.08281095325946808 1.0008164644241333 0.7511202096939087 0.1253097653388977 0.6480165719985962 -0.013807177543640137 0.3340497612953186 -0.06870526075363159 0.9893454313278198 0.7696527242660522 0.09302100539207457 0.6315947771072388 -0.008351951837539673 0.33029982447624207 -0.04869287088513374 0.9623433947563171 0.8185694217681885 0.13614436984062195 0.5579222440719604 0.011477738618850708
0.2595822513103485 -0.09712157398462296 0.8453609347343445 0.8829295635223389 0.02508518099784851 0.46805334091186523 -0.027060523629188538 0.2753526568412781 -0.1685888171195984 0.9556087255477905 0.18828477194446802 -0.6140750380780716 -0.22836567845941141 0.731648832358055 0.3266878128051758 -0.11406449973583221 0.996817409992218 0.5162402137716421 -0.45246398458652726 0.4945576507408379 0.5330906373176314 0.3339865207672119 -0.08281095325946808 1.0008164644241333 0.5408856666113262 -0.3696096031777377 0.546824409073153 0.5213589382288265 0.3340497612953186 -0.06870526075363159 0.9893454313278198 0.5501322994425405 -0.38082914675957347 0.5123807074728447 0.5383209661146882 0.33029982447624207 -0.04869287088513374 0.9623433947563171 0.5707002004670918 -0.2982420289191837 0.4907792650707423 0.5869319091084101
0.2569419741630554 -0.09656721353530884 0.8454014658927917 0.8860687017440796 0.023784786462783813 0.4607875943183899 -0.044624194502830505 0.27569395303726196 -0.17169326543807983 0.9527180194854736 0.6613094210624695 -0.6040313839912415 0.23765160143375397 0.37594926357269287 0.32932543754577637 -0.11735548079013824 0.9947967529296875 0.7802585363388062 0.025070875883102417 0.6249302625656128 -0.0055130720138549805 0.3382832407951355 -0.08687321096658707 0.9990367889404297 0.7898927330970764 0.11513561010360718 0.6015408635139465 -0.03101527690887451 0.3364122211933136 -0.07164305448532104 0.9881037473678589 0.7950592041015625 0.08721840381622314 0.5997493267059326 -0.023975014686584473 0.33062613010406494 -0.05075669288635254 0.9614688754081726 0.8283630609512329 0.13334205746650696 0.5440593957901001 -0.00583532452583313
0.2569047808647156 -0.09687773138284683 0.8455168008804321 0.8867993950843811 0.023996949195861816 0.45915281772613525 -0.04679375886917114 0.27624285221099854 -0.17223748564720154 0.9525346755981445 0.6628881692886353 -0.602880597114563 0.23595276474952698 0.3760857880115509 0.32988405227661133 -0.11800843477249146 0.9945634603500366 0.7821052670478821 0.02489691972732544 0.6226024627685547 -0.007594794034957886 0.33896154165267944 -0.08751815557479858 0.9988180994987488 0.7923926115036011 0.11495229601860046 0.5981656312942505 -0.03313341736793518 0.3369424343109131 -0.07225615531206131 0.9879651069641113 0.7967677712440491 0.08709090948104858 0.5974026918411255 -0.02619585394859314 0.33085310459136963 -0.051352664828300476 0.961495041847229 0.8287277817726135 0.1332308053970337 0.5434975624084473 -0.008387237787246704
0.2570301592350006 -0.09722334891557693 0.8450855016708374 0.8876433372497559 0.022123485803604126 0.457715630531311 -0.04578639566898346 0.2764606475830078 -0.17252656817436218 0.9521366953849792 0.6612423062324524 -0.6037096381187439 0.23420047760009766 0.37873923778533936 0.33042627573013306 -0.1186247244477272 0.9938720464706421 0.7832094430923462 0.023323625326156613 0.6212889552116394 -0.006258189678192138 0.33969175815582275 -0.08816635608673096 0.9980773329734802 0.7942641973495483 0.11334517598152159 0.5960540175437927 -0.03189045190811157 0.3376626968383789 -0.07291048020124435 0.98723965883255 0.7979801297187805 0.08544754981994629 0.5960708856582642 -0.025022178888320923 0.3315483331680298 -0.05201251804828644 0.9608057141304016 0.8297151923179626 0.1314651370048523 0.5424330234527588 -0.007488340139389038
0.2572437822818756 -0.0974671021103859 0.84449303150177 0.8888230323791504 0.020410478115081787 0.4554989933967591 -0.04579973220825195 0.2765352129936218 -0.17224401235580444 0.9518831968307495 0.6577391624450684 -0.6048154830932617 0.23396246135234833 0.38319557905197144 0.33127862215042114 -0.11928753554821014 0.992864191532135 0.7846025228500366 0.021723508834838867 0.6195899248123169 -0.005935072898864746 0.340773344039917 -0.08885412663221359 0.9970270395278931 0.7965648770332336 0.11174088716506958 0.5932872295379639 -0.03176075220108032 0.3388746380805969 -0.07357057183980942 0.9861758947372437 0.8010084629058838 0.08380547165870667 0.5922391414642334 -0.024795055389404297 0.3324442505836487 -0.052451543509960175 0.9598464965820312 0.8311052322387695 0.13134998083114624 0.5403319597244263 -0.0072576105594635
0.25717347860336304 -0.09765361249446869 0.8441511392593384 0.8892395496368408 0.020756512880325317 0.45434445142745966 -0.04892180860042572 0.2766442596912384 -0.17254319787025452 0.9514033794403076 0.19450991203198414 -0.5929079358140206 -0.2620247633279911 0.7361856302674276 0.3316059112548828 -0.11997650563716888 0.9922266006469727 0.5615706523378767 -0.4224311024621358 0.4528215951761814 0.5487651264751945 0.34105774760246277 -0.0895315483212471 0.9965047836303711 0.5883733780548804 -0.340002002780709 0.4978132405698772 0.5388851644035438 0.3390733301639557 -0.07420089095830917 0.985740065574646 0.5865832311954695 -0.3590162646924324 0.47734317291508355 0.5469654623748313 0.3323596715927124 -0.05279802903532982 0.9595822095870972 0.5947326515701239 -0.2881193487928816 0.4760228357903604 0.5802439142853419
0.2577534019947052 -0.09778668731451035 0.8440101742744446 0.8890129327774048 0.02279999852180481 0.4540843367576599 -0.05425529181957245 0.2646205425262451 -0.17587393522262573 0.9648705720901489 0.6351723670959473 -0.6313043832778931 0.23977547883987427 0.37485814094543457 0.31196874380111694 -0.12599629163742065 1.0094962120056152 0.7318306565284729 0.006786942481994628 0.6814311742782593 -0.005428731441497803 0.31935787200927734 -0.09774284064769745 1.0163404941558838 0.7511317729949951 0.09020388126373291 0.6533704400062561 -0.027773737907409668 0.32179999351501465 -0.08069005608558655 1.005267858505249 0.7655839920043945 0.07112282514572144 0.6389321684837341 -0.024254441261291504 0.31860384345054626 -0.05879204347729683 0.9793282151222229 0.7957031726837158 0.12237569689750671 0.5930967330932617 -0.010818809270858765
0.25335946679115295 -0.10006734728813171 0.8571747541427612 0.8779535293579102 0.01040196418762207 0.4758857190608978 -0.051206737756729126 0.2646205425262451 -0.17587393522262573 0.9648705720901489 0.6351723670959473 -0.6313043832778931 0.23977547883987427 0.37485814094543457 0.31196874380111694 -0.12599629163742065 1.0094962120056152 0.7318306565284729 0.006786942481994628 0.6814311742782593 -0.005428731441497803 0.31935787200927734 -0.09774284064769745 1.0163404941558838 0.7511317729949951 0.09020388126373291 0.6533704400062561 -0.027773737907409668 0.32179999351501465 -0.08069005608558655 1.005267858505249 0.7655839920043945 0.07112282514572144 0.6389321684837341 -0.024254441261291504 0.31860384345054626 -0.05879204347729683 0.9793282151222229 0.7957031726837158 0.12237569689750671 0.5930967330932617 -0.010818809270858765
0.25335946679115295 -0.10006734728813171 0.8571747541427612 0.8779535293579102 0.01040196418762207 0.4758857190608978 -0.051206737756729126 0.26182273030281067 -0.17601534724235535 0.968349039554596 -0.6328614354133606 0.6398420929908752 -0.2390742152929306 -0.3645986318588257 0.30630889534950256 -0.12489503622055054 1.0147840976715088 0.7183581590652466 0.00793367624282837 0.6956179141998291 -0.0037929713726043697 0.3111509680747986 -0.09718793630599976 1.0221232175827026 0.7252850532531738 0.089713454246521 0.6820961833000183 -0.025652706623077393 0.3146788477897644 -0.07979180663824081 1.0112472772598267 0.7439387440681458 0.07295221090316772 0.6638714075088501 -0.02253702282905579 0.3139328956604004 -0.057955551892519 0.984931230545044 0.7817533016204834 0.12423181533813475 0.6110105514526367 -0.0097217857837677
0.2531053423881531 -0.09961560368537903 0.8607798218727112 0.872185230255127 0.012954473495483398 0.4864077866077423 -0.05032488703727722 0.2598869502544403 -0.17602047324180603 0.9702918529510498 -0.630868136882782 0.6454915404319763 -0.23835961520671844 -0.35851192474365234 0.30328303575515747 -0.12406045198440552 1.0176252126693726 0.7111520767211914 0.009055346250534058 0.7029769420623779 -0.0019911229610443115 0.30723923444747925 -0.09651622176170349 1.025001883506775 0.7136701345443726 0.09039521217346191 0.6942229270935059 -0.023624777793884277 0.3110012710094452 -0.07906585931777954 1.0142126083374023 0.7325472235679626 0.07428550720214844 0.6763373613357544 -0.020589441061019897 0.31128019094467163 -0.05732841417193413 0.9878259301185608 0.7742927074432373 0.12534236907958984 0.6202430725097656 -0.0076632797718048104
0.25284814834594727 -0.099392369389534 0.8627393245697021 0.8687683343887329 0.014226049184799196 0.4926339983940125 -0.0484851598739624 0.2580278813838959 -0.17565903067588806 0.9722339510917664 -0.6285392045974731 0.6490703821182251 -0.24097605049610138 -0.3543681502342224 0.3005477786064148 -0.12328682839870453 1.0201570987701416 0.7053452134132385 0.009952008724212646 0.7087939977645874 -0.000466853380203247 0.3038038909435272 -0.09584514796733856 1.027538537979126 0.7044188976287842 0.09102913737297058 0.703586220741272 -0.021775543689727783 0.307618111371994 -0.07834295928478241 1.0168204307556152 0.7224595546722412 0.07554003596305847 0.6870185732841492 -0.018747985363006592 0.30839085578918457 -0.05678468942642212 0.9905288815498352 0.76465904712677 0.12610435485839844 0.6319452524185181 -0.006283283233642578
0.2524963319301605 -0.09911452233791351 0.8645138740539551 0.8654793500900269 0.015164047479629518 0.49851897358894354 -0.046845406293869025 0.2565494179725647 -0.1752060353755951 0.9738636016845703 -0.6261909008026123 0.65166175365448 -0.24468296766281128 -0.35121530294418335 0.29844576120376587 -0.12261679768562317 1.0222152471542358 0.7008855938911438 0.010736644268035889 0.7131925225257874 0.0007840394973754883 0.30115413665771484 -0.0952300950884819 1.029570460319519 0.6969277262687683 0.09174716472625732 0.7109589576721191 -0.020287126302719116 0.30455952882766724 -0.0776878297328949 1.0189588069915771 0.7121856212615967 0.07679674029350281 0.69757080078125 -0.01699882745742798 0.30577656626701355 -0.05634508281946182 0.9927936792373657 0.7543331980705261 0.1266757845878601 0.6441323757171631 -0.005311936140060425
0.2523835301399231 -0.09885933995246887 0.8659281134605408 0.8624022006988525 0.01590028405189514 0.5039331316947937 -0.04539895057678223 0.25562137365341187 -0.17480772733688354 0.9749760031700134 -0.6248485445976257 0.6530261635780334 -0.24892792105674744 -0.3480750620365143 0.29656848311424255 -0.12206284701824188 1.0236915349960327 0.6947073936462402 0.01177912950515747 0.719194769859314 0.0013384521007537842 0.29846590757369995 -0.09483178704977036 1.0310572385787964 0.6878075003623962 0.09221380949020386 0.719749927520752 -0.019433408975601196 0.30186837911605835 -0.07722213119268417 1.0205237865447998 0.7017910480499268 0.07798793911933899 0.7079129815101624 -0.01632237434387207 0.303593248128891 -0.05600762367248535 0.994465172290802 0.7441781163215637 0.12759160995483398 0.6556605696678162 -0.005353748798370361
0.2525695264339447 -0.09867818653583527 0.8668636083602905 0.8596449494361877 0.01707988977432251 0.508639931678772 -0.044769212603569024 0.25519928336143494 -0.1750810444355011 0.9757471084594727 -0.6242541670799255 0.6540423035621643 -0.2526867985725403 -0.34450674057006836 0.2941911518573761 -0.12190021574497223 1.0248020887374878 0.6786376237869263 0.01426011323928833 0.7343326210975647 0.001790761947631836 0.2961505651473999 -0.0950576663017273 1.0322314500808716 0.6777706146240234 0.09299957752227783 0.729104220867157 -0.01962524652481079 0.29973599314689636 -0.07743509113788605 1.0217719078063965 0.6914627552032471 0.07909861207008362 0.7178703546524048 -0.016881734132766724 0.30190253257751465 -0.05628262460231781 0.9958431124687195 0.7342562675476074 0.12852150201797485 0.6665643453598022 -0.006486862897872925
0.2530805170536041 -0.09899270534515381 0.8675819635391235 0.8569856882095337 0.018411368131637573 0.5130306482315063 -0.04512321949005127 0.2550325393676758 -0.1750086545944214 0.9765691757202148 -0.6227145195007324 0.653213620185852 -0.2589241564273834 -0.3442336618900299 0.2910695970058441 -0.12176090478897095 1.025465965270996 0.6520234942436218 0.0172041654586792 0.7580008506774902 0.0020053088665008545 0.2941739857196808 -0.09522365033626556 1.0330381393432617 0.6656004190444946 0.09476086497306824 0.7399853467941284 -0.020449548959732056 0.29775741696357727 -0.07775244116783142 1.0226978063583374 0.6799189448356628 0.0801922082901001 0.7286694049835205 -0.01789778470993042 0.30042585730552673 -0.056633658707141876 0.9969131350517273 0.7238039970397949 0.12946400046348572 0.6777032613754272 -0.008071184158325195
0.2536628544330597 -0.09935372322797775 0.8681137561798096 0.8545963764190674 0.019763797521591187 0.5169060826301575 -0.04563362896442413 0.25465306639671326 -0.17437633872032166 0.9771792888641357 -0.6204052567481995 0.6510438323020935 -0.26597824692726135 -0.3471238315105438 0.286258727312088 -0.12124533206224442 1.025222897529602 0.6128262877464294 0.01994800567626953 0.789959192276001 0.0032730400562286373 0.29143470525741577 -0.0950811430811882 1.0331509113311768 0.6467208862304688 0.09640190005302429 0.7563092708587646 -0.021336495876312256 0.29536741971969604 -0.07780662178993225 1.0229613780975342 0.664226233959198 0.08092844486236572 0.7429007887840271 -0.018780946731567383 0.29837480187416077 -0.056775882840156555 0.9974657893180847 0.7096846699714661 0.1298242211341858 0.6923823356628418 -0.010009080171585083
0.2536448836326599 -0.09938893467187881 0.8682724237442017 0.853181004524231 0.020437657833099365 0.5192198157310486 -0.04555624723434448 0.25465306639671326 -0.17437633872032166 0.9771792888641357 0.19323926273954878 -0.6484325779691743 -0.27228250646008956 0.684146329452384 0.286258727312088 -0.12124533206224442 1.025222897529602 0.43101923493602423 -0.5444801316341702 0.5726908718038459 0.4356480125737332 0.29143470525741577 -0.0950811430811882 1.0331509113311768 0.47238790510943734 -0.46662497685172455 0.602957851345247 0.44221354326763895 0.29536741971969604 -0.07780662178993225 1.0229613780975342 0.48295900906554573 -0.46808513334496016 0.5825352376510811 0.45639873948355647 0.29837480187416077 -0.056775882840156555 0.9974657893180847 0.5089003311037282 -0.3977886575947311 0.5813878318472204 0.49474535417819304
0.2536448836326599 -0.09938893467187881 0.8682724237442017 0.853181004524231 0.020437657833099365 0.5192198157310486 -0.04555624723434448 0.25308921933174133 -0.17083579301834106 0.9801241159439087 -0.606232225894928 0.6331047415733337 -0.309639036655426 -0.36848974227905273 0.2733626067638397 -0.12091531604528427 1.0219272375106812 0.48154675960540766 0.023328900337219235 0.8760296106338501 0.01185372471809387 0.2802141606807709 -0.09653161466121674 1.030839443206787 0.5349283814430237 0.09488338232040405 0.8392019271850586 -0.02426743507385254 0.2850658893585205 -0.07937537133693695 1.0214036703109741 0.5605553984642029 0.0793934017419815 0.8241093158721924 -0.017842262983322144 0.2922896444797516 -0.05854462832212448 0.9982529282569885 0.6493068933486938 0.12571844458580017 0.7499600648880005 -0.01246747374534607
0.2536938786506653 -0.10018585622310638 0.8685953617095947 0.8516548871994019 0.015873700380325317 0.5223593711853027 -0.039657771587371826 0.25276979804039 -0.16726180911064148 0.9825456142425537 -0.5901807546615601 0.617151141166687 -0.3426867127418518 -0.39163386821746826 0.2633225619792938 -0.12012666463851929 1.0159302949905396 0.33999139070510864 0.027617648243904114 0.9399014115333557 0.015121996402740479 0.2669462561607361 -0.09874650090932846 1.0227056741714478 0.34377986192703247 0.08954404294490814 0.9339670538902283 -0.03876835107803345 0.2722986936569214 -0.0806574821472168 1.0150786638259888 0.39120805263519287 0.07911546528339386 0.9166092276573181 -0.022902488708496094 0.28579115867614746 -0.05972542241215706 0.9979320764541626 0.5642171502113342 0.12322817742824554 0.8160727024078369 -0.02234557271003723
0.2542654275894165 -0.10013851523399353 0.8692067265510559 0.8521990776062012 0.014393389225006104 0.5217207074165344 -0.036839425563812256 0.25399792194366455 -0.16364336013793945 0.9838102459907532 -0.5730239152908325 0.5959997177124023 -0.3689952790737152 -0.42458292841911316 0.2523476481437683 -0.11960302293300629 1.0018912553787231 0.12035131454467772 0.03216409310698509 0.9920384883880615 0.018460780382156372 0.2523867189884186 -0.1027720719575882 1.000545859336853 0.00334709882736206 0.07064100354909897 0.9959940910339355 -0.05472195148468017 0.25676822662353516 -0.08367026597261429 0.9955573678016663 0.07110967487096786 0.06964608281850815 0.9945558309555054 -0.03084847331047058 0.2725124657154083 -0.0640602558851242 0.9916751384735107 0.34809085726737976 0.10866882652044296 0.9294965267181396 -0.05531802773475647
0.2543163299560547 -0.09942685067653656 0.8693538904190063 0.8568944931030273 0.01066499948501587 0.5139222145080566 -0.03875720500946045 0.25694260001182556 -0.14976045489311218 0.9863303899765015 0.5069657780668467 -0.49129654890899965 0.4491122786800247 0.5476420240035904 0.2589528560638428 -0.12264758348464966 0.9417221546173096 0.7282789945602417 -0.07219153642654419 -0.6810109615325928 -0.024945855140686035 0.2635498642921448 -0.1070786714553833 0.941813588142395 0.8468306660652161 -0.04775238037109375 -0.5291026830673218 0.025457412004470825 0.265649676322937 -0.0907638743519783 0.9409142136573792 0.8197258710861206 -0.004855126142501831 -0.5724387764930725 0.018438100814819336 0.2656359076499939 -0.07729141414165497 0.938912570476532 0.7631974816322327 0.04611682891845703 -0.637580394744873 0.09430977702140808
0.2543163299560547 -0.09942685067653656 0.8693538904190063 0.8568944931030273 0.01066499948501587 0.5139222145080566 -0.03875720500946045 0.25694260001182556 -0.14976045489311218 0.9863303899765015 0.5069657780668467 -0.49129654890899965 0.4491122786800247 0.5476420240035904 0.2589528560638428 -0.12264758348464966 0.9417221546173096 0.7282789945602417 -0.07219153642654419 -0.6810109615325928 -0.024945855140686035 0.2635498642921448 -0.1070786714553833 0.941813588142395 0.8468306660652161 -0.04775238037109375 -0.5291026830673218 0.025457412004470825 0.265649676322937 -0.0907638743519783 0.9409142136573792 0.8197258710861206 -0.004855126142501831 -0.5724387764930725 0.018438100814819336 0.2656359076499939 -0.07729141414165497 0.938912570476532 0.7631974816322327 0.04611682891845703 -0.637580394744873 0.09430977702140808
0.24873748421669006 -0.09936442971229553 0.8692042827606201 0.8792916536331177 -0.004270672798156738 0.4732450842857361 -0.053545400500297546 0.25694260001182556 -0.14976045489311218 0.9863303899765015 0.5069657780668467 -0.49129654890899965 0.4491122786800247 0.5476420240035904 0.2589528560638428 -0.12264758348464966 0.9417221546173096 0.7282789945602417 -0.07219153642654419 -0.6810109615325928 -0.024945855140686035 0.2635498642921448 -0.1070786714553833 0.941813588142395 0.8468306660652161 -0.04775238037109375 -0.5291026830673218 0.025457412004470825 0.265649676322937 -0.0907638743519783 0.9409142136573792 0.8197258710861206 -0.004855126142501831 -0.5724387764930725 0.018438100814819336 0.2656359076499939 -0.07729141414165497 0.938912570476532 0.7631974816322327 0.04611682891845703 -0.637580394744873 0.09430977702140808
0.24873748421669006 -0.09936442971229553 0.8692042827606201 0.8792916536331177 -0.004270672798156738 0.4732450842857361 -0.053545400500297546 0.25694260001182556 -0.14976045489311218 0.9863303899765015 0.5069657780668467 -0.49129654890899965 0.4491122786800247 0.5476420240035904 0.2589528560638428 -0.12264758348464966 0.9417221546173096 0.7282789945602417 -0.07219153642654419 -0.6810109615325928 -0.024945855140686035 0.2635498642921448 -0.1070786714553833 0.941813588142395 0.8468306660652161 -0.04775238037109375 -0.5291026830673218 0.025457412004470825 0.265649676322937 -0.0907638743519783 0.9409142136573792 0.8197258710861206 -0.004855126142501831 -0.5724387764930725 0.018438100814819336 0.2656359076499939 -0.07729141414165497 0.938912570476532 0.7631974816322327 0.04611682891845703 -0.637580394744873 0.09430977702140808
0.24873748421669006 -0.09936442971229553 0.8692042827606201 0.8792916536331177 -0.004270672798156738 0.4732450842857361 -0.053545400500297546 0.25694260001182556 -0.14976045489311218 0.9863303899765015 0.5069657780668467 -0.49129654890899965 0.4491122786800247 0.5476420240035904 0.2589528560638428 -0.12264758348464966 0.9417221546173096 0.7282789945602417 -0.07219153642654419 -0.6810109615325928 -0.024945855140686035 0.2635498642921448 -0.1070786714553833 0.941813588142395 0.8468306660652161 -0.04775238037109375 -0.5291026830673218 0.025457412004470825 0.265649676322937 -0.0907638743519783 0.9409142136573792 0.8197258710861206 -0.004855126142501831 -0.5724387764930725 0.018438100814819336 0.2656359076499939 -0.07729141414165497 0.938912570476532 0.7631974816322327 0.04611682891845703 -0.637580394744873 0.09430977702140808
0.24873748421669006 -0.09936442971229553 0.8692042827606201 0.8792916536331177 -0.004270672798156738 0.4732450842857361 -0.053545400500297546 0.25694260001182556 -0.14976045489311218 0.9863303899765015 0.5069657780668467 -0.49129654890899965 0.4491122786800247 0.5476420240035904 0.2589528560638428 -0.12264758348464966 0.9417221546173096 0.7282789945602417 -0.07219153642654419 -0.6810109615325928 -0.024945855140686035 0.2635498642921448 -0.1070786714553833 0.941813588142395 0.8468306660652161 -0.04775238037109375 -0.5291026830673218 0.025457412004470825 0.265649676322937 -0.0907638743519783 0.9409142136573792 0.8197258710861206 -0.004855126142501831 -0.5724387764930725 0.018438100814819336 0.2656359076499939 -0.07729141414165497 0.938912570476532 0.7631974816322327 0.04611682891845703 -0.637580394744873 0.09430977702140808
0.24873748421669006 -0.09936442971229553 0.8692042827606201 0.8792916536331177 -0.004270672798156738 0.4732450842857361 -0.053545400500297546 0.2581323981285095 -0.12226758897304535 0.9801547527313232 0.29352404829203527 -0.22415097907915477 0.5995535679333912 0.7100249731618857 0.26668334007263184 -0.12230124324560165 0.9374286532402039 0.8793864250183105 -0.08459427952766418 -0.4682753086090088 -0.015540942549705505 0.2642180919647217 -0.1055188775062561 0.9359836578369141 0.908803403377533 -0.050527691841125495 -0.4140410423278809 0.00966714322566986 0.2657337784767151 -0.08853509277105331 0.934635579586029 0.9271278381347656 -0.010885149240493774 -0.3745654821395874 -0.004017069935798645 0.26623451709747314 -0.0755734071135521 0.9320306181907654 0.9138110876083374 0.05685019493103027 -0.39599716663360596 0.07002568244934082
0.24873748421669006 -0.09936442971229553 0.8692042827606201 0.8792916536331177 -0.004270672798156738 0.4732450842857361 -0.053545400500297546 0.2574751377105713 -0.12015599012374878 0.9786804914474487 0.2718307701050325 -0.2027258221400732 0.611041797769832 0.7152889707439082 0.2658752202987671 -0.12184706330299377 0.9374963045120239 0.8759928345680237 -0.08351612091064453 -0.4748806953430176 -0.01225021481513977 0.26366931200027466 -0.1050490066409111 0.9356840252876282 0.9103952646255493 -0.05087900161743165 -0.41039043664932257 0.013097658753395082 0.26512107253074646 -0.08816313743591309 0.934260368347168 0.9285661578178406 -0.007925570011138916 -0.3710765242576599 -0.002079889178276062 0.2655317187309265 -0.07512412965297699 0.931652307510376 0.9129287004470825 0.05556342005729676 -0.39738300442695623 0.07456934452056886
0.24461284279823303 -0.09773605316877365 0.8704978823661804 0.8878879547119141 -0.006942719221115112 0.4566437602043152 -0.05552726984024048 0.25600749254226685 -0.1188461109995842 0.9782299995422363 0.2605721706675235 -0.19323257783694348 0.6182439344704501 0.7159173562559782 0.26438039541244507 -0.12127882242202759 0.9379521608352661 0.8776720762252808 -0.08248049020767212 -0.47201111912727356 -0.009709179401397705 0.2621757686138153 -0.10447462648153305 0.9358935356140137 0.9128081798553467 -0.051198333501815796 -0.40486326813697815 0.015673935413360596 0.26367396116256714 -0.08770526200532913 0.9344075918197632 0.9307454228401184 -0.005676507949829102 -0.36562359333038336 -0.0004890114068984985 0.26409152150154114 -0.07460052520036697 0.9317934513092041 0.9148446321487427 0.05479013919830322 -0.39241716265678406 0.0778849720954895
0.24452655017375946 -0.09772232174873352 0.8700127005577087 0.8863006830215454 -0.00391039252281189 0.4599494934082031 -0.05387312173843384 0.2560138702392578 -0.11893253773450851 0.9777927994728088 0.7150595889781278 0.6211110857795855 0.19023091810166567 -0.2583079299928996 0.2638845443725586 -0.1214318573474884 0.9378980994224548 0.008463665843009949 0.4680665731430053 -0.08312734961509705 0.8797340393066406 0.2617492973804474 -0.10467797517776489 0.9357611536979675 -0.016888514161109924 0.39971947669982905 -0.05212563276290893 0.914998471736908 0.26330479979515076 -0.08795042335987091 0.9342319965362549 -0.0006724447011947632 0.3604739308357239 -0.005793780088424683 0.9327510595321655 0.2637634575366974 -0.07482162117958069 0.9315784573554993 -0.07982264459133148 0.3871470093727112 0.05312228202819824 0.9170188903808594
0.24387690424919128 -0.09752918779850006 0.8699582815170288 0.8836736679077148 -0.0012413859367370605 0.46508729457855225 -0.05303908884525299 0.2563043236732483 -0.11950482428073883 0.9773908853530884 0.7140579331127501 0.6225504934232026 0.1898074251670138 -0.25792462899909874 0.26366502046585083 -0.12162064015865326 0.9377763867378235 0.006603598594665527 0.46442317962646484 -0.08474656939506531 0.8815245628356934 0.26160678267478943 -0.10489770770072937 0.9355666637420654 -0.01886600255966187 0.394087165594101 -0.05375787615776063 0.9173054695129395 0.26309311389923096 -0.08826074004173279 0.9339929223060608 -0.000999554991722107 0.35510891675949097 -0.003315478563308716 0.9348185062408447 0.2636025846004486 -0.07502666115760803 0.9312627911567688 -0.08246786892414093 0.3819180727005005 0.05097001791000366 0.9190972447395325
0.24422402679920197 -0.09796024113893509 0.8695980310440063 0.8811672925949097 -0.00024887919425964355 0.4699741601943969 -0.051657333970069885 0.25652506947517395 -0.119819276034832 0.977109968662262 0.25708954881088664 -0.18864142421278016 0.6246465883832628 0.7128365814785129 0.26348942518234253 -0.12181165814399719 0.9377230405807495 0.8838355541229248 -0.085694819688797 -0.4598616063594818 -0.004263877868652344 0.26147979497909546 -0.10510656982660294 0.9353905916213989 0.9200186729431152 -0.05469012260437012 -0.38746383786201477 0.02112334966659546 0.2629275321960449 -0.08854997158050537 0.9337875247001648 0.9368643760681152 -0.0015190541744232178 -0.34968101978302 0.0024280697107315063 0.26343876123428345 -0.0752628892660141 0.9308822154998779 0.921415388584137 0.04991030693054199 -0.3758372664451599 0.08514049649238586
0.24476997554302216 -0.09848684072494507 0.8691874742507935 0.8785239458084106 0.0008979439735412598 0.4751738905906677 -0.049036428332328796 0.25634413957595825 -0.11972663551568985 0.9770569205284119 0.25667818641398316 -0.1888985422043029 0.6266903363872606 0.7111209972610798 0.2631441056728363 -0.1215093582868576 0.9377915859222412 0.8857676982879639 -0.08555254340171814 -0.4561716616153717 -0.0019783079624176025 0.26122599840164185 -0.10480547696352005 0.9353453516960144 0.9233438968658447 -0.054537177085876465 -0.3793689012527466 0.023261919617652893 0.2625741958618164 -0.08830130845308304 0.9337631464004517 0.9389172792434692 0.00026223063468933105 -0.3441154360771179 0.004363641142845154 0.2630378305912018 -0.07499700039625168 0.9306053519248962 0.9239261150360107 0.05008992552757263 -0.36903852224349976 0.08753485977649689
0.24522210657596588 -0.0990729108452797 0.8688293695449829 0.876327633857727 0.0027252137660980225 0.4794314503669738 -0.04677416384220123 0.2561418116092682 -0.11957850307226181 0.9771125316619873 0.6822782063350101 0.31048563598427553 0.5779537055226815 0.3225907537859039 0.2630138695240021 -0.12150387465953827 0.9379263520240784 -0.6273772047009047 0.3805845793371284 0.25858224804667496 0.6282427515040937 0.26112836599349976 -0.10478232800960541 0.9353219270706177 -0.6720211544014317 0.3023584526137849 0.22400731945339025 0.6377996410690567 0.26239463686943054 -0.08831790834665298 0.9337610006332397 -0.6692666817705276 0.2389883578993718 0.23952370722995597 0.6615100115578301 0.2629587650299072 -0.07499866187572479 0.930510938167572 -0.7183572202588309 0.22031156825897627 0.29015826024876423 0.5926502287854921
0.245362788438797 -0.09913302958011627 0.8686503767967224 0.8745249509811401 0.005165368318557739 0.4828232824802399 -0.04540166258811951 0.2561418116092682 -0.11957850307226181 0.9771125316619873 0.710549642802021 0.6282215593689898 0.18912850869685968 -0.2543374677021658 0.2630138695240021 -0.12150387465953827 0.9379263520240784 0.0006122887134552002 0.45195913314819336 -0.08626866340637207 0.8878572583198547 0.26112836599349976 -0.10478232800960541 0.9353219270706177 -0.024197906255722042 0.37219673395156855 -0.05540260672569274 0.9261829853057861 0.26239463686943054 -0.08831790834665298 0.9337610006332397 -0.005484580993652344 0.3383590877056122 0.00037854909896850586 0.9410011172294617 0.2629587650299072 -0.07499866187572479 0.930510938167572 -0.08888807892799377 0.3609566390514374 0.04938906431198121 0.9270221590995789
0.24567799270153046 -0.09936435520648956 0.8685789108276367 0.8728286027908325 0.006219208240509033 0.4860076904296875 -0.04391169548034668 0.25636807084083557 -0.11949945986270905 0.9773867726325989 0.711137641643468 0.6286880926858354 0.1875966683143058 -0.25267015544837995 0.26281601190567017 -0.12154092639684677 0.9383444786071777 -0.0014507174491882322 0.4473206996917724 -0.08982077240943907 0.8898508548736572 0.26098909974098206 -0.10477770864963531 0.9353617429733276 -0.02510865032672882 0.3628552556037903 -0.059355318546295166 0.929614245891571 0.26213884353637695 -0.08846095204353333 0.9337136149406433 -0.0057804882526397705 0.33078375458717346 5.945563316345215e-05 0.9436889886856079 0.26297101378440857 -0.0750698670744896 0.9304506182670593 -0.09096890687942505 0.3515729010105133 0.045199573040008545 0.9306333065032959
0.24567799270153046 -0.09936435520648956 0.8685789108276367 0.8728286027908325 0.006219208240509033 0.4860076904296875 -0.04391169548034668 0.25640085339546204 -0.11942362785339355 0.977523684501648 0.25195965271660065 -0.18722420240059287 0.6293515140506635 0.7109009946311005 0.26278072595596313 -0.12153339385986328 0.9385314583778381 0.8909523487091064 -0.09038668870925903 -0.4450052976608277 0.002121642231941223 0.26094669103622437 -0.10476134717464447 0.9354226589202881 0.9309042692184448 -0.060062974691390984 -0.35940080881118774 0.025316044688224792 0.2621304392814636 -0.08847961574792862 0.9337969422340393 0.9453732967376709 0.0004512369632720948 -0.32593727111816406 0.005836471915245056 0.2628847658634186 -0.07507339119911194 0.9305211305618286 0.9317417144775391 0.044138580560684204 -0.3485761880874634 0.09167209267616272
0.24608558416366577 -0.09980013221502304 0.8687052130699158 0.8708583116531372 0.006080836057662963 0.48988312482833857 -0.03979307413101196 0.25640085339546204 -0.11942362785339355 0.977523684501648 0.7109009946311005 0.6293515140506635 0.18722420240059287 -0.25195965271660065 0.26278072595596313 -0.12153339385986328 0.9385314583778381 -0.002121642231941223 0.4450052976608277 -0.09038668870925903 0.8909523487091064 0.26094669103622437 -0.10476134717464447 0.9354226589202881 -0.025316044688224792 0.35940080881118774 -0.060062974691390984 0.9309042692184448 0.2621304392814636 -0.08847961574792862 0.9337969422340393 -0.005836471915245056 0.32593727111816406 0.0004512369632720948 0.9453732967376709 0.2628847658634186 -0.07507339119911194 0.9305211305618286 -0.09167209267616272 0.3485761880874634 0.044138580560684204 0.9317417144775391
0.24626460671424866 -0.09990811347961426 0.8687927722930908 0.8700125217437744 0.006385058164596558 0.4914481043815613 -0.03893822431564331 0.25647255778312683 -0.11945483088493347 0.9777156114578247 0.24978275864904043 -0.1872037184858716 0.6291586007403482 0.7118446921998152 0.2628414034843445 -0.12171942740678787 0.9387831687927246 0.8919970989227295 -0.09277755022048952 -0.44240820407867437 0.0029018074274063115 0.2610902190208435 -0.10495052486658096 0.9355126023292542 0.9322758316993713 -0.06258499622344971 -0.35535681247711187 0.025815203785896305 0.2622711658477783 -0.08873625099658966 0.9339177012443542 0.9462488889694214 -0.00036683678627014155 -0.32338184118270874 0.0060874372720718375 0.2630734145641327 -0.07529934495687485 0.9306024312973022 0.9323567152023315 0.04116520285606384 -0.34696632623672485 0.09290210902690886
0.24626460671424866 -0.09990811347961426 0.8687927722930908 0.8700125217437744 0.006385058164596558 0.4914481043815613 -0.03893822431564331 0.25632864236831665 -0.11943993717432022 0.9780071377754211 -0.3276767790659178 -0.5769800427671563 0.31247506548703574 0.6797656036684312 0.26271888613700867 -0.12176990509033203 0.9390786290168762 0.6283950121086226 0.24639955569303834 -0.3788460366666893 0.6331531462320106 0.2609473466873169 -0.10498742014169693 0.9357947111129761 0.6406700695631955 0.20612205709839906 -0.2958104275075288 0.6779025627871815 0.26216402649879456 -0.08877620100975037 0.934192955493927 0.6646300579914107 0.22721061041583832 -0.22884236784400994 0.6739981387238968 0.2629804015159607 -0.07534125447273254 0.9308493733406067 0.5933947819047415 0.2733522421381015 -0.2163310575852674 0.7255079896433143
0.2467096745967865 -0.10030390322208405 0.8688842058181763 0.8689639568328857 0.00580558180809021 0.49349465966224665 -0.03647997975349426 0.25598910450935364 -0.11924254894256592 0.9784906506538391 0.24742799549923428 -0.18689103482985978 0.6279833741797312 0.7137843998031751 0.26240378618240356 -0.12170188128948212 0.9395747184753418 0.8920333981513977 -0.09588062763214111 -0.4416664242744446 0.0037621110677719116 0.260699063539505 -0.10492415726184845 0.9362474083900452 0.9323803186416626 -0.06560790538787842 -0.3544536828994751 0.026929065585136414 0.26198747754096985 -0.08873222768306732 0.9346100687980652 0.9467699527740479 -0.003050178289413452 -0.32181620597839355 0.007196679711341858 0.26285362243652344 -0.07530820369720459 0.9312252998352051 0.9327458143234253 0.03836050629615784 -0.3459573984146118 0.0939527302980423
0.24660179018974304 -0.10042810440063477 0.8691462874412537 0.8688766956329346 0.0056809186935424805 0.4937208294868469 -0.03550654649734497 0.2557988464832306 -0.11903436481952667 0.9788931608200073 0.24566054577718893 -0.187047271143471 0.6275521361070466 0.7147325371888479 0.2622971832752228 -0.12161541730165482 0.9399991631507874 0.892428994178772 -0.09759968519210815 -0.44048416614532476 0.004309996962547302 0.2606313228607178 -0.10484284907579422 0.9366211295127869 0.9325917363166809 -0.06728607416152954 -0.3535265326499939 0.027645006775856018 0.2619684338569641 -0.08867492526769638 0.9349451065063477 0.9470531940460205 -0.004177570343017578 -0.3209550380706787 0.007790878415107726 0.26286980509757996 -0.07525911927223206 0.931524395942688 0.9329257011413574 0.03706240653991699 -0.3454451560974121 0.09457217156887054
0.2464214563369751 -0.10049744695425034 0.8695724606513977 0.8687541484832764 0.004779607057571411 0.494091272354126 -0.03342479467391968 0.2556242048740387 -0.11891531944274902 0.9793283939361572 0.6785865784432251 0.31105693016322516 0.5759478826518493 0.33323867307741895 0.2621581554412842 -0.1215580627322197 0.9404189586639404 -0.6351368761911748 0.3807743252349267 0.24045286333296123 0.6275308795479096 0.26042813062667847 -0.10475203394889832 0.9369953870773315 -0.6799705405693107 0.298038277587643 0.2007139062998084 0.6391615078609698 0.2618039548397064 -0.0885939747095108 0.9352660775184631 -0.676282200569376 0.23039602880996457 0.22240317375864285 0.6633980753995413 0.2627386450767517 -0.07519444078207016 0.931799054145813 -0.7275599701629504 0.2186999292479298 0.26897859453109724 0.5920115111578462
0.2464941143989563 -0.10055722296237946 0.8699066638946533 0.8683391809463501 0.004356712102890015 0.494940996170044 -0.031647101044654846 0.2553580403327942 -0.1189480721950531 0.979820191860199 0.24416107832476702 -0.18780517233310443 0.6261171285828265 0.7163045024921296 0.26172518730163574 -0.12151122093200684 0.9408705830574036 0.8928334712982178 -0.1010504961013794 -0.43886637687683105 0.005780130624771118 0.2600195109844208 -0.10469862818717957 0.9374105930328369 0.9326972961425781 -0.0706089437007904 -0.35245469212532043 0.029423773288726807 0.26144570112228394 -0.08854974061250687 0.9356432557106018 0.9473370313644409 -0.007421433925628661 -0.3200037479400635 0.009754717350006104 0.2624218761920929 -0.07516267150640488 0.9321438670158386 0.9330800175666809 0.03379005193710327 -0.34484922885894775 0.09643112868070602
0.24641336500644684 -0.10067135095596313 0.8702425956726074 0.8679897785186768 0.004397541284561157 0.4956755638122558 -0.029668390750885006 0.2558341324329376 -0.11906324326992035 0.980055570602417 0.2452636611223018 -0.18669946905418766 0.6262726826330373 0.7160807713819346 0.26200246810913086 -0.12162027508020401 0.9410775303840637 0.8925619125366211 -0.10098013281822203 -0.43942135572433466 0.006724864244461059 0.26026809215545654 -0.10481224209070206 0.9375944137573242 0.9324337840080261 -0.0704386830329895 -0.3531086146831513 0.030330419540405277 0.26168131828308105 -0.08866554498672485 0.935801088809967 0.9470853805541992 -0.007235735654830933 -0.32072484493255615 0.010609284043312073 0.26264050602912903 -0.07528331130743027 0.9322789907455444 0.9327261447906494 0.03401783108711243 -0.3455519378185272 0.09725410491228104
0.2460431307554245 -0.1007346585392952 0.8706430196762085 0.8679355382919312 0.003712445497512817 0.49587774276733393 -0.027917578816413876 0.2558341324329376 -0.11906324326992035 0.980055570602417 -0.33291798259660665 -0.574858095278632 0.3108251860399065 0.6797731627678314 0.26200246810913086 -0.12162027508020401 0.9410775303840637 0.6263815089766749 0.23931409952253663 -0.3821215822963645 0.6358917361833587 0.26026809215545654 -0.10481224209070206 0.9375944137573242 0.6378834039086357 0.19987782526368578 -0.2994931660031929 0.6807770978427322 0.26168131828308105 -0.08866554498672485 0.935801088809967 0.6621886609184052 0.2216702818858721 -0.2319031577006237 0.6771923706022007 0.26264050602912903 -0.07528331130743027 0.9322789907455444 0.5907677293752561 0.26839632927423485 -0.22028785625239258 0.7283060957172416
0.24618744850158691 -0.10096047818660736 0.8708415031433105 0.8683369159698486 0.004443734884262085 0.4951924681663513 -0.02749030292034149 0.2558341324329376 -0.11906324326992035 0.980055570602417 0.2452636611223018 -0.18669946905418766 0.6262726826330373 0.7160807713819346 0.26200246810913086 -0.12162027508020401 0.9410775303840637 0.8925619125366211 -0.10098013281822203 -0.43942135572433466 0.006724864244461059 0.26026809215545654 -0.10481224209070206 0.9375944137573242 0.9324337840080261 -0.0704386830329895 -0.3531086146831513 0.030330419540405277 0.26168131828308105 -0.08866554498672485 0.935801088809967 0.9470853805541992 -0.007235735654830933 -0.32072484493255615 0.010609284043312073 0.26264050602912903 -0.07528331130743027 0.9322789907455444 0.9327261447906494 0.03401783108711243 -0.3455519378185272 0.09725410491228104
0.24618744850158691 -0.10096047818660736 0.8708415031433105 0.8683369159698486 0.004443734884262085 0.4951924681663513 -0.02749030292034149 0.2558341324329376 -0.11906324326992035 0.980055570602417 0.6797731627678314 0.3108251860399065 0.574858095278632 0.33291798259660665 0.26200246810913086 -0.12162027508020401 0.9410775303840637 -0.6358919063780628 0.38212158306693 0.2393141000051244 0.6263813413274023 0.26026809215545654 -0.10481224209070206 0.9375944137573242 -0.6807770942958544 0.29949316595243675 0.1998778252298118 0.6378834072320355 0.26168131828308105 -0.08866554498672485 0.935801088809967 -0.6771924566834738 0.2319031580308413 0.22167028220151863 0.6621885767443386 0.26264050602912903 -0.07528331130743027 0.9322789907455444 -0.7283057135122398 0.22028784419851552 0.26839631458792207 0.5907680394021815
0.24618744850158691 -0.10096047818660736 0.8708415031433105 0.8683369159698486 0.004443734884262085 0.4951924681663513 -0.02749030292034149 0.2558341324329376 -0.11906324326992035 0.980055570602417 -0.33291798259660665 -0.574858095278632 0.3108251860399065 0.6797731627678314 0.26200246810913086 -0.12162027508020401 0.9410775303840637 0.6263815089766749 0.23931409952253663 -0.3821215822963645 0.6358917361833587 0.26026809215545654 -0.10481224209070206 0.9375944137573242 0.6378834039086357 0.19987782526368578 -0.2994931660031929 0.6807770978427322 0.26168131828308105 -0.08866554498672485 0.935801088809967 0.6621886609184052 0.2216702818858721 -0.2319031577006237 0.6771923706022007 0.26264050602912903 -0.07528331130743027 0.9322789907455444 0.5907677293752561 0.26839632927423485 -0.22028785625239258 0.7283060957172416
0.24618744850158691 -0.10096047818660736 0.8708415031433105 0.8683369159698486 0.004443734884262085 0.4951924681663513 -0.02749030292034149 0.2567199766635895 -0.1198159009218216 0.9802218675613403 -0.32699655366150193 -0.5751477050085839 0.3084983591537227 0.6834524804831442 0.26264119148254395 -0.1220698133111 0.9409772753715515 0.6257839855491104 0.24301907860948102 -0.3830028169960966 0.6345435170145226 0.2608283758163452 -0.10525120049715042 0.9375637173652649 0.6377013185288033 0.2036164353809736 -0.30041843947958496 0.6794309581655597 0.2621918022632599 -0.0890979990363121 0.9358144998550415 0.6622039272474213 0.22531722301927687 -0.23288161373391647 0.6756364812014848 0.26309242844581604 -0.07570351660251617 0.9323282241821289 0.5908443497443038 0.272101129852166 -0.22087045516431916 0.7266912596568829
0.24618744850158691 -0.10096047818660736 0.8708415031433105 0.8683369159698486 0.004443734884262085 0.4951924681663513 -0.02749030292034149 0.25878894329071045 -0.1242813691496849 0.9811025857925415 0.7055274863029308 0.6068312592908677 0.22627961153553858 -0.2877225029041983 0.26516711711883545 -0.12425019592046738 0.9394898414611816 -0.002419769763946533 0.48044055700302124 -0.09215253591537476 0.8721691370010376 0.26310494542121887 -0.10760816931724548 0.9370726346969604 -0.029415324330329895 0.406116783618927 -0.06090804934501648 0.9113144874572754 0.26418551802635193 -0.09129337966442108 0.9350062608718872 -0.006345227360725403 0.3786706328392029 -0.0016058683395385742 0.9255083799362183 0.26548272371292114 -0.0777481198310852 0.9321832060813904 -0.09286341071128845 0.3911268711090088 0.040890783071517944 0.9147261381149292
0.24628041684627533 -0.10121819376945496 0.8709189295768738 0.8699904680252075 0.004727423191070557 0.49215406179428106 -0.029642418026924137 0.2587025463581085 -0.12517255544662476 0.9819062948226929 0.7024721836200424 0.6000789628668839 0.23904305101682585 -0.29882524536692207 0.2646504044532776 -0.12454138696193695 0.9395534992218018 -0.00096893310546875 0.500255823135376 -0.09102991223335266 0.8610787391662598 0.26276254653930664 -0.10805351287126541 0.9374359250068665 -0.030346482992172238 0.43074449896812433 -0.05949753522872924 0.8999991416931152 0.2637230157852173 -0.0916081890463829 0.9353252053260803 -0.007780209183692932 0.4083455204963684 -0.00432819128036499 0.9127840399742126 0.26531991362571716 -0.07809858024120331 0.9325336813926697 -0.09288859367370605 0.4130532741546631 0.0403481125831604 0.9050584435462952
0.24715331196784973 -0.10249806195497513 0.8701069951057434 0.8772213459014893 0.0032372474670410156 0.47861966490745544 -0.03735515475273132 0.2588440775871277 -0.12654776871204376 0.9830513596534729 0.6975469206702576 0.5922209259199896 0.25302830907938495 -0.31413291331281296 0.26336315274238586 -0.12483725696802139 0.9401465058326721 0.0013065040111541748 0.527990460395813 -0.08968672156333923 0.8445003032684326 0.2619955837726593 -0.10859476029872894 0.938322901725769 -0.03147745132446289 0.4592132568359375 -0.05802738666534424 0.8858698010444641 0.2629449665546417 -0.09194259345531464 0.9361977577209473 -0.01091255247592926 0.4422365427017212 -0.009857356548309326 0.8967779874801636 0.26490452885627747 -0.07853764295578003 0.9333685636520386 -0.09331806004047394 0.43919998407363886 0.039175450801849365 0.8926705121994019
0.24666962027549744 -0.10262903571128845 0.8702580332756042 0.87925124168396 0.00222662091255188 0.47478616237640375 -0.038604333996772766 0.2588440775871277 -0.12654776871204376 0.9830513596534729 0.7153656613232314 0.23984538184496992 0.5976814218744075 0.2711146676231519 0.26336315274238586 -0.12483725696802139 0.9401465058326721 -0.5962281829254995 0.43676375553215735 0.3099275683603235 0.5980756857511931 0.2619955837726593 -0.10859476029872894 0.938322901725769 -0.6486626246419916 0.3657443983908852 0.2836812740298584 0.6041465716440607 0.2629449665546417 -0.09194259345531464 0.9361977577209473 -0.6418343410069394 0.3196786964795298 0.30573828765151895 0.6264013885384663 0.26490452885627747 -0.07853764295578003 0.9333685636520386 -0.6971995569042058 0.28286011448716497 0.33826257897235446 0.5652274308349774
0.24619561433792114 -0.10281911492347717 0.8707176446914673 0.8805351853370667 0.0010946989059448242 0.47229689359664917 -0.03990320861339569 0.259101003408432 -0.1292877197265625 0.9844570159912109 0.35197838659569847 -0.2934573451525289 0.573270946573511 0.6792308822918085 0.25996482372283936 -0.12450413405895233 0.9416574239730835 0.7850993871688843 -0.08011695742607117 -0.6141461133956909 -0.004988759756088257 0.2597995698451996 -0.10895788669586182 0.9405112266540527 0.8403918743133545 -0.0483720600605011 -0.5385795831680298 0.036519408226013184 0.2616526484489441 -0.09174065291881561 0.9386513233184814 0.8479951620101929 -0.01908460259437561 -0.529181718826294 0.022510021924972534 0.2641777992248535 -0.07834301888942719 0.9353194832801819 0.8490731120109558 0.0349278450012207 -0.517581582069397 0.09982070326805115
0.24619561433792114 -0.10281911492347717 0.8707176446914673 0.8805351853370667 0.0010946989059448242 0.47229689359664917 -0.03990320861339569 0.2586439549922943 -0.13123708963394165 0.9846946001052856 0.6684759514534653 0.5624411581888983 0.3169519795635314 -0.36924402183484584 0.25705328583717346 -0.12434279918670654 0.9438234567642212 0.005240321159362793 0.6821682453155518 -0.07470640540122986 0.7273499965667725 0.2575419545173645 -0.10921035706996918 0.942828357219696 -0.042477160692214966 0.604478120803833 -0.045582860708236694 0.7941814661026001 0.2608703374862671 -0.09184349328279495 0.9406368732452393 -0.032284706830978394 0.5911191701889038 -0.02347281575202942 0.805596113204956 0.2635417580604553 -0.07834583520889282 0.9371050000190735 -0.10720798373222351 0.5859380960464478 0.03021511435508728 0.8026642799377441
0.24569985270500183 -0.10201579332351685 0.8704867362976074 0.8827058672904968 0.0010492801666259766 0.46748143434524536 -0.047857269644737244 0.25777366757392883 -0.13262516260147095 0.985365092754364 0.3883905927935563 -0.3415521909966803 0.5476125367530947 0.6577350034777454 0.2509816884994507 -0.12311720848083496 0.9500035047531128 -0.6113950610160828 0.07247239351272583 0.7879544496536255 0.00847199559211731 0.25278425216674805 -0.10831461101770401 0.9484006762504578 0.706071138381958 -0.054291486740112305 -0.7043523788452148 0.049028754234313965 0.25852662324905396 -0.09156142920255661 0.9446009397506714 0.7315696477890015 -0.027841508388519287 -0.6799290180206299 0.041558533906936646 0.2617837190628052 -0.0777779296040535 0.9410306811332703 0.7120803594589233 0.017608314752578735 -0.6920990943908691 0.11674931645393372
0.24552960693836212 -0.10172954201698303 0.8700069189071655 0.8835369348526001 0.0013838410377502441 0.4654640555381775 -0.0519980788230896 0.2560182511806488 -0.13368716835975647 0.9866884350776672 0.4050718577913801 -0.36698365781624764 0.5348885304125426 0.6443089073840833 0.2442302405834198 -0.12049287557601929 0.9625862836837769 -0.4182785749435424 0.07540570199489594 0.9049822092056274 0.019085854291915894 0.24746562540531158 -0.1064370796084404 0.958563506603241 -0.569034993648529 0.06928873062133789 0.8177160024642944 -0.05233386158943176 0.2549954652786255 -0.09086858481168747 0.9521090984344482 -0.6097732186317444 0.036821961402893066 0.7901395559310913 -0.05000421404838562 0.25980204343795776 -0.07662435621023178 0.9478341937065125 -0.5697140693664551 0.003774076700210571 0.8125035166740417 -0.12348961830139159
0.24476945400238037 -0.10103529691696167 0.8698316216468811 0.8841037750244141 -0.0003114640712738037 0.46434462070465093 -0.05238729715347291 0.2530377209186554 -0.13535526394844055 0.9883807301521301 0.41717521141315483 -0.3916447534360203 0.5280088285637002 0.6275236488495924 0.2415577471256256 -0.11661802232265472 0.9815895557403564 -0.1609591841697693 0.07741180062294006 0.9832146167755127 0.037264734506607056 0.24477778375148773 -0.10341624170541763 0.9738335013389587 -0.3876310586929321 0.0869781970977783 0.9161981344223022 -0.05251649022102355 0.2524724006652832 -0.08945632725954056 0.9642311334609985 -0.4396229386329651 0.04985314607620239 0.8949252367019653 -0.05792531371116638 0.25918784737586975 -0.07437026500701904 0.9585839509963989 -0.37058818340301514 0.03222711384296417 0.9198293685913086 -0.12465885281562804
0.2440478354692459 -0.10021963715553284 0.8702460527420044 0.883537769317627 -0.003666281700134277 0.46578687429428095 -0.04888923466205596 0.25109314918518066 -0.13792796432971954 0.988985002040863 0.43119437648715137 -0.4161937337056258 0.517567803322574 0.6107191455037059 0.24809949100017548 -0.11438704282045364 0.9991981983184814 0.07402431219816206 0.06951237469911575 0.9938286542892456 0.04464581608772277 0.24794268608093262 -0.10005179792642593 0.9902440905570984 -0.17727944254875183 0.09939038753509521 0.9777020812034607 -0.052841365337371826 0.2541916072368622 -0.08704626560211182 0.9783297777175903 -0.2320907711982727 0.06432328373193741 0.9684416055679321 -0.06416583061218262 0.26164692640304565 -0.07071681320667267 0.9707208871841431 -0.12997347116470337 0.06401471048593521 0.9826160669326782 -0.11608085036277771
0.2436179518699646 -0.09923595190048218 0.871471643447876 0.880531370639801 -0.007205009460449218 0.4719243645668029 -0.043589219450950616 0.24965554475784302 -0.14130806922912598 0.9889716506004333 -0.10500962803374102 -0.670850462329611 0.04802591253942604 0.7325477127867245 0.26093214750289917 -0.11424847692251205 1.012730598449707 0.16168995691764704 -0.636806638660498 0.7197007231369362 0.22442073618538258 0.25671496987342834 -0.09725573658943176 1.004809021949768 0.05403905860446657 -0.6256279141261202 0.7780293799815423 -0.018434681192986805 0.26030218601226807 -0.08445914834737778 0.9912519454956055 0.024708521450882794 -0.6466471428027382 0.7592423326957582 -0.06919558426205634 0.2682434618473053 -0.06696973741054535 0.9808559417724609 0.13477447369640796 -0.6343500779849041 0.7611917561482887 -0.00476210919297315
0.2439141869544983 -0.09806627035140991 0.8721054792404175 0.8770132064819336 -0.009426623582839966 0.4788675904273987 -0.03801029920578003 0.24870917201042175 -0.14561396837234497 0.9882058501243591 0.4586016360305653 -0.4663820098405857 0.5022293789843933 0.5656307416962919 0.2766609489917755 -0.11526184529066086 1.021028757095337 0.4355239272117615 0.05054318904876709 0.8980861306190491 0.034723520278930664 0.26805025339126587 -0.09524725377559662 1.0158517360687256 0.20236988365650177 0.11264993250370026 0.9714370965957642 -0.05163919925689697 0.2679523527622223 -0.0820392593741417 1.0011770725250244 0.13686776161193848 0.0935390368103981 0.9837452173233032 -0.0690155029296875 0.27617892622947693 -0.06411730498075485 0.9875588417053223 0.267976313829422 0.10453052073717117 0.9541918039321899 -0.08234182000160217
0.2451220452785492 -0.09784387052059174 0.8722438216209412 0.8722944259643555 -0.009726643562316895 0.48788237571716314 -0.031281813979148865 0.2464224398136139 -0.14833012223243713 0.9869672656059265 0.46876582202465344 -0.48458430362846167 0.49932853038489267 0.5441581700153912 0.28760337829589844 -0.11592981219291687 1.024230718612671 0.5599942803382874 0.04589080810546875 0.8267544507980347 0.02788636088371277 0.2780413329601288 -0.09256649762392044 1.023470163345337 0.37525105476379395 0.12174935638904572 0.9178171157836914 -0.0444473922252655 0.2748623192310333 -0.07950225472450256 1.009260892868042 0.3093768060207367 0.10425471514463425 0.9431427717208862 -0.06243911385536194 0.2841552197933197 -0.06065268814563751 0.992287814617157 0.4590708613395691 0.12302881479263306 0.8777457475662231 -0.060664087533950806
0.2472459375858307 -0.09843830019235611 0.8718257546424866 0.8659462928771973 -0.003811866044998169 0.4993089735507965 -0.028515368700027466 0.2464224398136139 -0.14833012223243713 0.9869672656059265 0.5441581700153912 0.49932853038489267 0.48458430362846167 -0.46876582202465344 0.28760337829589844 -0.11592981219291687 1.024230718612671 -0.02788636088371277 -0.8267544507980347 0.04589080810546875 0.5599942803382874 0.2780413329601288 -0.09256649762392044 1.023470163345337 -0.0444473922252655 0.9178171157836914 -0.12174935638904572 -0.37525105476379395 0.2748623192310333 -0.07950225472450256 1.009260892868042 -0.06243911385536194 0.9431427717208862 -0.10425471514463425 -0.3093768060207367 0.2841552197933197 -0.06065268814563751 0.992287814617157 -0.060664087533950806 0.8777457475662231 -0.12302881479263306 -0.4590708613395691
0.24731065332889557 -0.09948892891407013 0.8705039024353027 0.8602547645568848 0.0046870410442352295 0.5091406106948853 -0.02674899995326996 0.24453705549240112 -0.14943742752075195 0.9860653281211853 0.47683992370339234 -0.49425538631597804 0.5016305068770842 0.5260247388340081 0.29477253556251526 -0.1161007434129715 1.0249325037002563 0.6440430283546448 0.04443073272705078 0.7634042501449585 0.021178394556045532 0.2863089144229889 -0.08983483910560608 1.0276763439178467 0.509588360786438 0.13024476170539856 0.8497613668441772 -0.035517603158950806 0.2813934087753296 -0.07667567580938339 1.0146805047988892 0.45293158292770386 0.1101299375295639 0.8834935426712036 -0.04651346802711487 0.2916615903377533 -0.056966785341501236 0.993638277053833 0.608555018901825 0.14009465277194977 0.7800642251968384 -0.03916734457015991
0.24731065332889557 -0.09948892891407013 0.8705039024353027 0.8602547645568848 0.0046870410442352295 0.5091406106948853 -0.02674899995326996 0.24248890578746796 -0.15160992741584778 0.985059380531311 -0.010277961882646968 -0.7145709538940911 -0.002674091442792073 0.6994825366968052 0.3005298972129822 -0.11652582883834839 1.024828314781189 0.49814334975771346 -0.46101072500945883 0.5241438807065443 0.514388500254159 0.2953706681728363 -0.08748800307512283 1.0300768613815308 0.4687897865052138 -0.43862034530797905 0.6336869394704338 0.4316123886085423 0.29107004404067993 -0.07342991232872009 1.0186028480529785 0.44681947731345495 -0.4753471301737964 0.6363759716257016 0.4116105058296362 0.30015960335731506 -0.05310484394431114 0.9921280741691589 0.5298622709775306 -0.351513804869268 0.5674830137028931 0.5231127139272811
0.24696704745292664 -0.10039366781711578 0.8692011833190918 0.855399489402771 0.015184789896011353 0.5170061588287354 -0.02767041325569153 0.24004364013671875 -0.15174686908721924 0.9851221442222595 0.6921380329099639 -0.008461822775532195 0.7217056908674481 0.0038016035888341305 0.3018873333930969 -0.11666672676801682 1.0248104333877563 -0.5289134125913584 -0.5055267030636184 -0.44407225480971924 0.5171975325337078 0.2991763651371002 -0.08712277561426163 1.0304555892944336 0.46739580056414026 0.6036186085627766 0.40963849693466003 -0.49938184468917945 0.29524844884872437 -0.07189365476369858 1.0192170143127441 0.4574142045781538 0.6045361876017072 0.44247295712022355 -0.4790888536276087 0.30328336358070374 -0.051633745431900024 0.9907528162002563 -0.5674718831110732 -0.5282693888460092 -0.3111311728127416 0.5496405173990263
0.24684107303619385 -0.10156239569187164 0.8680647015571594 0.8504638671875 0.029552608728408817 0.5241706371307373 -0.032908692955970764 0.23775435984134674 -0.1524239331483841 0.9848361611366272 -0.48609673976898193 0.5266944169998169 -0.5042908787727356 -0.48165738582611084 0.3038250803947449 -0.11756286025047302 1.0242475271224976 0.7605504989624023 0.04176923632621765 0.6479269862174988 0.0029497146606445312 0.30393198132514954 -0.08781646192073822 1.0298501253128052 0.7213864326477051 0.13519886136054993 0.678766131401062 -0.02448394894599915 0.29959335923194885 -0.0713871642947197 1.0188616514205933 0.7044212222099304 0.11509084701538086 0.7002947926521301 -0.011491775512695312 0.3043269217014313 -0.05107283964753151 0.989687979221344 0.8053273558616638 0.15603119134902954 0.5715816020965576 0.01991403102874756
0.2464207261800766 -0.10173976421356201 0.8678874969482422 0.8489930033683777 0.034179866313934326 0.5261728167533875 -0.03442257642745972 0.23644667863845825 -0.15212586522102356 0.9846355319023132 -0.4840143322944641 0.5299819111824036 -0.5087746381759644 -0.47539210319519043 0.3043231666088104 -0.11793290078639984 1.0239169597625732 0.7647894024848938 0.04319179058074951 0.6428198218345642 -0.003774166107177735 0.30572569370269775 -0.08824792504310608 1.029327154159546 0.7297570705413818 0.1361188292503357 0.6692568063735962 -0.0319647490978241 0.3023299276828766 -0.07128569483757019 1.0180854797363281 0.7206937074661255 0.11723133921623229 0.6830689907073975 -0.016557008028030396 0.30426183342933655 -0.050261061638593674 0.9890390038490295 0.8028702735900879 0.16426533460617065 0.5728505849838257 0.016079366207122803
0.24616028368473053 -0.10210634022951126 0.8675835728645325 0.8485356569290161 0.037954747676849365 0.5264081954956055 -0.037961721420288086 0.23644667863845825 -0.15212586522102356 0.9846355319023132 -0.4840143322944641 0.5299819111824036 -0.5087746381759644 -0.47539210319519043 0.3043231666088104 -0.11793290078639984 1.0239169597625732 0.7647894024848938 0.04319179058074951 0.6428198218345642 -0.003774166107177735 0.30572569370269775 -0.08824792504310608 1.029327154159546 0.7297570705413818 0.1361188292503357 0.6692568063735962 -0.0319647490978241 0.3023299276828766 -0.07128569483757019 1.0180854797363281 0.7206937074661255 0.11723133921623229 0.6830689907073975 -0.016557008028030396 0.30426183342933655 -0.050261061638593674 0.9890390038490295 0.8028702735900879 0.16426533460617065 0.5728505849838257 0.016079366207122803
0.24612174928188324 -0.10210132598876953 0.8673577904701233 0.8481677770614624 0.042067527770996094 0.5262631773948669 -0.04346032440662384 0.23644667863845825 -0.15212586522102356 0.9846355319023132 0.006096825025785607 -0.7345117937804732 -0.014995806425262648 0.6784028022423425 0.3043231666088104 -0.11793290078639984 1.0239169597625732 0.5434564112820751 -0.42400102095255204 0.4850834332097429 0.538119067400066 0.30572569370269775 -0.08824792504310608 1.029327154159546 0.5386186640446388 -0.3769854789319359 0.5694865733521083 0.49341368235264277 0.3023299276828766 -0.07128569483757019 1.0180854797363281 0.5213149803605517 -0.40010764042007324 0.5658977902748299 0.49789983505499086 0.30426183342933655 -0.050261061638593674 0.9890390038490295 0.5563453331089315 -0.2889134260265027 0.5212197099885046 0.579084794059621
0.24612174928188324 -0.10210132598876953 0.8673577904701233 0.8481677770614624 0.042067527770996094 0.5262631773948669 -0.04346032440662384 0.23644667863845825 -0.15212586522102356 0.9846355319023132 0.6784027964487488 -0.014995806553327587 0.7345118000532406 -0.006096836665040398 0.3043231666088104 -0.11793290078639984 1.0239169597625732 -0.5381189360156121 -0.4850834337942116 -0.4240010214634236 0.5434565439697006 0.30572569370269775 -0.08824792504310608 1.029327154159546 -0.4934138660814563 -0.5694866399684959 -0.37698552303027294 0.5386186010390699 0.3023299276828766 -0.07128569483757019 1.0180854797363281 -0.4978998172793105 -0.5658977837451163 -0.40010763580335923 0.5213149863758385 0.30426183342933655 -0.050261061638593674 0.9890390038490295 -0.5790850010318978 -0.5212197137194113 -0.2889134280945539 0.5563451342640986
0.24612174928188324 -0.10210132598876953 0.8673577904701233 0.8481677770614624 0.042067527770996094 0.5262631773948669 -0.04346032440662384 0.23644667863845825 -0.15212586522102356 0.9846355319023132 -0.4840143322944641 0.5299819111824036 -0.5087746381759644 -0.47539210319519043 0.3043231666088104 -0.11793290078639984 1.0239169597625732 0.7647894024848938 0.04319179058074951 0.6428198218345642 -0.003774166107177735 0.30572569370269775 -0.08824792504310608 1.029327154159546 0.7297570705413818 0.1361188292503357 0.6692568063735962 -0.0319647490978241 0.3023299276828766 -0.07128569483757019 1.0180854797363281 0.7206937074661255 0.11723133921623229 0.6830689907073975 -0.016557008028030396 0.30426183342933655 -0.050261061638593674 0.9890390038490295 0.8028702735900879 0.16426533460617065 0.5728505849838257 0.016079366207122803
0.24612174928188324 -0.10210132598876953 0.8673577904701233 0.8481677770614624 0.042067527770996094 0.5262631773948669 -0.04346032440662384 0.23443880677223206 -0.151350200176239 0.9847105145454407 -0.4810899794101715 0.527881383895874 -0.5194303393363953 -0.46913301944732666 0.3067924678325653 -0.11848689615726471 1.022932767868042 0.7839478254318237 0.04919424653053284 0.6184988021850586 -0.021561115980148315 0.31104621291160583 -0.08839891850948334 1.0279570817947388 0.7589174509048462 0.14171048998832703 0.6336860656738281 -0.049034953117370605 0.3087193965911865 -0.07141713798046112 1.0163215398788452 0.7584137916564941 0.12100324034690857 0.6395896673202515 -0.03304174542427063 0.30378514528274536 -0.04931841790676117 0.9886436462402344 0.8039311170578003 0.17796838283538818 0.5674692392349243 -0.0008180141448974608
0.24612174928188324 -0.10210132598876953 0.8673577904701233 0.8481677770614624 0.042067527770996094 0.5262631773948669 -0.04346032440662384 0.234270840883255 -0.150912806391716 0.9847657680511475 0.47153645753860474 0.5225085616111755 0.525844395160675 -0.4776252806186676 0.30685508251190186 -0.11856457591056824 1.022986888885498 0.0221940279006958 -0.6179257035255432 0.048909276723861694 0.7843998670578003 0.3114714026451111 -0.0883798822760582 1.0279473066329956 0.04935804009437561 -0.6308037042617798 0.14172232151031494 0.7612918615341187 0.3092489242553711 -0.07144664973020554 1.0163004398345947 0.033284991979599 -0.6355700492858887 0.12059369683265686 0.7618398666381836 0.3040182292461395 -0.049299344420433044 0.9887043237686157 0.0007323026657104492 -0.5643718242645264 0.17770370841026306 0.8061671257019043
0.2446158528327942 -0.10151281952857971 0.8678362965583801 0.8504902124404907 0.05027881264686585 0.5201168656349182 -0.060140416026115424 0.23421217501163483 -0.1501377522945404 0.9849106073379517 -0.0009667138238006981 -0.7416066760639447 0.0027635691783286227 0.6708287400770605 0.3068457841873169 -0.11856594681739807 1.0230649709701538 0.5707485954104002 -0.4025779828415844 0.47136167991119216 0.5385119205377953 0.3115503787994385 -0.08836632966995239 1.0280299186706543 0.5738669369615785 -0.3457119976337808 0.5458603767641494 0.5031861238205271 0.3095397651195526 -0.07143335044384003 1.0163456201553345 0.5639299746703751 -0.3627329769900134 0.532700480770376 0.5163701938271484 0.304056316614151 -0.049243394285440445 0.9888434410095215 0.5713513196817943 -0.27286104667737404 0.5238430523401318 0.5698184794153012
0.24465933442115784 -0.10139457881450653 0.8679219484329224 0.8503372669219971 0.05006417632102967 0.5203050971031189 -0.06085105240345002 0.23421521484851837 -0.14925014972686768 0.9850249886512756 0.4684775173664093 -0.5184590220451355 0.5311528444290161 0.47917187213897705 0.307087779045105 -0.11864805221557617 1.0231757164001465 0.7843891382217407 0.048833757638931274 0.6178703308105469 -0.02418997883796692 0.31173181533813477 -0.08845129609107971 1.0281975269317627 0.7614961862564087 0.1416829526424408 0.6304043531417847 -0.05137908458709716 0.3099537491798401 -0.07146166265010834 1.0164607763290405 0.7656821012496948 0.12034478783607483 0.6309033632278442 -0.0347711443901062 0.30418503284454346 -0.04925856366753578 0.9890759587287903 0.8074519634246826 0.1777489185333252 0.5625134706497192 -0.0022700130939483643
0.24465817213058472 -0.10121864080429077 0.8680336475372314 0.8502799272537231 0.049866288900375366 0.5203438997268677 -0.06147865951061249 0.23421521484851837 -0.14925014972686768 0.9850249886512756 -0.007562073771919285 -0.7421876555926732 0.008975887731957309 0.6700893210676961 0.307087779045105 -0.11864805221557617 1.0231757164001465 0.5717517152706807 -0.402369604599717 0.471430964374106 0.5375420007358948 0.31173181533813477 -0.08845129609107971 1.0281975269317627 0.5747895529334367 -0.34557820254221083 0.5459481476889595 0.5021286381683323 0.3099537491798401 -0.07146166265010834 1.0164607763290405 0.566005969439317 -0.3610194424581636 0.5312126790480591 0.5168320774243501 0.30418503284454346 -0.04925856366753578 0.9890759587287903 0.5725597802411827 -0.27206960484643766 0.5234445184721302 0.5693496571696623
0.24482361972332 -0.10112868249416351 0.8682091236114502 0.8502494692802429 0.05021810531616211 0.5201973915100098 -0.06283840537071228 0.23316381871700287 -0.14785853028297424 0.9847652912139893 0.458638995885849 -0.5156165361404419 0.5383009910583496 0.48375821113586426 0.30570995807647705 -0.11837463080883026 1.0235555171966553 0.7809883952140808 0.047966182231903076 0.6222593784332275 -0.023442834615707397 0.3109683394432068 -0.08809052407741547 1.028473138809204 0.7615296840667725 0.14124444127082825 0.6305855512619019 -0.04984641075134277 0.30979251861572266 -0.07109053432941437 1.016595482826233 0.7698833346366882 0.11956137418746948 0.6260212063789368 -0.03289765119552612 0.3035247027873993 -0.0489422045648098 0.9893646240234375 0.8064522743225098 0.17692792415618896 0.564207911491394 -0.0008274614810943604
0.24482361972332 -0.10112868249416351 0.8682091236114502 0.8502494692802429 0.05021810531616211 0.5201973915100098 -0.06283840537071228 0.2323179841041565 -0.14692461490631104 0.9848433136940002 0.4528752565383911 -0.5138530731201172 0.5437654852867126 0.48495179414749146 0.30449753999710083 -0.11813722550868988 1.0240037441253662 0.7780727744102478 0.048396289348602295 0.625885009765625 -0.022989332675933838 0.3100784420967102 -0.08791575580835342 1.0288517475128174 0.7604434490203857 0.14134323596954346 0.631921648979187 -0.04922512173652649 0.3089989423751831 -0.07084035128355026 1.0169293880462646 0.7691072821617126 0.12005633115768433 0.6269212365150452 -0.03209799528121948 0.3027312159538269 -0.048724573105573654 0.9896782636642456 0.8045989274978638 0.17737120389938352 0.5667098164558411 6.371736526489258e-05
0.24497613310813904 -0.10068106651306152 0.8680629134178162 0.8482375144958496 0.04959997534751892 0.5235985517501831 -0.06227077543735505 0.2323179841041565 -0.14692461490631104 0.9848433136940002 0.48495179414749146 0.5437654852867126 0.5138530731201172 -0.4528752565383911 0.30449753999710083 -0.11813722550868988 1.0240037441253662 0.022989332675933838 -0.625885009765625 0.048396289348602295 0.7780727744102478 0.3100784420967102 -0.08791575580835342 1.0288517475128174 0.04922512173652649 -0.631921648979187 0.14134323596954346 0.7604434490203857 0.3089989423751831 -0.07084035128355026 1.0169293880462646 0.03209799528121948 -0.6269212365150452 0.12005633115768433 0.7691072821617126 0.3027312159538269 -0.048724573105573654 0.9896782636642456 -6.371736526489258e-05 -0.5667098164558411 0.17737120389938352 0.8045989274978638
0.24503375589847565 -0.10060128569602966 0.8680474162101746 0.8464609384536743 0.05024448037147522 0.5264574289321899 -0.0618230402469635 0.23145541548728943 -0.14648917317390442 0.9851764440536499 0.48569399118423456 0.5484955906867981 0.5128823518753052 -0.44744357466697693 0.30316200852394104 -0.11808185279369354 1.0246909856796265 0.02116638422012329 -0.6298263669013977 0.04939800500869751 0.7748745679855347 0.3091660737991333 -0.08815013617277145 1.0294047594070435 0.04791253805160522 -0.6336071491241455 0.14086413383483887 0.7592125535011292 0.3082531988620758 -0.070904441177845 1.0173405408859253 0.030196845531463623 -0.6277831196784973 0.12082618474960327 0.7683603763580322 0.3020141124725342 -0.04885580390691757 0.9900152087211609 -0.0022385716438293457 -0.5686551332473755 0.17804187536239624 0.8030737042427063
0.24503375589847565 -0.10060128569602966 0.8680474162101746 0.8464609384536743 0.05024448037147522 0.5264574289321899 -0.0618230402469635 0.231186181306839 -0.146406352519989 0.9853829741477966 0.657514691886204 0.026475301535391283 0.7524118616437568 0.029151499975287522 0.3028244376182556 -0.11831717193126678 1.0251502990722656 -0.5324197374059546 -0.4816446171225796 -0.4117398994350184 0.5612644646401734 0.30886441469192505 -0.08848798274993896 1.0298700332641602 -0.502522074086471 -0.5486081324921244 -0.34996595047443085 0.569231467815542 0.3080403506755829 -0.0711507499217987 1.0177662372589111 -0.5217933202629643 -0.5304528285011254 -0.3594910814133713 0.5631322064790972 0.3019150495529175 -0.049137841910123825 0.9904054403305054 -0.5692676498845362 -0.529248481854818 -0.27757856978483436 0.5646064642223196
0.24508003890514374 -0.10110215097665787 0.8682209253311157 0.8447446823120117 0.051331847906112664 0.5293163657188416 -0.05996328592300414 0.2302757352590561 -0.1461443454027176 0.9856477975845337 0.48681384325027466 0.5517693161964417 0.5142343044281006 -0.4405973255634308 0.3019339442253113 -0.11839401721954346 1.025575876235962 0.017464429140090942 -0.6332392692565918 0.04863294959068298 0.7722291946411133 0.30814018845558167 -0.08871935307979584 1.0302335023880005 0.044408321380615234 -0.6367806792259216 0.13905411958694458 0.7571012377738953 0.3075215816497803 -0.07128886878490448 1.0180249214172363 0.026146709918975834 -0.6299588084220886 0.12006583809852601 0.7668458223342896 0.3015507161617279 -0.049355000257492065 0.990587055683136 -0.006359308958053589 -0.5715683698654175 0.17684611678123474 0.8012456893920898
0.24553419649600983 -0.10144686698913574 0.8684003353118896 0.8435096144676208 0.051382362842559814 0.5313632488250732 -0.059198155999183655 0.22976787388324738 -0.14576314389705658 0.9856714606285095 0.4888244867324829 0.5531268119812012 0.5139380693435669 -0.4370001554489136 0.30138784646987915 -0.11839312314987183 1.025715708732605 0.015146821737289429 -0.6342946290969849 0.0480884313583374 0.7714457511901855 0.3077522814273834 -0.08895188570022583 1.0303303003311157 0.04251676797866821 -0.6377249360084534 0.13744708895683289 0.7567083835601807 0.3072953224182129 -0.0713614672422409 1.018017053604126 0.023768633604049683 -0.6302721500396729 0.11942729353904724 0.7667654752731323 0.30145496129989624 -0.04949555546045303 0.9905073642730713 -0.008743226528167725 -0.5719408988952637 0.17595872282981873 0.8011527061462402
0.24536676704883575 -0.10177277028560638 0.8685571551322937 0.842658281326294 0.05032467842102051 0.5331177711486816 -0.05639059841632843 0.23002713918685913 -0.14535747468471527 0.9853667616844177 0.4907994270324707 0.5557609796524048 0.5118266940116882 -0.4339115023612976 0.3015431761741638 -0.11849911510944366 1.0255221128463745 0.01526784896850586 -0.6349411606788635 0.04827287793159485 0.770899772644043 0.3079712986946106 -0.08919927477836609 1.0301523208618164 0.042872220277786255 -0.6379677057266235 0.13689067959785461 0.7565845251083374 0.30765673518180847 -0.07143744081258774 1.0177785158157349 0.02361917495727539 -0.6291641592979431 0.11960908770561218 0.7676510810852051 0.30163881182670593 -0.049607060849666595 0.9903204441070557 -0.0087432861328125 -0.5726200938224792 0.17612960934638977 0.8006298542022705
0.24533461034297943 -0.10199838876724243 0.8685088157653809 0.8420730233192444 0.04956537485122681 0.5343435406684875 -0.05416029691696167 0.22983066737651825 -0.14459875226020813 0.985550045967102 0.4949857294559479 0.5587596297264099 0.5088453888893127 -0.42878127098083496 0.3011784851551056 -0.1186201274394989 1.0257868766784668 0.013911306858062744 -0.636350154876709 0.04774746298789978 0.7697955369949341 0.3080228269100189 -0.08937656879425049 1.0303194522857666 0.04141691327095032 -0.6366342306137085 0.13606944680213928 0.7579358816146851 0.3078380823135376 -0.07153812050819397 1.0178762674331665 0.021877914667129517 -0.6266200542449951 0.11913052201271056 0.7698550224304199 0.30174511671066284 -0.04976149648427963 0.9903985857963562 -0.0101548433303833 -0.5725741386413574 0.17557239532470703 0.8007684350013733
0.24575409293174744 -0.10212761163711548 0.8682363033294678 0.8416102528572083 0.049800992012023926 0.5350403189659119 -0.054257676005363464 0.22972601652145386 -0.1437833309173584 0.9856730699539185 0.6528894967306186 0.038934415717393686 0.754617321932635 0.05265270914550756 0.30013129115104675 -0.11864279210567474 1.026119351387024 -0.5319241552646083 -0.48738054777717743 -0.4210675732029654 0.5497448371455196 0.3082329332828522 -0.0893111452460289 1.0303534269332886 -0.5091686502746167 -0.5445506193364534 -0.3527532518679349 0.5654883155815481 0.30799639225006104 -0.07149903476238251 1.0179064273834229 -0.5312018652496711 -0.5255753127885517 -0.3578293663129664 0.5599585562863977 0.3018878698348999 -0.049765754491090775 0.990399956703186 -0.5744744512176808 -0.5284546369429055 -0.2809742746127804 0.5583622470658607
0.24578288197517395 -0.10233177244663239 0.86838698387146 0.8413907885551453 0.0492091178894043 0.535568118095398 -0.05297967791557312 0.22957740724086761 -0.1430278718471527 0.9857393503189087 0.5019859075546265 0.5611270666122437 0.5062254071235657 -0.4205738306045532 0.29846927523612976 -0.11841348558664322 1.0265157222747803 0.008560985326766968 -0.6521385908126831 0.044857412576675415 0.7567229270935059 0.3083959221839905 -0.08905209600925446 1.0303199291229248 0.03580591082572937 -0.6340428590774536 0.1340419054031372 0.7607497572898865 0.3079162836074829 -0.07130873948335648 1.0179611444473267 0.01621776819229126 -0.6256926655769348 0.11695924401283264 0.7710812091827393 0.30236467719078064 -0.04971764236688614 0.9902326464653015 -0.01492738723754883 -0.5726733207702637 0.17282667756080627 0.8012199401855469
0.24578775465488434 -0.1023649126291275 0.8684812188148499 0.8414113521575928 0.04858765006065368 0.5357090830802917 -0.05178813636302947 0.22941316664218903 -0.14257165789604187 0.9858612418174744 -0.06061596434018373 -0.7547914562029586 0.03873679478660923 0.6520086590744171 0.2962955832481384 -0.11833419650793076 1.027051568031311 0.5324716905701178 -0.4385664280826258 0.4995264916830285 0.5240292595168912 0.3076167702674866 -0.08908827602863312 1.0306859016418457 0.5596496588041581 -0.35752154024799726 0.5445506686407674 0.5122842975672124 0.3066350221633911 -0.0712948739528656 1.0185538530349731 0.5511896826895542 -0.3654617920229892 0.5291035995764247 0.5316739299615871 0.30203860998153687 -0.04974072799086571 0.9905537962913513 0.5529647977304057 -0.2867110948280803 0.529178958000821 0.5761911397577468
0.24605219066143036 -0.10228842496871948 0.8684254288673401 0.8413044810295105 0.046692609786987305 0.5363848805427551 -0.04814344644546509 0.2296128273010254 -0.14269781112670898 0.98582524061203 0.4179832269750375 -0.5064882208180771 0.5610122995253598 0.5040092306762086 0.29391855001449585 -0.11809996515512466 1.0275766849517822 0.7350549697875977 0.04358166456222534 0.6765880584716797 -0.0048500001430511475 0.30612269043922424 -0.08925443887710571 1.03134024143219 0.7519065737724304 0.13127142190933228 0.6452155709266663 -0.033184826374053955 0.3052285313606262 -0.07129073888063431 1.0192582607269287 0.7596681118011475 0.1156666874885559 0.6397961378097534 -0.01365867257118225 0.3009573519229889 -0.04977121949195862 0.9913097620010376 0.7912190556526184 0.17163294553756714 0.5867629051208496 0.014967173337936401
0.2461293488740921 -0.10219715535640717 0.8685110211372375 0.8411924839019775 0.04546335339546204 0.5368443727493286 -0.04611380398273469 0.2302025407552719 -0.14297083020210266 0.9857645034790039 0.4182810244646079 -0.505490452762969 0.5629413399977994 0.5026105335520055 0.2907640337944031 -0.11772115528583527 1.0280853509902954 0.7147258520126343 0.04685261845588684 0.6978169083595276 -0.004836440086364746 0.30374687910079956 -0.08966148644685745 1.0322319269180298 0.740389347076416 0.13125261664390564 0.6583071947097778 -0.035040587186813354 0.30287396907806396 -0.07143153995275497 1.0202301740646362 0.7476414442062378 0.11720272898674011 0.6534879207611084 -0.015796244144439697 0.2994022071361542 -0.04990401864051819 0.9922688007354736 0.7803969383239746 0.17350122332572937 0.6006284356117249 0.011112451553344727
0.2463388741016388 -0.1020931527018547 0.8686327934265137 0.8409082889556885 0.04570320248603821 0.537255585193634 -0.04627065360546112 0.23015473783016205 -0.14260344207286835 0.9858184456825256 0.41653602703564524 -0.5047059724624278 0.5649376873824138 0.5026089489823333 0.2865978479385376 -0.1168978363275528 1.0284000635147095 0.6862516403198242 0.050200849771499634 0.7256250381469727 -0.002656608819961548 0.2996184527873993 -0.09004651755094528 1.0331385135650635 0.7187321186065674 0.1299706995487213 0.6820628643035889 -0.036360710859298706 0.2988046407699585 -0.07146641612052917 1.021212100982666 0.7249598503112793 0.11816713213920592 0.6783702969551086 -0.01684349775314331 0.2969505488872528 -0.049896448850631714 0.9933447241783142 0.7661983370780945 0.17437130212783813 0.618425190448761 0.009229063987731934
0.2468651384115219 -0.10218317806720734 0.8687261939048767 0.8401832580566406 0.0478377640247345 0.5380421280860901 -0.048107072710990906 0.23015473783016205 -0.14260344207286835 0.9858184456825256 0.41653602703564524 -0.5047059724624278 0.5649376873824138 0.5026089489823333 0.2865978479385376 -0.1168978363275528 1.0284000635147095 0.6862516403198242 0.050200849771499634 0.7256250381469727 -0.002656608819961548 0.2996184527873993 -0.09004651755094528 1.0331385135650635 0.7187321186065674 0.1299706995487213 0.6820628643035889 -0.036360710859298706 0.2988046407699585 -0.07146641612052917 1.021212100982666 0.7249598503112793 0.11816713213920592 0.6783702969551086 -0.01684349775314331 0.2969505488872528 -0.049896448850631714 0.9933447241783142 0.7661983370780945 0.17437130212783813 0.618425190448761 0.009229063987731934
0.24705630540847778 -0.10214188694953918 0.8687697649002075 0.8394158482551575 0.04895526170730591 0.5391805171966553 -0.0476326048374176 0.23015473783016205 -0.14260344207286835 0.9858184456825256 0.41653602703564524 -0.5047059724624278 0.5649376873824138 0.5026089489823333 0.2865978479385376 -0.1168978363275528 1.0284000635147095 0.6862516403198242 0.050200849771499634 0.7256250381469727 -0.002656608819961548 0.2996184527873993 -0.09004651755094528 1.0331385135650635 0.7187321186065674 0.1299706995487213 0.6820628643035889 -0.036360710859298706 0.2988046407699585 -0.07146641612052917 1.021212100982666 0.7249598503112793 0.11816713213920592 0.6783702969551086 -0.01684349775314331 0.2969505488872528 -0.049896448850631714 0.9933447241783142 0.7661983370780945 0.17437130212783813 0.618425190448761 0.009229063987731934
0.24705630540847778 -0.10214188694953918 0.8687697649002075 0.8394158482551575 0.04895526170730591 0.5391805171966553 -0.0476326048374176 0.23015473783016205 -0.14260344207286835 0.9858184456825256 0.6499336750242768 0.042590233357228634 0.7563519176299494 0.06086306274939951 0.2865978479385376 -0.1168978363275528 1.0284000635147095 0.4833746823589844 0.5485917463672262 0.47759702377771696 -0.487131694582094 0.2996184527873993 -0.09004651755094528 1.0331385135650635 -0.48250957643804493 -0.5741944864874566 -0.3903881454496453 0.5339312164954814 0.2988046407699585 -0.07146641612052917 1.021212100982666 -0.5007141830014553 -0.5632371296045517 -0.3961235354690839 0.5245340733978621 0.2969505488872528 -0.049896448850631714 0.9933447241783142 -0.5483101636754129 -0.5605918418200491 -0.3139935525094782 0.5352580433082164
0.24705630540847778 -0.10214188694953918 0.8687697649002075 0.8394158482551575 0.04895526170730591 0.5391805171966553 -0.0476326048374176 0.23015473783016205 -0.14260344207286835 0.9858184456825256 0.41653602703564524 -0.5047059724624278 0.5649376873824138 0.5026089489823333 0.2865978479385376 -0.1168978363275528 1.0284000635147095 0.6862516403198242 0.050200849771499634 0.7256250381469727 -0.002656608819961548 0.2996184527873993 -0.09004651755094528 1.0331385135650635 0.7187321186065674 0.1299706995487213 0.6820628643035889 -0.036360710859298706 0.2988046407699585 -0.07146641612052917 1.021212100982666 0.7249598503112793 0.11816713213920592 0.6783702969551086 -0.01684349775314331 0.2969505488872528 -0.049896448850631714 0.9933447241783142 0.7661983370780945 0.17437130212783813 0.618425190448761 0.009229063987731934
0.24705630540847778 -0.10214188694953918 0.8687697649002075 0.8394158482551575 0.04895526170730591 0.5391805171966553 -0.0476326048374176 0.23250257968902588 -0.13725921511650085 0.9873440861701965 0.4095021542208508 -0.49415160516385126 0.5740193624734119 0.5085509575926337 0.25575244426727295 -0.10830153524875641 1.0186594724655151 0.34906500577926636 0.08557833731174469 0.9331748485565186 0.0038340389728546143 0.25916606187820435 -0.08738067746162415 1.026102900505066 0.3917380571365357 0.14215461909770966 0.9079613089561462 -0.04404062032699586 0.2611483037471771 -0.07067649066448212 1.015316128730774 0.3988814353942871 0.12694500386714935 0.9076308012008667 -0.03138226270675659 0.2712706923484802 -0.04985953867435455 0.996545672416687 0.5608295202255249 0.17767079174518585 0.8084242343902588 -0.018806785345077515
0.24705630540847778 -0.10214188694953918 0.8687697649002075 0.8394158482551575 0.04895526170730591 0.5391805171966553 -0.0476326048374176 0.23409810662269592 -0.13436011970043182 0.988347053527832 0.6523099354167452 0.06704762807961534 0.7508834483293578 0.0785533384014528 0.24555140733718872 -0.10670894384384155 1.0091098546981812 0.12497702782827769 0.7587482504590211 0.6267460278702657 -0.12598164010938337 0.2413928359746933 -0.0897306501865387 1.0107537508010864 0.05789822161747642 0.7864335564050238 0.5984973871470665 -0.14131909955345237 0.24597904086112976 -0.07177352905273438 1.0028008222579956 0.09704807095103354 0.7782505771792396 0.600464717741858 -0.15604544023082556 0.25895658135414124 -0.05238467454910278 0.9928439855575562 0.2570130416528267 0.7524829423037706 0.5125774750489097 -0.32400347645901273
0.2489355355501175 -0.10033827275037766 0.8691076040267944 0.8391582369804382 0.05820244550704956 0.5396371483802795 -0.034894466400146484 0.2353316992521286 -0.1313876062631607 0.9890657067298889 0.5263403058052063 0.5824846625328064 0.4713869094848633 -0.40183573961257935 0.23647896945476532 -0.10565715283155441 0.9945454001426697 -0.0057269036769866935 0.9943091869354248 -0.10186161845922469 0.030670888721942898 0.23157216608524323 -0.09214332699775696 0.9878307580947876 -0.07542651891708374 0.9760758280754089 -0.1204340010881424 0.1645679920911789 0.2358856350183487 -0.07427617162466049 0.983544111251831 -0.058911830186843865 0.9874430894851685 -0.11670980602502821 0.08868328481912613 0.24625621736049652 -0.0571502260863781 0.9827170372009277 -0.08918181061744689 0.9659966230392456 -0.15101571381092072 -0.18997783958911893
0.24940045177936554 -0.09937415271997452 0.8694963455200195 0.8396744728088379 0.0598350465297699 0.5390338897705078 -0.02844563126564026 0.2361144870519638 -0.12912185490131378 0.9896109104156494 0.5326941013336182 0.5844995975494385 0.46093183755874634 -0.40266501903533936 0.23091936111450195 -0.10559561848640442 0.9764597415924072 -0.010781258344650269 0.9600584506988525 -0.1101008430123329 0.25700074434280396 0.23176123201847076 -0.09357748180627823 0.9672606587409973 -0.08805125951766968 0.8861956596374512 -0.10825066268444061 0.44179874658584595 0.23401246964931488 -0.07811997830867767 0.9634273648262024 -0.08081549406051636 0.9242309927940369 -0.08833134174346924 0.3625790774822235 0.23794178664684296 -0.06302541494369507 0.9660254120826721 -0.13378939032554626 0.9787346124649048 -0.11378345638513564 0.10598211735486983
0.24920699000358582 -0.09859417378902435 0.8694989681243896 0.8411608934402466 0.06119152903556823 0.5368796586990356 -0.021548539400100708 0.2361144870519638 -0.12912185490131378 0.9896109104156494 0.5326941013336182 0.5844995975494385 0.46093183755874634 -0.40266501903533936 0.23091936111450195 -0.10559561848640442 0.9764597415924072 -0.010781258344650269 0.9600584506988525 -0.1101008430123329 0.25700074434280396 0.23176123201847076 -0.09357748180627823 0.9672606587409973 -0.08805125951766968 0.8861956596374512 -0.10825066268444061 0.44179874658584595 0.23401246964931488 -0.07811997830867767 0.9634273648262024 -0.08081549406051636 0.9242309927940369 -0.08833134174346924 0.3625790774822235 0.23794178664684296 -0.06302541494369507 0.9660254120826721 -0.13378939032554626 0.9787346124649048 -0.11378345638513564 0.10598211735486983
0.24808859825134277 -0.09801740199327469 0.8693547248840332 0.8441593050956726 0.06243079900741577 0.5321161150932312 -0.018705904483795166 0.2380473017692566 -0.1252020001411438 0.9905924201011658 0.39307908018177323 -0.4227648715875177 0.5948971920190781 0.5593351860815767 0.239704430103302 -0.10858665406703949 0.9487782716751099 -0.655541718006134 0.12286901473999022 0.7443305253982544 -0.03376701474189758 0.2438564896583557 -0.09457913041114807 0.9458291530609131 0.7885516285896301 -0.09624356031417848 -0.5994917154312134 0.09763827919960023 0.24460159242153168 -0.08033015578985214 0.9414532780647278 0.7442407608032227 -0.041074275970458984 -0.6608098745346069 0.08802798390388489 0.24233748018741608 -0.06855121999979019 0.9379321932792664 -0.64262455701828 0.018586933612823486 0.747429370880127 -0.16744419932365417
0.24808859825134277 -0.09801740199327469 0.8693547248840332 0.8441593050956726 0.06243079900741577 0.5321161150932312 -0.018705904483795166 0.23835809528827667 -0.12208276242017746 0.99081951379776 -0.15047819961128905 -0.7031696246619717 0.15366376667864232 0.6777139996234514 0.24676650762557983 -0.11006783694028854 0.9433006644248962 0.5275301823843733 0.32841617941556006 -0.5126452333476461 0.5924943010615003 0.24861401319503784 -0.0946938768029213 0.9415751695632935 0.5541940227446767 0.2512735975872305 -0.3932825615030106 0.6892456086395152 0.249102383852005 -0.08016157895326614 0.9371452331542969 0.5527769025295827 0.33208787707091963 -0.37570050905555435 0.6655858287077209 0.24820733070373535 -0.06836814433336258 0.9316948652267456 0.46880212148924144 0.39913625722508633 -0.37354127580070734 0.693816890816942
0.24518421292304993 -0.09842531383037567 0.8695748448371887 0.8514130115509033 0.06150123476982117 0.5206969976425171 -0.013716042041778564 0.23931649327278137 -0.1171601265668869 0.9897681474685669 0.6135756373405457 0.6229824423789978 0.3456282615661621 -0.34052741527557373 0.25271984934806824 -0.10999893397092819 0.9418109655380249 -0.0573495626449585 0.4725113511085511 -0.13316437602043152 0.8693164587020874 0.25122663378715515 -0.09371905028820038 0.9392133355140686 -0.09184660017490387 0.3705074191093445 -0.10515850782394409 0.9182756543159485 0.25172507762908936 -0.078953817486763 0.935291588306427 -0.0733221173286438 0.3894335925579071 -0.025981783866882324 0.9177637100219727 0.2525846064090729 -0.06676950305700302 0.9297449588775635 -0.14884206652641296 0.38806459307670593 0.04009503126144409 0.908649742603302
0.24289286136627197 -0.0989190861582756 0.8700715899467468 0.854188859462738 0.056320548057556145 0.5168587565422058 -0.00681084394454956 0.2424842268228531 -0.1107192113995552 0.9863688349723816 0.6551200301765451 0.6461500948773549 0.27259452005362966 -0.28106994503169963 0.2589041590690613 -0.10981669276952744 0.9424232840538025 -0.06900505721569061 0.3626188039779663 -0.12868088483810425 0.9204276204109192 0.2533249258995056 -0.09335204213857651 0.9373747110366821 -0.084205724298954 0.3268024325370788 -0.09619084000587462 0.9364064931869507 0.25479209423065186 -0.07774639129638672 0.934224545955658 -0.06648540496826172 0.2881946861743927 -0.021319925785064697 0.9550229907035828 0.25630471110343933 -0.06526091694831848 0.9291118383407593 -0.13732828199863434 0.26209843158721924 0.05474802851676941 0.9536498785018921
0.2418496310710907 -0.0981515496969223 0.8701217174530029 0.8562079668045044 0.05268862843513488 0.5139321088790894 -0.0023502707481384277 0.2424842268228531 -0.1107192113995552 0.9863688349723816 0.28106994503169963 -0.27259452005362966 0.6461500948773549 0.6551200301765451 0.2589041590690613 -0.10981669276952744 0.9424232840538025 0.9204276204109192 -0.12868088483810425 -0.3626188039779663 0.06900505721569061 0.2533249258995056 -0.09335204213857651 0.9373747110366821 0.9364064931869507 -0.09619084000587462 -0.3268024325370788 0.084205724298954 0.25479209423065186 -0.07774639129638672 0.934224545955658 0.9550229907035828 -0.021319925785064697 -0.2881946861743927 0.06648540496826172 0.25630471110343933 -0.06526091694831848 0.9291118383407593 0.9536498785018921 0.05474802851676941 -0.26209843158721924 0.13732828199863434
0.24219195544719696 -0.09707976877689362 0.8697940111160278 0.8579468131065369 0.04868698120117187 0.5114260911941528 -0.0002624094486236572 0.24578030407428741 -0.1051323264837265 0.9818056225776672 0.2244264561298766 -0.19991464116220237 0.6612489452847994 0.6873258113866589 0.2609783113002777 -0.10855742543935776 0.9421758651733398 0.9293926954269409 -0.12166622281074524 -0.34092965722084045 0.07206636667251587 0.25457215309143066 -0.09231075644493103 0.9364129304885864 0.9366580843925476 -0.08636850118637085 -0.3293587267398834 0.08206673711538315 0.2562696635723114 -0.07607060670852661 0.9335929751396179 0.9620959758758545 -0.020873188972473145 -0.26398009061813354 0.06519532203674316 0.2577725350856781 -0.06351742893457413 0.9283571839332581 0.9578728675842285 0.05367076396942139 -0.24725273251533508 0.13588672876358032
0.24219195544719696 -0.09707976877689362 0.8697940111160278 0.8579468131065369 0.04868698120117187 0.5114260911941528 -0.0002624094486236572 0.24578030407428741 -0.1051323264837265 0.9818056225776672 0.2244264561298766 -0.19991464116220237 0.6612489452847994 0.6873258113866589 0.2609783113002777 -0.10855742543935776 0.9421758651733398 0.9293926954269409 -0.12166622281074524 -0.34092965722084045 0.07206636667251587 0.25457215309143066 -0.09231075644493103 0.9364129304885864 0.9366580843925476 -0.08636850118637085 -0.3293587267398834 0.08206673711538315 0.2562696635723114 -0.07607060670852661 0.9335929751396179 0.9620959758758545 -0.020873188972473145 -0.26398009061813354 0.06519532203674316 0.2577725350856781 -0.06351742893457413 0.9283571839332581 0.9578728675842285 0.05367076396942139 -0.24725273251533508 0.13588672876358032
0.2425433099269867 -0.09547996520996094 0.8689967393875122 0.8608673810958862 0.0466424822807312 0.5066859722137451 0.0010693371295928955 0.24835088849067688 -0.10133908689022064 0.9772655963897705 0.6237609899485087 0.3783230123928793 0.5752584315394291 0.3699617977823964 0.2602604627609253 -0.10725356638431549 0.9408072233200073 -0.6959811970035071 0.34982966727661413 0.1875768635653416 0.5983679663261466 0.255878210067749 -0.09150721877813339 0.9352889657020569 -0.7187167880932254 0.29035586938493296 0.18432417173137072 0.6042883574567836 0.2568698525428772 -0.07511689513921738 0.9320839643478394 -0.7212580612740672 0.212654851839422 0.18981808790009488 0.631295326356906 0.2579943537712097 -0.06249519810080528 0.9270221590995789 -0.7664474537473138 0.17338882208686546 0.2422499514816108 0.5690430065550768
0.2425433099269867 -0.09547996520996094 0.8689967393875122 0.8608673810958862 0.0466424822807312 0.5066859722137451 0.0010693371295928955 0.24880942702293396 -0.10102067142724991 0.9765763878822327 0.17261506358995085 -0.12936796054543065 0.6768068570038136 0.7038468823759824 0.25967806577682495 -0.10713465511798859 0.9405568838119507 0.9075497388839722 -0.1125548779964447 -0.3989439010620117 0.06729342043399811 0.25612470507621765 -0.09145036339759827 0.9352138638496399 0.935302197933197 -0.07259160280227661 -0.33680337667465204 0.080645814538002 0.25677505135536194 -0.07512393593788147 0.9319721460342407 0.9521454572677612 -0.014341682195663452 -0.2986530065536499 0.06340129673480988 0.25778302550315857 -0.062495291233062744 0.9268792867660522 0.9384114742279053 0.047669917345047004 -0.31189888715744024 0.14082105457782745
0.24304530024528503 -0.0942230373620987 0.8679837584495544 0.8639935255050659 0.04917937517166138 0.5010842084884644 -0.0033530890941619873 0.24904581904411316 -0.10087137669324875 0.9763569831848145 0.17165513867382762 -0.12709890698961027 0.6785750002854858 0.7027918479113934 0.25933733582496643 -0.10699711740016937 0.940389096736908 0.9022945165634155 -0.1109987199306488 -0.41128212213516235 0.066264808177948 0.25628629326820374 -0.09132113307714462 0.9351519346237183 0.9353587031364441 -0.07028251886367798 -0.33705994486808777 0.08096396923065186 0.2567204236984253 -0.07512011379003525 0.9318724870681763 0.9498785734176636 -0.010877400636672974 -0.3061288297176361 0.062431298196315765 0.2576201558113098 -0.06244492158293724 0.926767885684967 0.935238242149353 0.04815217852592469 -0.3209896981716156 0.14133870601654053
0.24314545094966888 -0.09407498687505722 0.8679324388504028 0.8645485639572144 0.05036911368370056 0.49998956918716425 -0.005404055118560791 0.2490382194519043 -0.10088644921779633 0.9765065908432007 0.6164290946175721 0.3926295905083466 0.5706408713973152 0.37446801393848145 0.25933554768562317 -0.10708068311214447 0.9406089782714844 -0.6850814091602229 0.36852260912971807 0.21581867366267882 0.5901499086677501 0.25623583793640137 -0.09138379991054535 0.9353830814361572 -0.7196266490313165 0.28539858182901756 0.19056653729963863 0.6036300202706474 0.2565086781978607 -0.0752447247505188 0.9320698380470276 -0.7155572647284838 0.22282659845078856 0.21299432952053324 0.6268645992615285 0.2572655975818634 -0.06251909583806992 0.9269338250160217 -0.7616606239225553 0.19428664074660723 0.263238377405445 0.5593132022690002
0.24325715005397797 -0.09391151368618011 0.8678823709487915 0.8646730184555054 0.051598966121673584 0.49962547421455383 -0.007253855466842651 0.2485353946685791 -0.10121311992406845 0.9766191244125366 0.1712229873381858 -0.12454442932582482 0.6842498286167895 0.6978347816236219 0.2588896155357361 -0.1074988842010498 0.9407896399497986 0.902163028717041 -0.10351920127868652 -0.41336092352867126 0.0672200620174408 0.2556546628475189 -0.0917874425649643 0.9356172680854797 0.9360164403915405 -0.06255081295967102 -0.3365097939968109 0.08198687434196472 0.2557929456233978 -0.07564163208007812 0.9323649406433105 0.94926917552948 -0.0024507343769073486 -0.3081878423690796 0.062470391392707825 0.2563890516757965 -0.06289523839950562 0.9272608757019043 0.9337372183799744 0.05197763442993164 -0.323903888463974 0.14324545860290527
0.2432534247636795 -0.09403231739997864 0.8681091666221619 0.8643901348114014 0.054180532693862915 0.49980875849723816 -0.009237617254257202 0.2477717250585556 -0.10137686878442764 0.9767351150512695 0.17157984064910456 -0.1245323135020434 0.6856957786841075 0.6963286266791721 0.2581779658794403 -0.1077827736735344 0.9408687353134155 0.9024216532707214 -0.10148805379867555 -0.41326472163200384 0.06743726134300232 0.2548789083957672 -0.09206712245941162 0.9357150793075562 0.9362002611160278 -0.06048288941383362 -0.33633559942245483 0.08215425908565521 0.2549338936805725 -0.07589297741651535 0.9324822425842285 0.9493125677108765 -0.0003134012222290039 -0.30799347162246704 0.06281492859125137 0.2554866075515747 -0.06315669417381287 0.927396833896637 0.9337601065635681 0.053520262241363525 -0.323476642370224 0.14349406957626343
0.24266575276851654 -0.09432104229927063 0.868342399597168 0.8642580509185791 0.05681335926055908 0.49966478347778326 -0.012859687209129333 0.24697934091091156 -0.10149122774600983 0.9769817590713501 0.1706577951310529 -0.1250549936270422 0.6864938001819056 0.695674849832773 0.257487952709198 -0.10797813534736633 0.9411258697509766 0.9029586911201477 -0.10098642110824585 -0.4121443033218384 0.0678570419549942 0.2541632652282715 -0.09225452691316605 0.9359605312347412 0.9366124868392944 -0.059938281774520874 -0.33515968918800354 0.08265987038612366 0.25418075919151306 -0.07605181634426117 0.9327200055122375 0.9496409893035889 0.00033971667289733887 -0.3068060278892517 0.06365520507097244 0.25463998317718506 -0.06336268782615662 0.9276291728019714 0.9335188865661621 0.05373981595039367 -0.3238566517829895 0.1441226303577423
0.2418869286775589 -0.0945666953921318 0.8684430122375488 0.8641194105148315 0.058178365230560296 0.4997056126594543 -0.014397457242012022 0.24697934091091156 -0.10149122774600983 0.9769817590713501 0.1706577951310529 -0.1250549936270422 0.6864938001819056 0.695674849832773 0.257487952709198 -0.10797813534736633 0.9411258697509766 0.9029586911201477 -0.10098642110824585 -0.4121443033218384 0.0678570419549942 0.2541632652282715 -0.09225452691316605 0.9359605312347412 0.9366124868392944 -0.059938281774520874 -0.33515968918800354 0.08265987038612366 0.25418075919151306 -0.07605181634426117 0.9327200055122375 0.9496409893035889 0.00033971667289733887 -0.3068060278892517 0.06365520507097244 0.25463998317718506 -0.06336268782615662 0.9276291728019714 0.9335188865661621 0.05373981595039367 -0.3238566517829895 0.1441226303577423
0.24133700132369995 -0.09481765329837799 0.8686598539352417 0.86350017786026 0.058972835540771484 0.5006791949272156 -0.01449286937713623 0.24697934091091156 -0.10149122774600983 0.9769817590713501 0.1706577951310529 -0.1250549936270422 0.6864938001819056 0.695674849832773 0.257487952709198 -0.10797813534736633 0.9411258697509766 0.9029586911201477 -0.10098642110824585 -0.4121443033218384 0.0678570419549942 0.2541632652282715 -0.09225452691316605 0.9359605312347412 0.9366124868392944 -0.059938281774520874 -0.33515968918800354 0.08265987038612366 0.25418075919151306 -0.07605181634426117 0.9327200055122375 0.9496409893035889 0.00033971667289733887 -0.3068060278892517 0.06365520507097244 0.25463998317718506 -0.06336268782615662 0.9276291728019714 0.9335188865661621 0.05373981595039367 -0.3238566517829895 0.1441226303577423
0.24133700132369995 -0.09481765329837799 0.8686598539352417 0.86350017786026 0.058972835540771484 0.5006791949272156 -0.01449286937713623 0.24697934091091156 -0.10149122774600983 0.9769817590713501 -0.37124312375066854 -0.5738516417697624 0.3969971779301438 0.6125896864314514 0.257487952709198 -0.10797813534736633 0.9411258697509766 0.5905062057884237 0.2200218672112795 -0.36283824568224854 0.6864703298632205 0.2541632652282715 -0.09225452691316605 0.9359605312347412 0.6038359020232263 0.19461094407335236 -0.27937648402097404 0.7207343195136614 0.25418075919151306 -0.07605181634426117 0.9327200055122375 0.626486604059506 0.21718484385366374 -0.21670441191629228 0.716508593695583 0.25463998317718506 -0.06336268782615662 0.9276291728019714 0.5581873946003567 0.2670010163199707 -0.19100144163255775 0.7620076430452065
0.24133700132369995 -0.09481765329837799 0.8686598539352417 0.86350017786026 0.058972835540771484 0.5006791949272156 -0.01449286937713623 0.24697934091091156 -0.10149122774600983 0.9769817590713501 0.1706577951310529 -0.1250549936270422 0.6864938001819056 0.695674849832773 0.257487952709198 -0.10797813534736633 0.9411258697509766 0.9029586911201477 -0.10098642110824585 -0.4121443033218384 0.0678570419549942 0.2541632652282715 -0.09225452691316605 0.9359605312347412 0.9366124868392944 -0.059938281774520874 -0.33515968918800354 0.08265987038612366 0.25418075919151306 -0.07605181634426117 0.9327200055122375 0.9496409893035889 0.00033971667289733887 -0.3068060278892517 0.06365520507097244 0.25463998317718506 -0.06336268782615662 0.9276291728019714 0.9335188865661621 0.05373981595039367 -0.3238566517829895 0.1441226303577423
0.24133700132369995 -0.09481765329837799 0.8686598539352417 0.86350017786026 0.058972835540771484 0.5006791949272156 -0.01449286937713623 0.2463751584291458 -0.10140907764434814 0.977094292640686 0.6958954304479418 0.6864349863343217 0.12516595058735897 -0.16991214492095533 0.2569172978401184 -0.10793639719486237 0.9412557482719421 -0.06810276210308075 0.41161912679672236 -0.10149377584457396 0.9031228423118591 0.25360602140426636 -0.09221041947603226 0.9360706210136414 -0.08302286267280579 0.3346301317214966 -0.060418128967285156 0.9367388486862183 0.25362998247146606 -0.0759834572672844 0.9328097701072693 -0.0643937811255455 0.30625915527343744 -4.2647123336791985e-05 0.9497678279876709 0.25394606590270996 -0.06336908042430878 0.9276927709579468 -0.1446715593338013 0.3265198171138764 0.052741140127182014 0.9325628280639648
0.24133700132369995 -0.09481765329837799 0.8686598539352417 0.86350017786026 0.058972835540771484 0.5006791949272156 -0.01449286937713623 0.24395105242729187 -0.10141898691654205 0.9772952198982239 0.6965138756060476 0.6859656717090958 0.12805823874586234 -0.16709493415036772 0.25489342212677 -0.10797656327486038 0.9415676593780518 -0.06646326184272766 0.40655195713043213 -0.10274818539619446 0.9053956270217896 0.2515580952167511 -0.09218578040599823 0.9364570379257202 -0.08157476037740707 0.3290654718875885 -0.06179523468017578 0.938745379447937 0.25157830119132996 -0.07597458362579346 0.9330946803092957 -0.06253840029239655 0.3016442656517028 2.5123357772827145e-05 0.9513672590255737 0.25171390175819397 -0.06343422830104828 0.9277282953262329 -0.1426781564950943 0.3182153701782226 0.05099475383758544 0.9358320236206055
0.24085363745689392 -0.09483392536640167 0.8687598705291748 0.8632486462593079 0.05895453691482544 0.5011317133903503 -0.013899490237236023 0.24395105242729187 -0.10141898691654205 0.9772952198982239 0.6106636432023786 0.39450011423143755 0.5756018054033801 0.374355730043033 0.25489342212677 -0.10797656327486038 0.9415676593780518 -0.6872083967551643 0.3601296586483308 0.21482175140959528 0.5932146421368849 0.2515580952167511 -0.09218578040599823 0.9364570379257202 -0.7214753751002265 0.27638026829786394 0.1889886054704038 0.6061111306577753 0.25157830119132996 -0.07597458362579346 0.9330946803092957 -0.7169395380643877 0.21327693770509007 0.21331246749786056 0.628496922597167 0.25171390175819397 -0.06343422830104828 0.9277282953262329 -0.7626220409235446 0.18895352783543853 0.26107100717265097 0.5608444246958588
0.23921073973178864 -0.09464733302593231 0.8689852952957153 0.8614264726638794 0.05714765191078186 0.5044736862182617 -0.01359906792640686 0.2435094565153122 -0.10128936916589737 0.9767599105834961 0.16423333594831566 -0.12926686521336753 0.6854805727466382 0.6974481556521954 0.254662424325943 -0.1079811155796051 0.9411224126815796 0.9065199494361877 -0.10462182760238649 -0.40357586741447454 0.06635144352912903 0.25133541226387024 -0.0921725258231163 0.935968279838562 0.9394360780715942 -0.06374582648277283 -0.3266962170600891 0.0816444680094719 0.25140440464019775 -0.07600586116313934 0.9325119853019714 0.9524449706077576 -0.0005581378936767579 -0.2983307838439942 0.06202518194913865 0.25155943632125854 -0.06345017999410629 0.9271429181098938 0.9370947480201721 0.04898756742477417 -0.31470850110054016 0.14287197589874268
0.23921073973178864 -0.09464733302593231 0.8689852952957153 0.8614264726638794 0.05714765191078186 0.5044736862182617 -0.01359906792640686 0.2430773377418518 -0.10116958618164062 0.9764790534973145 0.16159217921409003 -0.13062973731634298 0.6844351095732928 0.6988365825139623 0.25437214970588684 -0.10798072814941406 0.9409107565879822 0.9072134494781494 -0.10721656680107115 -0.40137058496475214 0.06610700488090515 0.25115475058555603 -0.0921739861369133 0.935705304145813 0.9399929046630859 -0.06637918949127197 -0.324550062417984 0.08169668167829514 0.25127366185188293 -0.07603026181459427 0.9322163462638855 0.9529205560684204 -0.0026195645332336426 -0.29677706956863403 0.06212044507265091 0.2514122426509857 -0.06349808722734451 0.926824688911438 0.937562108039856 0.04610252380371094 -0.31358516216278076 0.1432349681854248
0.23931878805160522 -0.09469888359308243 0.8684414625167847 0.8602080941200256 0.056230783462524414 0.506692111492157 -0.011970102787017822 0.24295572936534882 -0.10122857987880707 0.9761185646057129 0.160021172381193 -0.13154036616824893 0.684120434960016 0.6993353139820987 0.2543504238128662 -0.10809700936079025 0.940592885017395 0.9077203273773193 -0.10835731029510497 -0.3999276161193847 0.06603552401065826 0.2511861324310303 -0.09229281544685364 0.935357928276062 0.9404064416885376 -0.06753528118133545 -0.3230900764465332 0.08177733421325684 0.25129514932632446 -0.0761716365814209 0.9318503737449646 0.9531275033950806 -0.002982348203659057 -0.29611110687255854 0.06210902333259582 0.25130748748779297 -0.06366933137178421 0.9264474511146545 0.9376057386398315 0.04465356469154358 -0.31352972984313965 0.1435297429561615
0.239454448223114 -0.09478385746479034 0.8681269288063049 0.85912024974823 0.05483412742614746 0.5087326765060425 -0.009835571050643921 0.24280309677124023 -0.1011442318558693 0.9758580923080444 0.6993661294385914 0.6843443723685776 0.131967306794361 -0.158570323207808 0.25427618622779846 -0.10806391388177872 0.9403792023658752 -0.06652970612049103 0.3986524343490601 -0.10885936021804811 0.9081849455833435 0.25115829706192017 -0.0922817513346672 0.9351052045822144 -0.08235981315374374 0.32180464267730713 -0.06800413131713867 0.9407625198364258 0.25131773948669434 -0.07618239521980286 0.9315649271011353 -0.0627908781170845 0.29498031735420227 -0.0034193694591522217 0.9534319639205933 0.2513295114040375 -0.06369402259588242 0.9261396527290344 -0.1442840099334717 0.31286013126373297 0.0440305769443512 0.937743067741394
0.23969869315624237 -0.09495183825492859 0.8677453398704529 0.858362078666687 0.05432626605033874 0.5100833177566528 -0.008841484785079956 0.24270407855510712 -0.10098564624786377 0.975678563117981 -0.3840647110826966 -0.5771971016785518 0.3900805327433057 0.6059496920489352 0.2542504668235779 -0.10799794644117355 0.940244197845459 0.5951041672720259 0.20310807372265535 -0.3590234924609388 0.6897106642824742 0.2511899471282959 -0.09222590178251266 0.9349286556243896 0.6067835560357918 0.17768603129693508 -0.2757893521291523 0.724003835106964 0.2514035403728485 -0.07614049315452576 0.9313532114028931 0.6295168843203941 0.20447343135167256 -0.2111956843358541 0.7192322691057714 0.25143083930015564 -0.06366900354623795 0.9258993268013 0.5606482308504135 0.2509726395153715 -0.1908405085108478 0.7656802167035213
0.23989664018154144 -0.09505687654018402 0.8674587607383728 0.8576997518539429 0.05461794137954712 0.5111782550811768 -0.008056849241256714 0.24262575805187225 -0.1009090393781662 0.9755575656890869 0.1551788615185812 -0.13329593772183404 0.6839807168721507 0.7002301063570846 0.2542962431907654 -0.10797326266765594 0.9401723146438599 0.9091387987136841 -0.1110476553440094 -0.3957849144935608 0.06700381636619568 0.2512723207473755 -0.09220436960458755 0.9348260760307312 0.9415164589881897 -0.07017117738723755 -0.31892460584640503 0.08312568068504333 0.25151526927948 -0.07612290233373642 0.931233823299408 0.954211413860321 -0.00551074743270874 -0.2921946346759796 0.06381607800722122 0.25154781341552734 -0.0636635273694992 0.925761878490448 0.9381963014602661 0.041528791189193726 -0.3112998604774475 0.14544938504695892
0.24010929465293884 -0.09512010216712952 0.8672568798065186 0.8571286797523499 0.054274976253509515 0.5121920108795166 -0.006624311208724975 0.24257797002792358 -0.10089737176895142 0.9754347801208496 0.1541652417286443 -0.133942368762511 0.6838599006488181 0.7004485563398218 0.2543196380138397 -0.107993483543396 0.9400774836540222 0.9095014333724976 -0.1116609573364258 -0.39478605985641485 0.06695552170276642 0.2513218820095062 -0.09222447872161865 0.9347147345542908 0.9418092966079712 -0.0707954466342926 -0.3179094791412353 0.08316753804683684 0.2515856623649597 -0.07614448666572571 0.9311152696609497 0.9545106887817383 -0.006112039089202882 -0.2911750078201294 0.06394513696432114 0.2516346871852875 -0.06369014084339142 0.9256349205970764 0.938468337059021 0.04081764817237855 -0.3104918003082276 0.14562270045280457
0.24044008553028107 -0.09516417980194092 0.8671165108680725 0.8562146425247192 0.0541456937789917 0.5137423872947693 -0.0057891011238098145 0.24257797002792358 -0.10089737176895142 0.9754347801208496 0.1541652417286443 -0.133942368762511 0.6838599006488181 0.7004485563398218 0.2543196380138397 -0.107993483543396 0.9400774836540222 0.9095014333724976 -0.1116609573364258 -0.39478605985641485 0.06695552170276642 0.2513218820095062 -0.09222447872161865 0.9347147345542908 0.9418092966079712 -0.0707954466342926 -0.3179094791412353 0.08316753804683684 0.2515856623649597 -0.07614448666572571 0.9311152696609497 0.9545106887817383 -0.006112039089202882 -0.2911750078201294 0.06394513696432114 0.2516346871852875 -0.06369014084339142 0.9256349205970764 0.938468337059021 0.04081764817237855 -0.3104918003082276 0.14562270045280457
0.24063542485237122 -0.09521287679672241 0.8669840097427368 0.8556768894195557 0.05389675498008728 0.5146694779396057 -0.005244135856628418 0.24266450107097626 -0.1010231226682663 0.9751969575881958 0.7013167964096864 0.6827104468482575 0.13487384780315248 -0.15449986855818307 0.254370778799057 -0.10815362632274628 0.9397929310798645 -0.0668986439704895 0.3947244882583618 -0.11321473121643065 0.9093402624130249 0.25143593549728394 -0.09239619225263596 0.9344075918197632 -0.08324502408504485 0.31789189577102656 -0.07235330343246459 0.9416900277137756 0.2518448233604431 -0.07636319100856781 0.9307652711868286 -0.06407640874385834 0.29144287109375 -0.007700026035308838 0.9544087648391724 0.25195571780204773 -0.06391796469688416 0.9252703189849854 -0.1457233428955078 0.31070080399513245 0.03925144672393799 0.9384503960609436
0.24063542485237122 -0.09521287679672241 0.8669840097427368 0.8556768894195557 0.05389675498008728 0.5146694779396057 -0.005244135856628418 0.2429528385400772 -0.10130859166383743 0.975136399269104 0.6065847889699311 0.38619470736057626 0.5790276158903498 0.38423382732654293 0.2546100318431854 -0.10833819210529327 0.939581573009491 -0.6900483711144287 0.359157588938672 0.20013379475350832 0.5956392599138218 0.25164783000946045 -0.09257885813713074 0.9342168569564819 -0.7244491789527809 0.27593759857562034 0.17469079138849194 0.607054448550651 0.2520359754562378 -0.07654301822185516 0.9305902719497681 -0.7198187425085424 0.21152598267830144 0.20168191132034527 0.6296366824373082 0.2521226108074188 -0.06409188359975815 0.9251077175140381 -0.7662536303491172 0.19183808151200107 0.24848771494192093 0.5606319476560913
0.2408846616744995 -0.09547724574804306 0.8666535019874573 0.8557041883468628 0.052955061197280884 0.5147331953048706 -0.003996819257736206 0.24333791434764862 -0.1014743447303772 0.9750534296035767 0.15871968596022726 -0.13743882938306037 0.6820943880172482 0.7004755196647828 0.25494396686553955 -0.10845078527927399 0.9394127130508423 0.9085387587547302 -0.11241668462753296 -0.39687496423721313 0.06640741229057312 0.252006858587265 -0.0926852747797966 0.9340611696243286 0.9414293766021729 -0.07156011462211609 -0.31899261474609375 0.08266571164131165 0.2523948550224304 -0.07664630562067032 0.930446207523346 0.9541326761245728 -0.006945759057998656 -0.29251155257225037 0.06340030580759048 0.2524779736995697 -0.06419065594673157 0.9249725937843323 0.938200831413269 0.040108293294906616 -0.31167417764663696 0.14501583576202393
0.24099299311637878 -0.09560468792915344 0.8664772510528564 0.8560879230499268 0.05317825078964234 0.5140652060508728 -0.004761338233947754 0.2439250648021698 -0.10168866068124771 0.9750577211380005 0.7008255033856453 0.6800826244183504 0.14061700890453135 -0.16296711565705949 0.2552439868450165 -0.10857857018709183 0.9392226934432983 -0.065940722823143 0.40630966424942017 -0.1136205792427063 0.9042426943778992 0.2524629831314087 -0.09281419217586517 0.9340448975563049 -0.08332239091396332 0.32416266202926636 -0.07249322533607483 0.9395322799682617 0.2527593672275543 -0.07674693316221237 0.9306496977806091 -0.06404489278793335 0.3052864968776703 -0.008801907300949097 0.9500637054443359 0.2529411017894745 -0.06425120681524277 0.9250569343566895 -0.14546248316764832 0.32231274247169495 0.03785449266433716 0.934624195098877
0.2413034737110138 -0.09566022455692291 0.8663266897201538 0.8562644124031067 0.05289703607559204 0.5137975215911865 -0.005022287368774414 0.24430891871452332 -0.10179613530635834 0.9756620526313782 0.7005725932959369 0.6761936088860292 0.14932882920119248 -0.1722244360638613 0.2548077702522278 -0.10840848833322525 0.9394863247871399 -0.06551086902618408 0.42900577187538147 -0.1159517765045166 0.893430233001709 0.252464234828949 -0.09277599304914474 0.935020387172699 -0.08802074193954468 0.34653815627098083 -0.07380345463752747 0.930976390838623 0.2524815797805786 -0.07662941515445709 0.9316754937171936 -0.06694085896015167 0.34551697969436646 -0.013490021228790281 0.9359247088432312 0.252972811460495 -0.06402231752872467 0.9259349703788757 -0.1484116166830063 0.357291042804718 0.031478047370910645 0.9215889573097229
0.24164818227291107 -0.09571728855371475 0.8660857677459717 0.8569236993789673 0.051626056432724 0.5128316879272461 -0.004510819911956787 0.24423815310001373 -0.10184930264949799 0.9770339727401733 0.1895226981743825 -0.16653804269801342 0.6696306385236211 0.698527818920678 0.2529033124446869 -0.10776309669017792 0.9405322074890137 0.8697671890258789 -0.11933615803718566 -0.47434368729591364 0.06528404355049133 0.2512405812740326 -0.0924873799085617 0.9372241497039795 0.9075762033462524 -0.07592567801475525 -0.40121728181838995 0.09780400991439821 0.2512788474559784 -0.07616342604160309 0.9339174032211304 0.9056167602539062 -0.02113035321235657 -0.41729718446731573 0.07262869179248811 0.2522299885749817 -0.06334196031093597 0.9279354810714722 0.8910168409347534 0.019589155912399292 -0.42641884088516235 0.15450672805309296
0.24180643260478973 -0.09558413922786713 0.8660537600517273 0.8576030731201172 0.04994353652000428 0.5118716359138489 -0.0031686425209045414 0.24508480727672577 -0.1028444766998291 0.9785513281822205 -0.33408215298023664 -0.6030283160382729 0.32728668262292393 0.6462425419995877 0.24781984090805054 -0.10655684769153595 0.9422121047973633 0.5210382323944908 0.32873126182126033 -0.5072219570424638 0.6026450532649898 0.2479354590177536 -0.09180324524641037 0.9406673312187195 0.5163998305460373 0.308071150200938 -0.43383157381192616 0.6709795784661904 0.24929000437259674 -0.07571844011545181 0.9364793300628662 0.5319912515425276 0.36035450765216 -0.4126925041712097 0.6456118788951005 0.25068533420562744 -0.06250526756048203 0.9312931895256042 0.45538549556738084 0.3991367925843774 -0.40556633587027474 0.6847112637904895
0.24147257208824158 -0.09521766006946564 0.8661961555480957 0.8583539128303528 0.048326790332794196 0.5107760429382324 -0.0009940862655639648 0.2456115484237671 -0.10522116720676422 0.9807983636856079 -0.295225715384357 -0.6202506449529923 0.28093989783930956 0.6702266477246608 0.236420139670372 -0.10271253436803818 0.949168860912323 -0.4071216346555592 -0.45261669203243143 0.6532982368674772 -0.4501017685083621 0.2397947758436203 -0.08920293301343918 0.9482203125953674 0.4091853973636225 0.4168985809174423 -0.5861894878412804 0.561377527375545 0.24439610540866852 -0.07460154592990875 0.9418020248413086 0.42457857012947614 0.4631967633293409 -0.5542154641164174 0.5459188147303505 0.24765583872795105 -0.06085016578435898 0.9373549222946167 0.33766683380710777 0.498668186841839 -0.5603557465315728 0.5686057957353234
0.2413221150636673 -0.09480176866054535 0.8657266497612 0.8604757189750671 0.046187341213226325 0.5073930025100708 0.0007704496383666993 0.2456115484237671 -0.10522116720676422 0.9807983636856079 0.2651657166829999 -0.2399289433099198 0.6372379787328312 0.6826779068069349 0.236420139670372 -0.10271253436803818 0.949168860912323 -0.6061484813690186 0.14190328121185303 0.781999945640564 -0.03039154410362244 0.2397947758436203 -0.08920293301343918 0.9482203125953674 -0.6862916350364685 0.11970674991607666 0.7092903852462769 -0.10761606693267822 0.24439610540866852 -0.07460154592990875 0.9418020248413086 -0.6862452030181885 0.06435993313789368 0.719419002532959 -0.08580067753791809 0.24765583872795105 -0.06085016578435898 0.9373549222946167 -0.6408315300941467 0.04361969232559204 0.7488430142402649 -0.16329848766326904
0.2410108894109726 -0.09417158365249634 0.8652585744857788 0.8621194362640381 0.04334908723831177 0.504825234413147 0.0047189295291900635 0.2454688549041748 -0.10979997366666794 0.9835673570632935 0.3216573093487869 -0.3026815758444519 0.6064142795326937 0.6611974659697291 0.22620610892772675 -0.09456460177898407 0.9673231244087219 -0.28663527965545654 0.15353271365165708 0.9454869031906128 0.017951399087905884 0.23186177015304565 -0.0827515572309494 0.9638904333114624 -0.43591147661209106 0.15813149511814117 0.8817646503448486 -0.0864109992980957 0.238985076546669 -0.07128243148326874 0.9544810652732849 -0.4493496417999267 0.09715931117534636 0.8840062618255615 -0.08472266793251036 0.24536409974098206 -0.056882478296756744 0.9484074115753174 -0.3846721947193146 0.09074974060058594 0.9060978889465332 -0.15092554688453674
0.2410108894109726 -0.09417158365249634 0.8652585744857788 0.8621194362640381 0.04334908723831177 0.504825234413147 0.0047189295291900635 0.2454688549041748 -0.10979997366666794 0.9835673570632935 0.6611974659697291 0.6064142795326937 0.3026815758444519 -0.3216573093487869 0.22620610892772675 -0.09456460177898407 0.9673231244087219 0.017951399087905884 0.9454869031906128 -0.15353271365165708 0.28663527965545654 0.23186177015304565 -0.0827515572309494 0.9638904333114624 -0.0864109992980957 0.8817646503448486 -0.15813149511814117 0.43591147661209106 0.238985076546669 -0.07128243148326874 0.9544810652732849 -0.08472266793251036 0.8840062618255615 -0.09715931117534636 0.4493496417999267 0.24536409974098206 -0.056882478296756744 0.9484074115753174 -0.15092554688453674 0.9060978889465332 -0.09074974060058594 0.3846721947193146
0.24074099957942963 -0.0929407924413681 0.8651124238967896 0.8618337512016296 0.04206061363220215 0.505352258682251 0.009623602032661438 0.2454688549041748 -0.10979997366666794 0.9835673570632935 -0.2400911361326819 -0.6428278664576599 0.21477146192062327 0.6949832812814725 0.22620610892772675 -0.09456460177898407 0.9673231244087219 -0.21537530599852 -0.5599961778120919 0.7771242237262103 -0.1899881939448315 0.23186177015304565 -0.0827515572309494 0.9638904333114624 -0.24713415753666124 -0.5116859111522224 0.7353176161866325 -0.36933776468224017 0.238985076546669 -0.07128243148326874 0.9544810652732849 -0.2578302058251802 -0.5563848145607239 0.6937888301357265 -0.3776461518557685 0.24536409974098206 -0.056882478296756744 0.9484074115753174 -0.16528383976359523 -0.5765382047233144 0.7048777186625034 -0.3787247950762835
0.24074099957942963 -0.0929407924413681 0.8651124238967896 0.8618337512016296 0.04206061363220215 0.505352258682251 0.009623602032661438 0.2454688549041748 -0.10979997366666794 0.9835673570632935 0.3216573093487869 -0.3026815758444519 0.6064142795326937 0.6611974659697291 0.22620610892772675 -0.09456460177898407 0.9673231244087219 -0.28663527965545654 0.15353271365165708 0.9454869031906128 0.017951399087905884 0.23186177015304565 -0.0827515572309494 0.9638904333114624 -0.43591147661209106 0.15813149511814117 0.8817646503448486 -0.0864109992980957 0.238985076546669 -0.07128243148326874 0.9544810652732849 -0.4493496417999267 0.09715931117534636 0.8840062618255615 -0.08472266793251036 0.24536409974098206 -0.056882478296756744 0.9484074115753174 -0.3846721947193146 0.09074974060058594 0.9060978889465332 -0.15092554688453674
0.24074099957942963 -0.0929407924413681 0.8651124238967896 0.8618337512016296 0.04206061363220215 0.505352258682251 0.009623602032661438 0.24369367957115173 -0.115215003490448 0.9864072799682617 0.37249660914486876 -0.36323941165979334 0.5780890053521391 0.628582947276374 0.22755789756774902 -0.08858674764633179 0.9845214486122131 -0.054420355707407 0.15289832651615143 0.9856752157211304 0.04587849974632263 0.23128674924373627 -0.07555437833070755 0.9824879765510559 -0.17823758721351624 0.180400550365448 0.9655953645706177 -0.05755618214607239 0.23880831897258759 -0.0661095529794693 0.971594512462616 -0.1995725929737091 0.12478524446487427 0.9690774083137512 -0.07408350706100464 0.24749983847141266 -0.050598084926605225 0.962920069694519 -0.09259161353111268 0.1356034278869629 0.9790222644805908 -0.12064006924629213
0.24074099957942963 -0.0929407924413681 0.8651124238967896 0.8618337512016296 0.04206061363220215 0.505352258682251 0.009623602032661438 0.2350016087293625 -0.12344048917293549 0.989065408706665 0.45803869819240156 -0.4876932055989142 0.5190086562909026 0.5319643994734286 0.2640385925769806 -0.0789482593536377 1.0195502042770386 0.47010642290115356 0.12997835874557495 0.8702700138092041 0.06881776452064514 0.2638953626155853 -0.0554194450378418 1.019500970840454 0.43051919341087347 0.20294556021690371 0.8793919086456299 0.011674046516418459 0.26075735688209534 -0.043793804943561554 1.0060714483261108 0.3986155688762665 0.1770714819431305 0.8997744917869568 0.012542903423309326 0.273769348859787 -0.02838568389415741 0.9844381213188171 0.567961573600769 0.2037412524223328 0.797286868095398 0.015586704015731813
0.24045877158641815 -0.09176886081695557 0.8659651279449463 0.8600716590881348 0.04107394814491272 0.5082534551620483 0.016372278332710266 0.23345507681369781 -0.1230442225933075 0.9890288710594177 0.5273757184678048 0.5220105428140034 0.4916282283027816 -0.4557213662238856 0.2677236795425415 -0.0785030722618103 1.0207128524780273 -0.07061409950256348 -0.848690927028656 0.12760093808174133 0.508385181427002 0.2662237584590912 -0.05381005257368088 1.020514726638794 0.01950785517692566 0.8605208396911621 -0.2046065777540207 -0.46611106395721436 0.2642894983291626 -0.041701145470142365 1.0077784061431885 0.026246517896652225 0.8720452785491943 -0.17735025286674502 -0.4554066359996796 0.2754620313644409 -0.02631521224975586 0.9842910170555115 -0.03706040978431702 -0.763898491859436 0.20670589804649353 0.6102117300033569
0.24048876762390137 -0.0908108502626419 0.8657320737838745 0.8469008207321167 0.05724403262138367 0.526814341545105 0.044147104024887085 0.23345507681369781 -0.1230442225933075 0.9890288710594177 0.4557213662238856 -0.4916282283027816 0.5220105428140034 0.5273757184678048 0.2677236795425415 -0.0785030722618103 1.0207128524780273 0.508385181427002 0.12760093808174133 0.848690927028656 0.07061409950256348 0.2662237584590912 -0.05381005257368088 1.020514726638794 0.46611106395721436 0.2046065777540207 0.8605208396911621 0.01950785517692566 0.2642894983291626 -0.041701145470142365 1.0077784061431885 0.4554066359996796 0.17735025286674502 0.8720452785491943 0.026246517896652225 0.2754620313644409 -0.02631521224975586 0.9842910170555115 0.6102117300033569 0.2067058980464935 0.763898491859436 0.03706040978431702
0.2404717057943344 -0.09149692952632904 0.8653537631034851 0.8440325856208801 0.061659276485443115 0.5305300354957581 0.04842616617679596 0.2315555214881897 -0.12246626615524292 0.9885526895523071 0.44799184264601466 -0.4920505822592652 0.5337855752190318 0.521787768868449 0.27159833908081055 -0.07819738984107971 1.0218054056167603 0.561626136302948 0.12469001114368439 0.8148013353347778 0.07160475850105286 0.27150431275367737 -0.052016764879226685 1.0219241380691528 0.5316458940505981 0.20573800802230832 0.8211068511009216 0.02842682600021362 0.2729704678058624 -0.039067503064870834 1.0093015432357788 0.5516581535339355 0.1783001869916916 0.813753068447113 0.04108858108520508 0.2813270688056946 -0.023741602897644043 0.9826075434684753 0.6842122077941895 0.20904789865016937 0.6955849528312683 0.06568247079849243
0.2404717057943344 -0.09149692952632904 0.8653537631034851 0.8440325856208801 0.061659276485443115 0.5305300354957581 0.04842616617679596 0.23095837235450745 -0.12252304702997208 0.9883096218109131 -0.05255116694609592 -0.7271023427444037 0.030123767202771656 0.6838517969076123 0.2735157608985901 -0.07846257835626602 1.0220637321472168 0.36292151812575996 -0.47722880783570165 0.6493284673530846 0.46788171158062236 0.27474910020828247 -0.051649704575538635 1.022370457649231 0.3759716575644306 -0.4196333164943668 0.708086874538532 0.42563636588475834 0.27613669633865356 -0.03872817009687424 1.0093992948532104 0.3798841284382727 -0.4342980700893535 0.6844430720430874 0.4456579944621918 0.2837299704551697 -0.023538000881671906 0.981675922870636 0.44710203329123693 -0.3289677632284286 0.6221374358078008 0.5521096643446997
0.24090005457401276 -0.09276172518730164 0.8646161556243896 0.840632975101471 0.07185733318328857 0.5345430970191956 0.04935991764068603 0.23095837235450745 -0.12252304702997208 0.9883096218109131 0.5207156538963318 0.535439670085907 0.4928382337093353 -0.44639691710472107 0.2735157608985901 -0.07846257835626602 1.0220637321472168 -0.07421806454658508 -0.7965962886810303 0.12169283628463744 0.5874665975570679 0.27474910020828247 -0.051649704575538635 1.022370457649231 -0.03511825203895569 -0.7974185943603516 0.20396746695041656 0.5668224692344666 0.27613669633865356 -0.03872817009687424 1.0093992948532104 -0.04650914669036865 -0.7910694479942322 0.17687922716140747 0.5837464332580566 0.2837299704551697 -0.023538000881671906 0.981675922870636 -0.07425165176391602 -0.6725329160690308 0.2073022574186325 0.706549346446991
0.2408170849084854 -0.09321396052837372 0.8642897009849548 0.8405382037162781 0.07315969467163086 0.5345196723937988 0.0493151992559433 0.2299194037914276 -0.12345267832279205 0.988095223903656 0.5141094923019409 0.5312024354934692 0.5012732148170471 -0.4497116804122925 0.2766455411911011 -0.07989603281021118 1.0227972269058228 -0.07704535126686096 -0.7667834758758545 0.1100936233997345 0.6276832818984985 0.28166651725769043 -0.05206843093037605 1.0231717824935913 -0.0440119206905365 -0.7535605430603027 0.1944042593240738 0.6264315843582153 0.28105199337005615 -0.03872358426451683 1.0094611644744873 -0.05355730652809143 -0.7594485282897949 0.17208631336688995 0.6251046657562256 0.2869236171245575 -0.02371056377887726 0.9806168079376221 -0.08330872654914856 -0.64732825756073 0.20267534255981443 0.7300331592559814
0.2408170849084854 -0.09321396052837372 0.8642897009849548 0.8405382037162781 0.07315969467163086 0.5345196723937988 0.0493151992559433 0.22984778881072998 -0.12400442361831665 0.9879555702209473 0.5099480152130127 0.5296738147735596 0.5049989819526672 -0.45207837224006653 0.2782042622566223 -0.08087535202503204 1.023091197013855 -0.07489418983459473 -0.7569816708564758 0.10507038235664368 0.6405699253082275 0.28475406765937805 -0.052644290030002594 1.023449182510376 -0.04408648610115051 -0.7368487119674683 0.19018486142158508 0.6472558975219727 0.28334951400756836 -0.0390411838889122 1.0096230506896973 -0.053645163774490356 -0.7471113204956055 0.16947101056575775 0.6404892802238464 0.2880743145942688 -0.02398627996444702 0.9805642366409302 -0.08270224928855896 -0.6413860321044922 0.20111536979675293 0.7357560396194458
0.24066300690174103 -0.09344741702079773 0.8640382289886475 0.8402370810508728 0.07207536697387695 0.5351671576499939 0.049018681049346924 0.2296338528394699 -0.124470055103302 0.9878412485122681 0.5074887275695801 0.5283966064453125 0.5079656839370728 -0.4530155658721924 0.2796807289123535 -0.08179934322834015 1.0232882499694824 -0.07312297821044922 -0.7484808564186096 0.10079139471054077 0.6513605713844299 0.2874939739704132 -0.05336187034845352 1.0236588716506958 -0.04403132200241089 -0.7218136787414551 0.18567298352718353 0.6652607321739197 0.28542837500572205 -0.03947693854570389 1.0098212957382202 -0.053948551416397095 -0.7354189157485962 0.1662985384464264 0.6546704769134521 0.28905484080314636 -0.0243719220161438 0.9806283712387085 -0.08197909593582153 -0.6362765431404114 0.19900518655776978 0.7408297061920166
0.24098600447177887 -0.09331795573234558 0.863994836807251 0.8399314284324646 0.0715857744216919 0.5359295010566711 0.0465862900018692 0.22911570966243744 -0.1249094307422638 0.9877495765686035 0.6787001003181445 0.00979665561472072 0.7334294689834808 0.036760860592838375 0.2809463441371918 -0.08277791738510132 1.0235044956207275 0.5191296873386861 0.5903774806800788 0.45609960222625046 -0.41705162182554417 0.2897999882698059 -0.05413058400154114 1.0238542556762695 0.5138110290111265 0.6276473066155348 0.3732299207750999 -0.4502848122714449 0.28724434971809387 -0.03989201411604881 1.010037899017334 0.5117998235470352 0.626418051631866 0.39716536892552773 -0.4334988604744656 0.28966742753982544 -0.024749673902988434 0.9808188676834106 0.5846632952526689 0.5857964132748842 0.30886637259605243 -0.468628764470478
0.24113351106643677 -0.09315133094787598 0.8640193343162537 0.8399245738983154 0.07027736306190491 0.5362986922264099 0.04440172016620636 0.2289021611213684 -0.12549516558647156 0.9876218438148499 0.5041893720626831 0.524018406867981 0.5144678354263306 -0.4544455409049988 0.28194326162338257 -0.08385392278432846 1.0236661434173584 -0.07067805528640747 -0.7342363595962524 0.09042754769325256 0.6691220998764038 0.29198750853538513 -0.05509409308433533 1.0239770412445068 -0.04510900378227234 -0.6949280500411987 0.1749323010444641 0.6960163712501526 0.2892161011695862 -0.040445443242788315 1.0101237297058105 -0.056229084730148315 -0.7119991779327393 0.1589100956916809 0.6816472411155701 0.29054731130599976 -0.025262802839279175 0.980856716632843 -0.08197394013404846 -0.6281330585479736 0.19359830021858215 0.749165415763855
0.24093347787857056 -0.09281273186206818 0.8641018867492676 0.8400759696960449 0.06752732396125793 0.5365081429481506 0.043260321021080024 0.22860881686210632 -0.12630008161067963 0.9873271584510803 0.6766103963487017 0.003525836759027351 0.7356088403731307 0.03264536834971936 0.2827664613723755 -0.08502007275819778 1.023733377456665 0.5262764441469813 0.5764173275617852 0.45438104340479446 -0.4293184620846398 0.29397138953208923 -0.05628081038594246 1.024039387702942 0.5331622065958729 0.602525235018707 0.3625057605386242 -0.4704157908473398 0.29131224751472473 -0.04110942780971527 1.0101245641708374 0.5330386109626147 0.6032632052627085 0.38340606661381277 -0.45270654911345665 0.2915000319480896 -0.025851786136627197 0.9808064103126526 0.5919745468804237 0.5746680894222099 0.3042053446003254 -0.47621630104374135
0.24106496572494507 -0.09281793981790543 0.864124059677124 0.839979887008667 0.06590151786804199 0.5369671583175659 0.04191675782203674 0.22845807671546936 -0.12748359143733978 0.9869328737258911 0.4977157711982727 0.5207033753395081 0.5203587412834167 -0.4586654603481293 0.2838763892650604 -0.0865078791975975 1.0237427949905396 -0.06385686993598938 -0.7210180759429932 0.08215555548667908 0.6850589513778687 0.29575711488723755 -0.057550206780433655 1.0240581035614014 -0.04099303483963013 -0.6698014736175537 0.16600748896598816 0.7225837707519531 0.29334262013435364 -0.042091239243745804 1.0102405548095703 -0.05448767542839051 -0.6816890239715576 0.15164312720298767 0.7136774063110352 0.2921183407306671 -0.026619210839271545 0.9810447096824646 -0.07883158326148987 -0.6140527725219727 0.18886005878448486 0.7622708082199097
0.24121367931365967 -0.09286418557167053 0.8640377521514893 0.8395811319351196 0.06452146172523499 0.5379123091697693 0.03988589346408844 0.2279471904039383 -0.12779924273490906 0.987014889717102 0.6749280205966922 -0.0002591609714934874 0.7374941110538715 0.023973359240663336 0.2845851480960846 -0.08724206686019897 1.0240659713745117 0.5315779276337728 0.5616497883399926 0.44840735983110297 -0.44822461109595974 0.2966937720775604 -0.058091647922992706 1.0243875980377197 0.5430636392759918 0.5837434613573428 0.35116518156925247 -0.49092609105983287 0.29445016384124756 -0.0423969030380249 1.0105780363082886 0.5485099604076907 0.5804973110850338 0.36795657030968965 -0.47620130981585457 0.29220274090766907 -0.02674521505832672 0.9815266728401184 0.5961275203343853 0.5631598564075715 0.2967205632593724 -0.4893262250802526
0.24110232293605804 -0.09273077547550201 0.8640010356903076 0.8397217988967896 0.06345081329345703 0.5381699800491333 0.03484758734703064 0.2279471904039383 -0.12779924273490906 0.987014889717102 -0.4602944552898407 0.5216703414916992 -0.5213038325309753 -0.49419790506362915 0.2845851480960846 -0.08724206686019897 1.0240659713745117 0.6928250193595886 0.0800744891166687 0.714218258857727 0.05893969535827636 0.2966937720775604 -0.058091647922992706 1.0243875980377197 0.7311411499977112 0.16445767879486084 0.6610802412033081 0.03686681389808655 0.29445016384124756 -0.0423969030380249 1.0105780363082886 0.7245802879333496 0.15028899908065796 0.6706581711769104 0.051129937171936035 0.29220274090766907 -0.02674521505832672 0.9815266728401184 0.7675316333770752 0.1884010136127472 0.6080272197723389 0.07552006840705872
0.2407885044813156 -0.09235423803329468 0.8643190860748291 0.839714765548706 0.06410065293312073 0.5383922457695007 0.030067384243011478 0.22671513259410858 -0.12814363837242126 0.987334668636322 -0.45827609300613403 0.5251275300979614 -0.5228270292282104 -0.4907914698123932 0.2854582667350769 -0.08843868225812912 1.0247650146484375 0.7026084661483765 0.0759059488773346 0.7052814960479736 0.05619436502456665 0.2976076006889343 -0.05915701016783714 1.0250812768936157 0.7398874759674072 0.16068074107170105 0.6523197889328003 0.035031408071517944 0.2959561049938202 -0.04302479326725006 1.0110604763031006 0.7371888160705566 0.14759716391563416 0.6573882102966309 0.05107399821281433 0.2925931513309479 -0.02725037932395935 0.9821667671203613 0.7736148238182068 0.18624204397201538 0.600867509841919 0.0761074423789978
0.2407885044813156 -0.09235423803329468 0.8643190860748291 0.839714765548706 0.06410065293312073 0.5383922457695007 0.030067384243011478 0.22619305551052094 -0.12817062437534332 0.987371027469635 -0.4573182463645935 0.5258753895759583 -0.5239431858062744 -0.4896923005580902 0.2860575020313263 -0.08883509784936905 1.0249090194702148 0.7093881964683533 0.07417136430740356 0.6987306475639343 0.055159807205200195 0.29789912700653076 -0.05954211205244064 1.0252376794815063 0.7434988021850586 0.15903887152671814 0.6486552953720093 0.0340980589389801 0.2965242266654968 -0.04311542585492134 1.0110642910003662 0.742490291595459 0.14699548482894897 0.6515170335769653 0.05124586820602417 0.29275229573249817 -0.02731645107269287 0.9822027087211609 0.7768729329109192 0.1856701374053955 0.5967196226119995 0.07694616913795471
0.2407439649105072 -0.0924193412065506 0.8648642897605896 0.8380606174468994 0.06321385502815247 0.5411802530288696 0.027970880270004272 0.22619305551052094 -0.12817062437534332 0.987371027469635 -0.4573182463645935 0.5258753895759583 -0.5239431858062744 -0.4896923005580902 0.2860575020313263 -0.08883509784936905 1.0249090194702148 0.7093881964683533 0.07417136430740356 0.6987306475639343 0.055159807205200195 0.29789912700653076 -0.05954211205244064 1.0252376794815063 0.7434988021850586 0.15903887152671814 0.6486552953720093 0.0340980589389801 0.2965242266654968 -0.04311542585492134 1.0110642910003662 0.742490291595459 0.14699548482894897 0.6515170335769653 0.05124586820602417 0.29275229573249817 -0.02731645107269287 0.9822027087211609 0.7768729329109192 0.1856701374053955 0.5967196226119995 0.07694616913795471
0.24064096808433533 -0.09245152771472931 0.8649680018424988 0.837364673614502 0.06336641311645508 0.5422729253768921 0.02729874849319458 0.2249273955821991 -0.1276378184556961 0.9873812198638916 0.45401236414909363 -0.5265871286392212 0.5285201072692871 0.48707854747772217 0.28706997632980347 -0.0890524610877037 1.0250678062438965 0.724147379398346 0.07278275489807129 0.6837350726127625 0.0531005859375 0.2980247437953949 -0.059764571487903595 1.0254369974136353 0.7484139800071716 0.15812718868255615 0.6433423161506653 0.031354308128356934 0.29653677344322205 -0.04294675588607788 1.0111733675003052 0.7471401691436768 0.1477152407169342 0.6461354494094849 0.04970631003379822 0.2923702895641327 -0.027115926146507263 0.9823330640792847 0.7795686721801758 0.18642151355743408 0.593034029006958 0.07635718584060669
0.24064096808433533 -0.09245152771472931 0.8649680018424988 0.837364673614502 0.06336641311645508 0.5422729253768921 0.02729874849319458 0.2249273955821991 -0.1276378184556961 0.9873812198638916 0.45401236414909363 -0.5265871286392212 0.5285201072692871 0.48707854747772217 0.28706997632980347 -0.0890524610877037 1.0250678062438965 0.724147379398346 0.07278275489807129 0.6837350726127625 0.0531005859375 0.2980247437953949 -0.059764571487903595 1.0254369974136353 0.7484139800071716 0.15812718868255615 0.6433423161506653 0.031354308128356934 0.29653677344322205 -0.04294675588607788 1.0111733675003052 0.7471401691436768 0.1477152407169342 0.6461354494094849 0.04970631003379822 0.2923702895641327 -0.027115926146507263 0.9823330640792847 0.7795686721801758 0.18642151355743408 0.593034029006958 0.07635718584060669
0.2404135912656784 -0.09232974052429199 0.8650676608085632 0.8360894918441772 0.06516757607460022 0.544137179851532 0.024946391582489014 0.2249273955821991 -0.1276378184556961 0.9873812198638916 0.45401236414909363 -0.5265871286392212 0.5285201072692871 0.48707854747772217 0.28706997632980347 -0.0890524610877037 1.0250678062438965 0.724147379398346 0.07278275489807129 0.6837350726127625 0.0531005859375 0.2980247437953949 -0.059764571487903595 1.0254369974136353 0.7484139800071716 0.15812718868255615 0.6433423161506653 0.031354308128356934 0.29653677344322205 -0.04294675588607788 1.0111733675003052 0.7471401691436768 0.1477152407169342 0.6461354494094849 0.04970631003379822 0.2923702895641327 -0.027115926146507263 0.9823330640792847 0.7795686721801758 0.18642151355743408 0.593034029006958 0.07635718584060669
0.2404135912656784 -0.09232974052429199 0.8650676608085632 0.8360894918441772 0.06516757607460022 0.544137179851532 0.024946391582489014 0.2249273955821991 -0.1276378184556961 0.9873812198638916 0.45401236414909363 -0.5265871286392212 0.5285201072692871 0.48707854747772217 0.28706997632980347 -0.0890524610877037 1.0250678062438965 0.724147379398346 0.07278275489807129 0.6837350726127625 0.0531005859375 0.2980247437953949 -0.059764571487903595 1.0254369974136353 0.7484139800071716 0.15812718868255615 0.6433423161506653 0.031354308128356934 0.29653677344322205 -0.04294675588607788 1.0111733675003052 0.7471401691436768 0.1477152407169342 0.6461354494094849 0.04970631003379822 0.2923702895641327 -0.027115926146507263 0.9823330640792847 0.7795686721801758 0.18642151355743408 0.593034029006958 0.07635718584060669
0.2404135912656784 -0.09232974052429199 0.8650676608085632 0.8360894918441772 0.06516757607460022 0.544137179851532 0.024946391582489014 0.2249273955821991 -0.1276378184556961 0.9873812198638916 0.45401236414909363 -0.5265871286392212 0.5285201072692871 0.48707854747772217 0.28706997632980347 -0.0890524610877037 1.0250678062438965 0.724147379398346 0.07278275489807129 0.6837350726127625 0.0531005859375 0.2980247437953949 -0.059764571487903595 1.0254369974136353 0.7484139800071716 0.15812718868255615 0.6433423161506653 0.031354308128356934 0.29653677344322205 -0.04294675588607788 1.0111733675003052 0.7471401691436768 0.1477152407169342 0.6461354494094849 0.04970631003379822 0.2923702895641327 -0.027115926146507263 0.9823330640792847 0.7795686721801758 0.18642151355743408 0.593034029006958 0.07635718584060669
0.2404135912656784 -0.09232974052429199 0.8650676608085632 0.8360894918441772 0.06516757607460022 0.544137179851532 0.024946391582489014 0.2224305272102356 -0.1250358670949936 0.9881693720817566 0.44539567828178406 -0.5251885652542114 0.5413967967033386 0.4823787808418274 0.28828755021095276 -0.08752141892910004 1.0253643989562988 0.7390352487564087 0.07894301414489746 0.6672406196594238 0.048836827278137214 0.2973639965057373 -0.058264948427677155 1.0258457660675049 0.7485476732254028 0.16466030478477478 0.6418131589889526 0.025283128023147583 0.2953017055988312 -0.04134000837802887 1.0115925073623657 0.7462475299835205 0.1551225781440735 0.6458439230918884 0.044016122817993164 0.2913093566894531 -0.025584138929843903 0.9825606942176819 0.7821341753005981 0.193530410528183 0.5878282785415649 0.0725967288017273
0.2404135912656784 -0.09232974052429199 0.8650676608085632 0.8360894918441772 0.06516757607460022 0.544137179851532 0.024946391582489014 0.22231239080429077 -0.12446366250514984 0.9879924654960632 -0.026229647770194386 -0.7550584090347897 0.014133778230271725 0.6549803055402857 0.2883121371269226 -0.08732336014509201 1.0250699520111084 0.4890486735657098 -0.41532400969419225 0.5290376364618763 0.5553885539501665 0.29735642671585083 -0.05804408714175224 1.0255542993545532 0.512652496549058 -0.3363777089612136 0.5712676056811727 0.5456108387807138 0.29455891251564026 -0.04111805185675621 1.0115309953689575 0.49593619695517216 -0.34802052929205096 0.5697513401535941 0.5552587658447765 0.2912551760673523 -0.025331594049930573 0.9822511076927185 0.5033485341040868 -0.2769009867019449 0.5527769409514512 0.603658697608953
0.23987922072410583 -0.09192652255296707 0.8656923174858093 0.8360350131988525 0.07333090901374817 0.54337477684021 0.02029600739479065 0.2222622185945511 -0.12404262274503708 0.9880250692367554 -0.026356657628079764 -0.7553239438991471 0.015187026561819205 0.6546452395558319 0.28804224729537964 -0.08723767846822739 1.0250033140182495 0.48818078095484774 -0.4161260592440998 0.5304414689140423 0.5542117432932583 0.2971063256263733 -0.05799742788076401 1.0255076885223389 0.5120385906121457 -0.33707746322957105 0.572368561635169 0.5446002416558422 0.29384279251098633 -0.04105018451809883 1.0116231441497803 0.49397067187442306 -0.35004661558763595 0.5726573702712885 0.5527420672170179 0.29131460189819336 -0.02525140345096588 0.9820817708969116 0.5037627340492443 -0.27618417784859284 0.5527450642427447 0.6036707856910813
0.23983734846115112 -0.09181317687034607 0.8654616475105286 0.8364529609680176 0.07506194710731506 0.5425552129745483 0.018601328134536743 0.22246064245700836 -0.12373243272304535 0.988076388835907 -0.025749677140133764 -0.7549408132487547 0.01567057789385822 0.655099833685191 0.2880637049674988 -0.08708549290895462 1.0248256921768188 0.48740774344108473 -0.41581710786854104 0.5315023820532647 0.554107772939563 0.29686400294303894 -0.05805195868015289 1.025444507598877 0.5110523873069223 -0.3382776795058558 0.5735806086928049 0.5435064623932434 0.2935052812099457 -0.041058335453271866 1.0115810632705688 0.4926700442854403 -0.3513303338267918 0.5744645851958681 0.551211423242362 0.2914299964904785 -0.025257691740989685 0.981899082660675 0.5039506982982684 -0.2758648403225832 0.5528661071868316 0.6035489441550109
0.2398010790348053 -0.09180980920791626 0.8653855919837952 0.8367822170257568 0.07552942633628845 0.5419882535934448 0.018424272537231445 0.22283056378364563 -0.12348830699920654 0.9880182147026062 0.6556359328935581 0.016819163513605885 0.75446462390048 0.02533423883223159 0.2881687879562378 -0.08674166351556778 1.0244596004486084 0.5541585570227461 0.5340561071203414 0.414305318320491 -0.4858430996853254 0.29686617851257324 -0.05822493135929108 1.0252164602279663 -0.542377308742379 -0.5745889806931904 -0.3389601177467677 0.5106670902305829 0.29333555698394775 -0.04119093343615532 1.0113996267318726 0.549517501894768 0.576214538000175 0.35228002893263843 -0.49183958185445803 0.2913976013660431 -0.025393351912498474 0.981722891330719 -0.6020487918416859 -0.554353329346055 -0.2764169255193205 0.5038090768317088
0.23980405926704407 -0.09186394512653351 0.8652867078781128 0.8372979164123535 0.07574781775474548 0.5411602258682251 0.018445521593093872 0.22295820713043213 -0.12322847545146942 0.9880656003952026 0.48180311918258667 0.5453651547431946 0.5210192203521729 -0.4460738003253937 0.2875903248786926 -0.0862489864230156 1.0242822170257568 -0.04989781975746155 -0.6753209829330444 0.08774763345718384 0.7305834889411926 0.29669851064682007 -0.05822724103927612 1.0250965356826782 -0.022831380367279053 -0.647101104259491 0.16682636737823486 0.7435778379440308 0.2929985523223877 -0.04120221734046936 1.0113239288330078 -0.04102328419685364 -0.6585503816604614 0.15869852900505066 0.7344681024551392 0.2909314036369324 -0.025448471307754517 0.9817849397659302 -0.0690036416053772 -0.5910080075263977 0.19702601432800296 0.7791848182678223
0.23991061747074127 -0.09203736484050751 0.8650768399238586 0.8379809856414795 0.07621857523918152 0.5400479435920715 0.018079280853271484 0.22295820713043213 -0.12322847545146942 0.9880656003952026 0.48180311918258667 0.5453651547431946 0.5210192203521729 -0.4460738003253937 0.2875903248786926 -0.0862489864230156 1.0242822170257568 -0.04989781975746155 -0.6753209829330444 0.08774763345718384 0.7305834889411926 0.29669851064682007 -0.05822724103927612 1.0250965356826782 -0.022831380367279053 -0.647101104259491 0.16682636737823486 0.7435778379440308 0.2929985523223877 -0.04120221734046936 1.0113239288330078 -0.04102328419685364 -0.6585503816604614 0.15869852900505066 0.7344681024551392 0.2909314036369324 -0.025448471307754517 0.9817849397659302 -0.0690036416053772 -0.5910080075263977 0.19702601432800296 0.7791848182678223
0.2398591935634613 -0.09215183556079865 0.8649882078170776 0.8385268449783325 0.07636260986328125 0.539165198802948 0.018505394458770752 0.22343388199806213 -0.12264947593212128 0.9879228472709656 0.6569570469335565 0.017277805519101432 0.753311654712616 0.025110544433760023 0.286833256483078 -0.08519591391086578 1.0236389636993408 0.5475063596509493 0.5503575096590143 0.4178136789934696 -0.47199067106222214 0.2961465120315552 -0.05766578018665314 1.0245471000671387 -0.5399803587393758 -0.5811636554813968 -0.34096114482335954 0.5043960922577924 0.29194745421409607 -0.041176848113536835 1.01100492477417 0.542662569865562 0.5850581269295189 0.35911456188716495 -0.484005325653253 0.29007092118263245 -0.02549692988395691 0.9817163348197937 0.5946938150091146 0.5639669017229879 0.2840641777301803 -0.4975825714349072
0.2398591935634613 -0.09215183556079865 0.8649882078170776 0.8385268449783325 0.07636260986328125 0.539165198802948 0.018505394458770752 0.22343388199806213 -0.12264947593212128 0.9879228472709656 0.6569570469335565 0.017277805519101432 0.753311654712616 0.025110544433760023 0.286833256483078 -0.08519591391086578 1.0236389636993408 0.5475063596509493 0.5503575096590143 0.4178136789934696 -0.47199067106222214 0.2961465120315552 -0.05766578018665314 1.0245471000671387 -0.5399803587393758 -0.5811636554813968 -0.34096114482335954 0.5043960922577924 0.29194745421409607 -0.041176848113536835 1.01100492477417 0.542662569865562 0.5850581269295189 0.35911456188716495 -0.484005325653253 0.29007092118263245 -0.02549692988395691 0.9817163348197937 0.5946938150091146 0.5639669017229879 0.2840641777301803 -0.4975825714349072
0.240060955286026 -0.09236109256744385 0.8645711541175842 0.8394297957420349 0.07643091678619385 0.5376895666122437 0.02014508843421936 0.22439485788345337 -0.12233062088489532 0.9877379536628723 -0.02676120302615784 -0.7516139277942203 0.016438705543256524 0.6588552966878689 0.2845068871974945 -0.08380129188299179 1.022968053817749 0.45283358347285657 -0.4265325319828332 0.5705693930943394 0.5361552414970678 0.2939717769622803 -0.05714302510023117 1.0242276191711426 0.4909481977188587 -0.3499688175941983 0.5955958848886118 0.530808059212488 0.28999119997024536 -0.041347943246364594 1.0107734203338623 0.4714715181528513 -0.37116459721171086 0.5987240164113687 0.5305476591807345 0.28913894295692444 -0.025706231594085693 0.9817577004432678 0.49054635755898796 -0.29291229337679964 0.5734576258017975 0.5871228394176485
0.240060955286026 -0.09236109256744385 0.8645711541175842 0.8394297957420349 0.07643091678619385 0.5376895666122437 0.02014508843421936 0.22477731108665466 -0.12200230360031128 0.9877076148986816 0.44662749767303467 -0.5196189880371094 0.5420755743980408 0.4864915907382965 0.2820180654525757 -0.0829007551074028 1.0226763486862183 0.6783894896507263 0.10669350624084473 0.7243403196334839 0.06111791729927063 0.29187873005867004 -0.05687882751226425 1.0242981910705566 0.7094255685806274 0.17500445246696472 0.6820777654647827 0.029306501150131226 0.2886256277561188 -0.041279666125774384 1.010751485824585 0.6977119445800781 0.16138654947280884 0.6967027187347412 0.04192700982093811 0.2881733477115631 -0.025692857801914215 0.9819721579551697 0.7528830766677856 0.19874313473701477 0.6238332390785217 0.06708592176437378
0.24051766097545624 -0.09262539446353912 0.8641386032104492 0.8410130143165588 0.07550919055938721 0.5352317094802856 0.022857457399368283 0.22564846277236938 -0.12176131457090378 0.9874870181083679 0.48910701274871826 0.5395673513412476 0.5197917819023132 -0.44660747051239014 0.278599351644516 -0.08214656263589859 1.0218769311904907 -0.06382271647453308 -0.7521015405654907 0.11160165071487427 0.6463862061500549 0.28844985365867615 -0.056855879724025726 1.024134874343872 -0.031125336885452267 -0.7055087089538574 0.17611637711524963 0.6857637166976929 0.28669968247413635 -0.04140415042638779 1.010462760925293 -0.04284125566482544 -0.7131189107894897 0.16170340776443481 0.6807922720909119 0.28724420070648193 -0.02590181678533554 0.981947660446167 -0.06598436832427979 -0.6387906074523926 0.1987687349319458 0.7403267621994019
0.24067027866840363 -0.0925382450222969 0.8640148639678955 0.8417956829071045 0.07472926378250122 0.5340414047241211 0.024401217699050903 0.22708487510681152 -0.1215435117483139 0.9873877763748169 0.44839736819267273 -0.5185750126838684 0.5360860228538513 0.4925764203071594 0.27413588762283325 -0.08138755708932877 1.020671010017395 0.6044422388076782 0.11724245548248291 0.7852184772491455 0.065847247838974 0.28304100036621094 -0.05696496739983559 1.023820400238037 0.6495574712753296 0.1774543821811676 0.7386105060577393 0.03224274516105652 0.2832665741443634 -0.04158693552017212 1.0101418495178223 0.6526869535446167 0.16291844844818115 0.7386847734451294 0.042453259229660034 0.2858416736125946 -0.026122279465198517 0.9819943904876709 0.7241594791412354 0.19918063282966614 0.657150387763977 0.06382396817207336
0.24112404882907867 -0.0925980806350708 0.8636178374290466 0.8432894349098206 0.07303893566131592 0.5317842960357666 0.02708950638771057 0.22901980578899384 -0.12143699824810028 0.9872477650642395 0.45168110728263855 -0.5159927010536194 0.5324777960777283 0.49618881940841675 0.2690144181251526 -0.08074691891670227 1.0187653303146362 0.5541585683822632 0.12372510135173796 0.8204859495162964 0.06635695695877075 0.27558866143226624 -0.05736687779426575 1.0227394104003906 0.5979081392288208 0.17953024804592133 0.7805697917938232 0.031397491693496704 0.27794548869132996 -0.041991401463747025 1.0094023942947388 0.6098997592926025 0.16554439067840576 0.7739832401275635 0.03959354758262634 0.28362080454826355 -0.026480257511138916 0.9820235371589661 0.7007151246070862 0.20075516402721405 0.6820770502090454 0.05887827277183533
0.2415359616279602 -0.09260642528533936 0.8632752895355225 0.8452272415161133 0.07137793302536011 0.5287827849388123 0.02974732220172882 0.23134320974349976 -0.12100186198949814 0.9873617887496948 -0.034189588557310586 -0.7362695569080591 0.011874537756643332 0.6757198127554598 0.26237043738365173 -0.08054368197917938 1.0158058404922485 0.2930126458678613 -0.5199738465675108 0.7041436891488376 0.3846459636767305 0.2659991383552551 -0.05871332064270973 1.020195484161377 0.3471710722498448 -0.4638862324886381 0.7187614173975982 0.3842704563299227 0.2706490159034729 -0.042858779430389404 1.0076496601104736 0.3579536901652051 -0.46260586391443775 0.7018011356984658 0.4066204032596434 0.27993178367614746 -0.02722121775150299 0.9821987748146057 0.42967790323477095 -0.3681008585164041 0.6546600784487946 0.5012973080439933
0.24202290177345276 -0.09264901280403137 0.8628809452056885 0.8474939465522766 0.07050788402557373 0.5251489281654358 0.031645432114601135 0.2338172048330307 -0.12057289481163025 0.9876453876495361 0.4562531482460157 -0.5087297511106024 0.5250368126397219 0.507310514935036 0.2529146671295166 -0.08108995854854584 1.0101693868637085 0.36048626899719244 0.1372275948524475 0.9207916259765625 0.05797612667083741 0.2512744069099426 -0.06211727857589722 1.0129284858703613 0.3660147488117218 0.17887088656425476 0.9131994247436523 0.010269075632095337 0.258010596036911 -0.045164965093135834 1.0022602081298828 0.40331313014030457 0.17429152131080627 0.898086667060852 0.020035237073898315 0.27340391278266907 -0.028835870325565338 0.9821674823760986 0.5840978622436523 0.20327594876289368 0.7850780487060547 0.03407886624336243
0.24277779459953308 -0.09269046783447266 0.8627110123634338 0.8495590686798096 0.06852087378501892 0.5218667984008789 0.034773439168930054 0.23657380044460297 -0.12034077942371368 0.9880802631378174 -0.03558842910778752 -0.724864135277178 0.012149968490066105 0.6878648508948302 0.24190396070480347 -0.08301648497581482 0.9991669654846191 0.09638986361783891 -0.5845038537247521 0.7906707687466422 0.15460966568945345 0.23515230417251587 -0.06846192479133606 0.9954317212104797 0.09263751915820188 -0.569624488377148 0.8142006904574103 0.06343089110506211 0.2422650307416916 -0.05032136291265488 0.9878759980201721 0.1211137950102085 -0.5613253208267315 0.8114335285817155 0.10872506606521928 0.26207420229911804 -0.03275685757398605 0.9798870086669922 0.3151859553554729 -0.47623873621733226 0.7584297572615364 0.3140682630798125
0.24360063672065735 -0.09247255325317383 0.8627886772155762 0.8515862226486206 0.06612160801887512 0.5187070965766907 0.037039145827293396 0.23657380044460297 -0.12034077942371368 0.9880802631378174 0.4612292242510752 -0.5039651768484347 0.5211478324041732 0.5115586708105895 0.24190396070480347 -0.08301648497581482 0.9991669654846191 0.177483469247818 0.14578202366828918 0.9723953008651733 0.041167616844177246 0.23515230417251587 -0.06846192479133606 0.9954317212104797 0.11035703122615813 0.17294149100780484 0.978512167930603 -0.020652204751968384 0.2422650307416916 -0.05032136291265488 0.9878759980201721 0.16252061724662784 0.17685320973396304 0.9706870913505554 -0.008760154247283937 0.26207420229911804 -0.03275685757398605 0.9798870086669922 0.4449499249458313 0.1995391845703125 0.8730424642562866 -0.000790327787399292
0.24423575401306152 -0.09210152924060822 0.8630964756011963 0.8541646599769592 0.06519007682800293 0.5145794153213501 0.03689245879650116 0.24193556606769562 -0.11922941356897354 0.9877978563308716 0.44643503311775684 -0.4598856583352217 0.5385973326108637 0.5469132772793676 0.23656868934631348 -0.09629408270120621 0.9534621834754944 -0.4592514634132386 0.15376470983028412 0.8744474649429321 -0.028037846088409427 0.23706410825252533 -0.08439015597105026 0.9446115493774414 -0.5809707045555115 0.13106916844844818 0.7983038425445557 -0.08947029709815979 0.23895062506198883 -0.06946585327386856 0.9399621486663818 -0.5233541131019592 0.10787194967269896 0.8405213356018066 -0.08937600255012511 0.23811741173267365 -0.05658213049173355 0.941852867603302 -0.32079654932022095 0.10971869528293611 0.9291461706161499 -0.1474408209323883
0.24423575401306152 -0.09210152924060822 0.8630964756011963 0.8541646599769592 0.06519007682800293 0.5145794153213501 0.03689245879650116 0.24193556606769562 -0.11922941356897354 0.9877978563308716 0.44643503311775684 -0.4598856583352217 0.5385973326108637 0.5469132772793676 0.23656868934631348 -0.09629408270120621 0.9534621834754944 -0.4592514634132386 0.15376470983028412 0.8744474649429321 -0.028037846088409427 0.23706410825252533 -0.08439015597105026 0.9446115493774414 -0.5809707045555115 0.13106916844844818 0.7983038425445557 -0.08947029709815979 0.23895062506198883 -0.06946585327386856 0.9399621486663818 -0.5233541131019592 0.10787194967269896 0.8405213356018066 -0.08937600255012511 0.23811741173267365 -0.05658213049173355 0.941852867603302 -0.32079654932022095 0.10971869528293611 0.9291461706161499 -0.1474408209323883
0.2440667301416397 -0.09379356354475021 0.8630580902099609 0.8626152873039246 0.06206285953521728 0.501232922077179 0.028436481952667233 0.24193556606769562 -0.11922941356897354 0.9877978563308716 0.5469132772793676 0.5385973326108637 0.4598856583352217 -0.44643503311775684 0.23656868934631348 -0.09629408270120621 0.9534621834754944 -0.028037846088409427 0.8744474649429321 -0.15376470983028412 0.4592514634132386 0.23706410825252533 -0.08439015597105026 0.9446115493774414 -0.08947029709815979 0.7983038425445557 -0.13106916844844818 0.5809707045555115 0.23895062506198883 -0.06946585327386856 0.9399621486663818 -0.08937600255012512 0.8405213356018066 -0.10787194967269897 0.5233541131019592 0.23811741173267365 -0.05658213049173355 0.941852867603302 -0.1474408209323883 0.9291461706161499 -0.10971869528293611 0.32079654932022095
0.2440667301416397 -0.09379356354475021 0.8630580902099609 0.8626152873039246 0.06206285953521728 0.501232922077179 0.028436481952667233 0.24193556606769562 -0.11922941356897354 0.9877978563308716 -0.07104890673508323 -0.7060339965383359 0.05565755097179817 0.7024032983170501 0.23656868934631348 -0.09629408270120621 0.9534621834754944 -0.3049140729503676 -0.5095996632243575 0.7270558012807088 -0.34456557514832564 0.23706410825252533 -0.08439015597105026 0.9446115493774414 -0.34754327106904453 -0.4718061626961536 0.6571659583249128 -0.4740733786548123 0.23895062506198883 -0.06946585327386856 0.9399621486663818 -0.3068688648577271 -0.518061349022632 0.6706153232493908 -0.4332656198148064 0.23811741173267365 -0.05658213049173355 0.941852867603302 -0.12258101110056975 -0.5794227244986879 0.734588391413697 -0.3310938197105762
0.2440667301416397 -0.09379356354475021 0.8630580902099609 0.8626152873039246 0.06206285953521728 0.501232922077179 0.028436481952667233 0.24193556606769562 -0.11922941356897354 0.9877978563308716 0.5469132772793676 0.5385973326108637 0.4598856583352217 -0.44643503311775684 0.23656868934631348 -0.09629408270120621 0.9534621834754944 -0.028037846088409427 0.8744474649429321 -0.15376470983028412 0.4592514634132386 0.23706410825252533 -0.08439015597105026 0.9446115493774414 -0.08947029709815979 0.7983038425445557 -0.13106916844844818 0.5809707045555115 0.23895062506198883 -0.06946585327386856 0.9399621486663818 -0.08937600255012512 0.8405213356018066 -0.10787194967269897 0.5233541131019592 0.23811741173267365 -0.05658213049173355 0.941852867603302 -0.1474408209323883 0.9291461706161499 -0.10971869528293611 0.32079654932022095
0.2440667301416397 -0.09379356354475021 0.8630580902099609 0.8626152873039246 0.06206285953521728 0.501232922077179 0.028436481952667233 0.25019606947898865 -0.10004362463951111 0.9781361818313599 0.7085085200530967 0.629360882222787 0.1972888943636195 -0.2509934118180548 0.2579788565635681 -0.10413193702697754 0.9353155493736267 -0.07070702314376831 0.39910751581192017 -0.1241888701915741 0.9056991338729858 0.25585412979125977 -0.08870037645101547 0.9311773777008057 -0.09042830020189285 0.3362905979156494 -0.07626938819885254 0.9342988729476929 0.2560569643974304 -0.07255867123603821 0.9272839426994324 -0.07093805074691772 0.30799451470375055 -0.015932470560073853 0.948606014251709 0.2575680613517761 -0.060170985758304596 0.921734094619751 -0.14289695024490356 0.28451868891716003 0.053446054458618164 0.9464530348777771
0.2440667301416397 -0.09379356354475021 0.8630580902099609 0.8626152873039246 0.06206285953521728 0.501232922077179 0.028436481952667233 0.25045883655548096 -0.09789988398551941 0.9763212203979492 0.6684742938795091 0.3301013303827605 0.5720903312974603 0.3418887272200557 0.25717252492904663 -0.10383369773626328 0.9354102611541748 -0.6804022223845659 0.3850377674655789 0.21588585559620363 0.5849718737843723 0.25552424788475037 -0.0884973406791687 0.9310476779937744 -0.7190126353665892 0.3017724199877883 0.19785312199139218 0.5939769073864178 0.2557877004146576 -0.0722561925649643 0.9272099137306213 -0.7155028259555621 0.24071758481522393 0.21881867330036242 0.6182466991729503 0.2564831078052521 -0.05999644473195076 0.9216143488883972 -0.7608894080128404 0.19696948805269715 0.26696010619377103 0.5576582650916273
0.23992247879505157 -0.09315240383148193 0.8640538454055786 0.873894214630127 0.04691129922866821 0.48356187343597407 0.016617581248283386 0.25045883655548096 -0.09789988398551941 0.9763212203979492 0.7144345423829337 0.6379458502261462 0.17111206575152535 -0.23093087183507974 0.25717252492904663 -0.10383369773626328 0.9354102611541748 -0.06747941672801971 0.42491716146469116 -0.11960846185684204 0.8947545886039734 0.25552424788475037 -0.0884973406791687 0.9310476779937744 -0.08841352164745331 0.35328859090805054 -0.07348203659057617 0.9284237623214722 0.2557877004146576 -0.0722561925649643 0.9272099137306213 -0.06877054274082184 0.3249412178993225 -0.015484869480133058 0.9431033730506897 0.2564831078052521 -0.05999644473195076 0.9216143488883972 -0.1437060683965683 0.3280477523803711 0.04949083924293518 0.9323539733886719
0.23970884084701538 -0.09242865443229675 0.8639976978302002 0.8749156594276428 0.04615539312362671 0.4818825721740722 0.013466700911521912 0.2506297826766968 -0.09625355154275894 0.9750354290008545 0.7158003378938572 0.6432916464629808 0.15589460500132057 -0.22249219765814207 0.25627222657203674 -0.10353241860866547 0.9350056648254395 -0.06342688202857971 0.457164853811264 -0.11430782079696654 0.8797222971916199 0.254776269197464 -0.08820690214633942 0.9305776357650757 -0.08563393354415894 0.37826210260391235 -0.0702815055847168 0.9190459251403809 0.25475382804870605 -0.07188171148300171 0.9266970753669739 -0.06723476946353912 0.3591174483299256 -0.014482855796813967 0.9307548403739929 0.2548944354057312 -0.059818901121616364 0.9212723970413208 -0.1440681368112564 0.3775932192802429 0.04637369513511658 0.9135192632675171
0.23970884084701538 -0.09242865443229675 0.8639976978302002 0.8749156594276428 0.04615539312362671 0.4818825721740722 0.013466700911521912 0.2506406009197235 -0.0957610234618187 0.9745087027549744 0.7174049980499386 0.6446222870855879 0.1477146345340267 -0.2190264683085742 0.255638986825943 -0.10379740595817566 0.9349141120910645 -0.06075747311115264 0.4662214517593383 -0.11356285214424132 0.8752425909042358 0.25432679057121277 -0.0884004458785057 0.9305788278579712 -0.0838325172662735 0.3821271061897278 -0.07013058662414551 0.9176233410835266 0.25420936942100525 -0.07212380319833755 0.9266532063484192 -0.06498734652996063 0.3667116165161133 -0.012663990259170532 0.9279756546020508 0.2542766332626343 -0.06010366976261139 0.9212477207183838 -0.14228428900241852 0.3864690661430359 0.045546501874923706 0.910122275352478
0.23918621242046356 -0.09154203534126282 0.8638966083526611 0.8762185573577881 0.04648140072822571 0.47959157824516296 0.008518606424331665 0.25053197145462036 -0.09554128348827362 0.9748410582542419 0.7167975434149758 0.6456478123136442 0.14572551587013435 -0.2193267902419792 0.25502708554267883 -0.10375295579433441 0.9353763461112976 -0.060354068875312805 0.4670599102973938 -0.1134527325630188 0.8748377561569214 0.2538074851036072 -0.0883331373333931 0.9310740828514099 -0.08402147889137268 0.3805157542228699 -0.07001876831054688 0.918283998966217 0.25367850065231323 -0.07211179286241531 0.9271324872970581 -0.06463661789894104 0.36588442325592047 -0.01117461919784546 0.9283457398414612 0.25376471877098083 -0.06008848175406456 0.9216318130493164 -0.14239777624607086 0.38388097286224365 0.04557687044143677 0.9111976027488708
0.2386474907398224 -0.09146913886070251 0.8640087246894836 0.8768754005432129 0.044983625411987305 0.4785574674606323 0.006977975368499756 0.25053197145462036 -0.09554128348827362 0.9748410582542419 0.6619398650095962 0.353498448485616 0.5595854509311229 0.3517649413727158 0.25502708554267883 -0.10375295579433441 0.9353763461112976 -0.6612807484397348 0.4104844868349932 0.2500380701068854 0.575926853553182 0.2538074851036072 -0.0883331373333931 0.9310740828514099 -0.7087369714506959 0.31857601119010565 0.21955452093276934 0.5899126942190784 0.25367850065231323 -0.07211179286241531 0.9271324872970581 -0.7021445437374902 0.266621003745018 0.25081770584446056 0.61073458186678 0.25376471877098083 -0.06008848175406456 0.9216318130493164 -0.7450045152025935 0.23921713512014034 0.30367256617595806 0.5436235475265591
0.23843660950660706 -0.09143276512622833 0.8644517660140991 0.8758209943771362 0.04525649547576904 0.48045957088470465 0.006930813193321228 0.2493029683828354 -0.09472763538360596 0.9761037230491638 0.714236972771635 0.6462142485092336 0.15021587949165116 -0.2229526496043083 0.2533377707004547 -0.10276882350444794 0.9365436434745789 -0.0616912841796875 0.4638099670410156 -0.11393007636070251 0.8764100074768066 0.25219428539276123 -0.08735722303390503 0.9320850968360901 -0.08555185794830322 0.37436866760253906 -0.0704326331615448 0.9206347465515137 0.25211286544799805 -0.0712481439113617 0.9279317855834961 -0.06531529128551483 0.3575175404548645 -0.009055912494659424 0.9315756559371948 0.2522599399089813 -0.05923425406217575 0.9221842288970947 -0.1439714878797531 0.3708261251449585 0.045875489711761475 0.9163272380828857
0.23843660950660706 -0.09143276512622833 0.8644517660140991 0.8758209943771362 0.04525649547576904 0.48045957088470465 0.006930813193321228 0.24894961714744568 -0.09483528882265091 0.9764583110809326 0.7124222932295777 0.6464472411493184 0.15422864050317925 -0.22533139853409626 0.25295454263687134 -0.10267074406147003 0.9367432594299316 -0.06288270652294159 0.46114039421081543 -0.11367160081863403 0.8777665495872498 0.2518079876899719 -0.08726966381072998 0.9322053790092468 -0.08667820692062378 0.37102940678596497 -0.07011458277702332 0.9219046831130981 0.25173085927963257 -0.0712033212184906 0.9279554486274719 -0.06626084446907043 0.3531324863433838 -0.00779438018798828 0.9331914782524109 0.2518795132637024 -0.059186551719903946 0.9221941828727722 -0.14537772536277768 0.3662590086460113 0.0463157296180725 0.9179186820983887
0.23763726651668549 -0.09074518084526062 0.865352988243103 0.8728591203689575 0.046928852796554565 0.4856378138065338 0.008395791053771973 0.24831876158714294 -0.09495534747838974 0.9766355752944946 0.7114539167802982 0.6468313912981128 0.15694199455306043 -0.22541446916075758 0.2524246871471405 -0.1025954857468605 0.9369182586669922 -0.06374551355838776 0.45888829231262207 -0.11375778913497925 0.8788726925849915 0.25129038095474243 -0.08720453828573227 0.9323034286499023 -0.08751143515110017 0.368073582649231 -0.07017669081687927 0.9230053424835205 0.25122448801994324 -0.0711514949798584 0.9280002117156982 -0.06728784739971161 0.3498014211654663 -0.0077085793018341064 0.9343724250793457 0.25137993693351746 -0.05914304405450821 0.9222609400749207 -0.14661535620689392 0.3637681305408478 0.04611524939537048 0.9187220335006714
0.23763026297092438 -0.09084557741880417 0.8654361963272095 0.8714252710342407 0.048419684171676636 0.4880497455596924 0.00899370014667511 0.24775221943855286 -0.09492050856351852 0.9766476154327393 0.7109912175221671 0.647683423817611 0.1581696969981138 -0.22356225502301902 0.2520397901535034 -0.10260128229856491 0.9370194673538208 -0.06426495313644409 0.4577522277832031 -0.11382156610488892 0.8794189691543579 0.2509259581565857 -0.08721805363893509 0.932320237159729 -0.08798205852508545 0.36584776639938354 -0.07027259469032288 0.9238379001617432 0.2508704960346222 -0.07117059826850891 0.9279986619949341 -0.06790460646152496 0.34759050607681274 -0.007743507623672485 0.9351524114608765 0.2510455548763275 -0.05916893109679222 0.9222459197044373 -0.14735370874404907 0.3615967631340027 0.045881956815719604 0.9194724559783936
0.23747031390666962 -0.09092901647090912 0.8654905557632446 0.8700823783874512 0.04939028620719909 0.4903298616409301 0.009684428572654724 0.24759767949581146 -0.09526202082633972 0.9767755270004272 0.6603799646105785 0.34569654784813725 0.5704653844155104 0.34490794517622597 0.2519413232803345 -0.10291633009910583 0.9372485876083374 -0.6670552482605104 0.4046962886243764 0.24371735559040605 0.5760732413985983 0.2508530616760254 -0.08753585070371628 0.932453453540802 -0.7156243610539672 0.3078537530337684 0.20833304527220506 0.5913583386874682 0.25080788135528564 -0.07148929685354233 0.9281325340270996 -0.7094584872000499 0.2507073804978072 0.23964075546354172 0.6135038457609617 0.2509956657886505 -0.059487976133823395 0.9223803281784058 -0.7545978743968214 0.2227542654342955 0.2874231299241992 0.5462149629375768
0.23742206394672394 -0.09102579951286316 0.8654477596282959 0.8689123392105103 0.04993271827697754 0.49233710765838623 0.010115310549736023 0.24759767949581146 -0.09526202082633972 0.9767755270004272 0.7108458950776506 0.6478243349756854 0.1589355734446889 -0.22307241110590423 0.2519413232803345 -0.10291633009910583 0.9372485876083374 -0.06433384120464325 0.45849764347076416 -0.11382928490638733 0.8790245056152344 0.2508530616760254 -0.08753585070371628 0.932453453540802 -0.0878695845603943 0.36499923467636114 -0.07037177681922913 0.9241764545440674 0.25080788135528564 -0.07148929685354233 0.9281325340270996 -0.06785008311271667 0.34672847390174866 -0.007825285196304321 0.9354755878448486 0.2509956657886505 -0.059487976133823395 0.9223803281784058 -0.14734885096549988 0.36074987053871155 0.04572778940200806 0.9198135137557983
0.2374739646911621 -0.09133781492710114 0.8655568361282349 0.8684588670730591 0.049874842166900635 0.49314171075820923 0.01014554500579834 0.2466961294412613 -0.0951874777674675 0.9770572185516357 0.7108527463056532 0.648939123746493 0.15949493401634132 -0.2193805597622922 0.25128602981567383 -0.10297495871782303 0.9376310110092163 -0.06573955714702606 0.4558587670326233 -0.11487168073654175 0.8801566362380981 0.2502466142177582 -0.08760451525449753 0.9326303005218506 -0.08895300328731537 0.36013609170913696 -0.071390300989151 0.9259011745452881 0.25024619698524475 -0.07159019261598587 0.9281817674636841 -0.06934213638305664 0.3405084311962128 -0.008443236351013184 0.9376429915428162 0.2504546344280243 -0.059634979814291 0.9223609566688538 -0.14888040721416473 0.35395097732543945 0.04517829418182373 0.9222322702407837
0.2374739646911621 -0.09133781492710114 0.8655568361282349 0.8684588670730591 0.049874842166900635 0.49314171075820923 0.01014554500579834 0.2466961294412613 -0.0951874777674675 0.9770572185516357 0.7108527463056532 0.648939123746493 0.15949493401634132 -0.2193805597622922 0.25128602981567383 -0.10297495871782303 0.9376310110092163 -0.06573955714702606 0.4558587670326233 -0.11487168073654175 0.8801566362380981 0.2502466142177582 -0.08760451525449753 0.9326303005218506 -0.08895300328731537 0.36013609170913696 -0.071390300989151 0.9259011745452881 0.25024619698524475 -0.07159019261598587 0.9281817674636841 -0.06934213638305664 0.3405084311962128 -0.008443236351013184 0.9376429915428162 0.2504546344280243 -0.059634979814291 0.9223609566688538 -0.14888040721416473 0.35395097732543945 0.04517829418182373 0.9222322702407837
0.23726293444633484 -0.09167376905679703 0.8657795190811157 0.8669033050537109 0.05082598328590393 0.4957340359687805 0.011961594223976135 0.24608761072158813 -0.09525588154792786 0.9768447875976562 0.7122503430460942 0.6498223571756043 0.158136084975304 -0.21312772296128776 0.25096195936203003 -0.1033358946442604 0.9376348853111267 -0.06673912703990936 0.4524106383323669 -0.11724451184272765 0.8815466165542603 0.24998719990253448 -0.08796342462301254 0.9324052333831787 -0.08963066339492798 0.3546200394630432 -0.07380807399749756 0.9277733564376831 0.25009381771087646 -0.07198777794837952 0.9277525544166565 -0.07045508921146394 0.33227878808975225 -0.01030734181404114 0.940489649772644 0.2503468096256256 -0.06005866080522537 0.9219359755516052 -0.15016379952430725 0.34565475583076477 0.04304373264312744 0.9252680540084839
0.23726293444633484 -0.09167376905679703 0.8657795190811157 0.8669033050537109 0.05082598328590393 0.4957340359687805 0.011961594223976135 0.2458948940038681 -0.09536419063806534 0.9767371416091919 0.6523428825699135 0.34970384145035066 0.5709854282494785 0.35515022378449035 0.2509531080722809 -0.10357330739498138 0.9376798272132874 -0.6717737136122719 0.40121498217718643 0.23549762136191194 0.5764438007641881 0.2499060183763504 -0.08819518238306046 0.9323904514312744 -0.7201512893666581 0.3016856603127014 0.19731551029699068 0.5928194616442163 0.2499527782201767 -0.07224459201097488 0.9276461601257324 -0.7155999188106057 0.2407891097943663 0.22645441669099378 0.6153505398552738 0.2502841353416443 -0.06030765175819397 0.9218428134918213 -0.7616319239094034 0.21193039985995155 0.27250190824014964 0.5484020544209836
0.2374051809310913 -0.0923040360212326 0.8656231760978699 0.8653069734573364 0.050713956356048584 0.498453289270401 0.014704614877700806 0.2457779347896576 -0.09538079053163528 0.9766125679016113 0.712710836393996 0.6524545045735193 0.15415646188187168 -0.20635494178933841 0.25107041001319885 -0.10376911610364914 0.9377614259719849 -0.06853488087654114 0.44709834456443787 -0.11723226308822632 0.8841169476509094 0.2499127835035324 -0.0883873924612999 0.9323953986167908 -0.09086376428604127 0.3510813415050507 -0.07392767071723938 0.928989052772522 0.2499173879623413 -0.0724770650267601 0.927528440952301 -0.07153785228729248 0.32808440923690796 -0.009682983160018921 0.9418860673904419 0.2502976953983307 -0.06053897365927696 0.921695351600647 -0.1517111361026764 0.3389533758163452 0.04259142279624939 0.9275130033493042
0.23747681081295013 -0.09262244403362274 0.8656265735626221 0.8646976947784424 0.05129256844520569 0.4994393587112427 0.015075743198394775 0.24578449130058289 -0.09544616937637329 0.9762352108955383 0.2042035120626301 -0.15271665581806368 0.6533225402352704 0.712845236033982 0.2512942850589752 -0.10394629836082458 0.9375249147415161 0.8857247829437256 -0.11706200242042543 -0.4438075423240662 0.06945036351680756 0.2499820590019226 -0.08855453133583069 0.9320902824401855 0.9293092489242554 -0.07391703128814699 -0.35010030865669256 0.09138184785842897 0.24994532763957977 -0.07268877327442169 0.9271397590637207 0.9423065185546875 -0.00876590609550476 -0.3268662691116333 0.07169486582279205 0.2503335177898407 -0.06074177101254463 0.9212756752967834 0.9280975461006165 0.042519330978393555 -0.3371071517467499 0.1522698998451233
0.23765496909618378 -0.09295604377985 0.865637481212616 0.8640137910842896 0.0520889163017273 0.5005171298980713 0.015800565481185913 0.24578449130058289 -0.09544616937637329 0.9762352108955383 0.2042035120626301 -0.15271665581806368 0.6533225402352704 0.712845236033982 0.2512942850589752 -0.10394629836082458 0.9375249147415161 0.8857247829437256 -0.11706200242042543 -0.4438075423240662 0.06945036351680756 0.2499820590019226 -0.08855453133583069 0.9320902824401855 0.9293092489242554 -0.07391703128814699 -0.35010030865669256 0.09138184785842897 0.24994532763957977 -0.07268877327442169 0.9271397590637207 0.9423065185546875 -0.00876590609550476 -0.3268662691116333 0.07169486582279205 0.2503335177898407 -0.06074177101254463 0.9212756752967834 0.9280975461006165 0.042519330978393555 -0.3371071517467499 0.1522698998451233
0.23781231045722961 -0.09320856630802155 0.8653397560119629 0.8636546730995178 0.05263173580169678 0.5010676383972168 0.016182050108909607 0.24578449130058289 -0.09544616937637329 0.9762352108955383 0.2042035120626301 -0.15271665581806368 0.6533225402352704 0.712845236033982 0.2512942850589752 -0.10394629836082458 0.9375249147415161 0.8857247829437256 -0.11706200242042543 -0.4438075423240662 0.06945036351680756 0.2499820590019226 -0.08855453133583069 0.9320902824401855 0.9293092489242554 -0.07391703128814699 -0.35010030865669256 0.09138184785842897 0.24994532763957977 -0.07268877327442169 0.9271397590637207 0.9423065185546875 -0.00876590609550476 -0.3268662691116333 0.07169486582279205 0.2503335177898407 -0.06074177101254463 0.9212756752967834 0.9280975461006165 0.042519330978393555 -0.3371071517467499 0.1522698998451233
0.23781231045722961 -0.09320856630802155 0.8653397560119629 0.8636546730995178 0.05263173580169678 0.5010676383972168 0.016182050108909607 0.24578449130058289 -0.09544616937637329 0.9762352108955383 -0.3596640225200219 -0.5699557531308512 0.3539817979966642 0.6484513844237476 0.2512942850589752 -0.10394629836082458 0.9375249147415161 0.577193590576242 0.23104403651504846 -0.39659474346410506 0.6754106785016679 0.2499820590019226 -0.08855453133583069 0.9320902824401855 0.5925044170177194 0.1952910941359262 -0.2998255761152885 0.7217375004672024 0.24994532763957977 -0.07268877327442169 0.9271397590637207 0.6156155306951684 0.22493093775332512 -0.2373278018098399 0.7170072105044716 0.2503335177898407 -0.06074177101254463 0.9212756752967834 0.5485932589920429 0.2684364950659897 -0.20830507273497975 0.7639350481280573
0.23781231045722961 -0.09320856630802155 0.8653397560119629 0.8636546730995178 0.05263173580169678 0.5010676383972168 0.016182050108909607 0.24578449130058289 -0.09544616937637329 0.9762352108955383 0.712845236033982 0.6533225402352704 0.15271665581806368 -0.2042035120626301 0.2512942850589752 -0.10394629836082458 0.9375249147415161 -0.06945036351680756 0.4438075423240662 -0.11706200242042543 0.8857247829437256 0.2499820590019226 -0.08855453133583069 0.9320902824401855 -0.09138184785842897 0.35010030865669256 -0.07391703128814699 0.9293092489242554 0.24994532763957977 -0.07268877327442169 0.9271397590637207 -0.07169486582279205 0.3268662691116333 -0.00876590609550476 0.9423065185546875 0.2503335177898407 -0.06074177101254463 0.9212756752967834 -0.1522698998451233 0.3371071517467499 0.042519330978393555 0.9280975461006165
0.23781231045722961 -0.09320856630802155 0.8653397560119629 0.8636546730995178 0.05263173580169678 0.5010676383972168 0.016182050108909607 0.24578449130058289 -0.09544616937637329 0.9762352108955383 0.712845236033982 0.6533225402352704 0.15271665581806368 -0.2042035120626301 0.2512942850589752 -0.10394629836082458 0.9375249147415161 -0.06945036351680756 0.4438075423240662 -0.11706200242042543 0.8857247829437256 0.2499820590019226 -0.08855453133583069 0.9320902824401855 -0.09138184785842897 0.35010030865669256 -0.07391703128814699 0.9293092489242554 0.24994532763957977 -0.07268877327442169 0.9271397590637207 -0.07169486582279205 0.3268662691116333 -0.00876590609550476 0.9423065185546875 0.2503335177898407 -0.06074177101254463 0.9212756752967834 -0.1522698998451233 0.3371071517467499 0.042519330978393555 0.9280975461006165
0.23781231045722961 -0.09320856630802155 0.8653397560119629 0.8636546730995178 0.05263173580169678 0.5010676383972168 0.016182050108909607 0.2458111196756363 -0.09557874500751495 0.975803792476654 0.7126886023460408 0.654330572293666 0.15179132404593154 -0.20220257980590783 0.2514073848724365 -0.1041635274887085 0.9371836185455322 -0.07020069658756256 0.4428282380104065 -0.11692935228347778 0.8861730694770813 0.25008904933929443 -0.08878178149461746 0.9317241311073303 -0.0921505093574524 0.3490960597991944 -0.07371625304222107 0.9296268224716187 0.2500452697277069 -0.07292379438877106 0.9267512559890747 -0.07252241671085358 0.32590562105178833 -0.008522659540176392 0.9425780773162842 0.2503657639026642 -0.060999367386102676 0.9208624958992004 -0.15320387482643127 0.33738458156585693 0.04244425892829895 0.9278463125228882
0.23781231045722961 -0.09320856630802155 0.8653397560119629 0.8636546730995178 0.05263173580169678 0.5010676383972168 0.016182050108909607 0.24624083936214447 -0.09616554528474808 0.9753336310386658 0.6440644095208362 0.3572034485181773 0.5690629065288044 0.36572427623403336 0.2519993484020233 -0.10474744439125061 0.9369392991065979 -0.6769347370159717 0.39555002190539357 0.22773845164212042 0.5774383662449868 0.25076210498809814 -0.08939004689455032 0.931433379650116 -0.7232342394642907 0.2986978583708291 0.19199615605171488 0.5923253650246768 0.2508264183998108 -0.07357394695281982 0.9264653921127319 -0.7188872523795669 0.234070276150258 0.22118640498324382 0.6160268699874506 0.25108349323272705 -0.06170673668384552 0.9203598499298096 -0.765277732675128 0.20834734822894602 0.26579414300863247 0.5479921200574289
0.23805463314056396 -0.09354177117347717 0.8649566769599915 0.8631269335746765 0.05345445871353149 0.5018773078918457 0.016542211174964905 0.2467196136713028 -0.09622300416231155 0.9751593470573425 0.7135585193914998 0.6555602922874253 0.14947156098104059 -0.19680742247933264 0.25248855352401733 -0.10480495542287827 0.9367662072181702 -0.07092660665512085 0.4406895041465759 -0.11805775761604309 0.8870313167572021 0.25122612714767456 -0.08945261687040329 0.9312529563903809 -0.09307247400283813 0.3469260632991791 -0.0747884213924408 0.930261492729187 0.2512146234512329 -0.07364782691001892 0.9262192249298096 -0.07313407957553862 0.32175356149673456 -0.008454829454421995 0.9439568519592285 0.25148245692253113 -0.06178824603557587 0.9201006293296814 -0.1540812849998474 0.3344789147377014 0.04118362069129944 0.9288092851638794
0.2390235960483551 -0.09426014125347137 0.8646427392959595 0.8620080351829529 0.05290639400482177 0.5037965774536133 0.018223151564598083 0.24684299528598785 -0.09632253646850586 0.9750243425369263 0.7137290028758995 0.6553456927887749 0.14933708507745538 -0.1970062925541048 0.25258466601371765 -0.10490263253450394 0.9366276264190674 -0.07082298398017883 0.4409713447093963 -0.11819908022880553 0.8868807554244995 0.25132593512535095 -0.08954953402280807 0.931115984916687 -0.09297347068786621 0.3472230136394501 -0.07493704557418823 0.9301486611366272 0.2513252794742584 -0.07374275475740433 0.9260915517807007 -0.07301905006170273 0.32181331515312195 -0.008586317300796509 0.9439442157745361 0.2515885531902313 -0.061883311718702316 0.9199657440185547 -0.1539582908153534 0.3347763121128082 0.04101330041885376 0.9287301301956177
0.23949022591114044 -0.0943746268749237 0.8644660711288452 0.8619855642318726 0.05371621251106262 0.5037561655044556 0.018028706312179565 0.24684299528598785 -0.09632253646850586 0.9750243425369263 0.7137290028758995 0.6553456927887749 0.14933708507745538 -0.1970062925541048 0.25258466601371765 -0.10490263253450394 0.9366276264190674 -0.07082298398017883 0.4409713447093963 -0.11819908022880553 0.8868807554244995 0.25132593512535095 -0.08954953402280807 0.931115984916687 -0.09297347068786621 0.3472230136394501 -0.07493704557418823 0.9301486611366272 0.2513252794742584 -0.07374275475740433 0.9260915517807007 -0.07301905006170273 0.32181331515312195 -0.008586317300796509 0.9439442157745361 0.2515885531902313 -0.061883311718702316 0.9199657440185547 -0.1539582908153534 0.3347763121128082 0.04101330041885376 0.9287301301956177
0.23954926431179047 -0.09445958584547043 0.864335298538208 0.8621459007263184 0.05351519584655762 0.5035017728805542 0.018073037266731262 0.24675598740577698 -0.09634067118167877 0.9750145077705383 0.6442587224730102 0.3575413942331198 0.5690470562508335 0.365075636939176 0.25248509645462036 -0.10488377511501312 0.9365937113761902 -0.6771021123734579 0.3954958546339101 0.22834878417175136 0.5770378248049701 0.25122585892677307 -0.08953026682138443 0.9310848116874695 -0.7233682756623411 0.2986218021546088 0.19264895356300063 0.5919877412059121 0.251246839761734 -0.07371732592582703 0.926090657711029 -0.719208572401137 0.23308247947563276 0.22107243903639773 0.6160672490594608 0.2514880299568176 -0.06186239421367645 0.9199379086494446 -0.765491327501023 0.20784647077192075 0.26580424695625077 0.5478786747967864
0.23954926431179047 -0.09445958584547043 0.864335298538208 0.8621459007263184 0.05351519584655762 0.5035017728805542 0.018073037266731262 0.24675598740577698 -0.09634067118167877 0.9750145077705383 0.7137071739952014 0.6551969467075175 0.1495570810244608 -0.19741224393484894 0.25248509645462036 -0.10488377511501312 0.9365937113761902 -0.07075610756874084 0.4411247670650482 -0.11819082498550415 0.886810839176178 0.25122585892677307 -0.08953026682138443 0.9310848116874695 -0.09290018677711487 0.3473809063434601 -0.07493412494659424 0.930097222328186 0.251246839761734 -0.07371732592582703 0.926090657711029 -0.07293178886175156 0.3211359977722168 -0.008492380380630493 0.9441825151443481 0.2514880299568176 -0.06186239421367645 0.9199379086494446 -0.15387535095214844 0.33492162823677063 0.040982335805892944 0.9286928176879883
0.23942877352237701 -0.09442925453186035 0.86430823802948 0.8622297644615173 0.05344414710998535 0.5033674836158752 0.018019601702690125 0.24671617150306702 -0.09654232114553452 0.9749978184700012 0.7143922142764499 0.6541661950036972 0.15010479972008034 -0.19793651192732206 0.2524026036262512 -0.10503675788640976 0.9365403056144714 -0.07007740437984467 0.4414931535720825 -0.11910778284072876 0.8865587115287781 0.2511777877807617 -0.08967898786067963 0.9310376644134521 -0.09230871498584747 0.3477783203125 -0.07591614127159119 0.9299278259277344 0.2512350082397461 -0.07386470586061478 0.9260504841804504 -0.07234839349985123 0.32149940729141235 -0.009502559900283813 0.9440940618515015 0.25150179862976074 -0.0620080940425396 0.9199020266532898 -0.15326522290706635 0.3353636860847473 0.0400145947933197 0.9286763668060303
0.23942877352237701 -0.09442925453186035 0.86430823802948 0.8622297644615173 0.05344414710998535 0.5033674836158752 0.018019601702690125 0.2468104511499405 -0.0966351255774498 0.9749504327774048 0.714793315912992 0.6536704278154143 0.1501091092918795 -0.1981234904614855 0.25246572494506836 -0.10510791838169098 0.9364821314811707 -0.06980688869953156 0.44179105758667 -0.11958110332489015 0.886367917060852 0.2512569725513458 -0.089748814702034 0.9309819340705872 -0.09207837283611298 0.3480991721153259 -0.07641348242759705 0.9297900199890137 0.25133055448532104 -0.07393460720777512 0.9259963035583496 -0.07211380451917648 0.3218090832233429 -0.010015219449996948 0.9440011978149414 0.2516084909439087 -0.06207806617021561 0.9198484420776367 -0.15300932526588437 0.3357135653495788 0.03953450918197631 0.9286127090454102
0.23933108150959015 -0.09451980888843536 0.8642672300338745 0.8624429702758789 0.0523296594619751 0.5031054019927979 0.018399745225906372 0.2468104511499405 -0.0966351255774498 0.9749504327774048 0.714793315912992 0.6536704278154143 0.1501091092918795 -0.1981234904614855 0.25246572494506836 -0.10510791838169098 0.9364821314811707 -0.06980688869953156 0.44179105758667 -0.11958110332489015 0.886367917060852 0.2512569725513458 -0.089748814702034 0.9309819340705872 -0.09207837283611298 0.3480991721153259 -0.07641348242759705 0.9297900199890137 0.25133055448532104 -0.07393460720777512 0.9259963035583496 -0.07211380451917648 0.3218090832233429 -0.010015219449996948 0.9440011978149414 0.2516084909439087 -0.06207806617021561 0.9198484420776367 -0.15300932526588437 0.3357135653495788 0.03953450918197631 0.9286127090454102
0.23936693370342255 -0.09456823766231537 0.8642187118530273 0.8626166582107544 0.051805704832077026 0.5028533935546875 0.018632501363754272 0.2468104511499405 -0.0966351255774498 0.9749504327774048 0.645529659012014 0.3560715984434385 0.5683579219569166 0.36534075115602904 0.25246572494506836 -0.10510791838169098 0.9364821314811707 -0.676117778314158 0.3969500810805054 0.22783685471946533 0.5773958122890435 0.2512569725513458 -0.089748814702034 0.9309819340705872 -0.7225700183255526 0.3001757685866589 0.19211078831989106 0.5923516024441148 0.25133055448532104 -0.07393460720777512 0.9259963035583496 -0.7185018765741135 0.2346352227535072 0.22047156308395827 0.6165174667615386 0.2516084909439087 -0.06207806617021561 0.9198484420776367 -0.7648222633743881 0.20943021773771586 0.2653404564512168 0.5484344156484382
0.23936693370342255 -0.09456823766231537 0.8642187118530273 0.8626166582107544 0.051805704832077026 0.5028533935546875 0.018632501363754272 0.2468104511499405 -0.0966351255774498 0.9749504327774048 0.714793315912992 0.6536704278154143 0.1501091092918795 -0.1981234904614855 0.25246572494506836 -0.10510791838169098 0.9364821314811707 -0.06980688869953156 0.44179105758667 -0.11958110332489015 0.886367917060852 0.2512569725513458 -0.089748814702034 0.9309819340705872 -0.09207837283611298 0.3480991721153259 -0.07641348242759705 0.9297900199890137 0.25133055448532104 -0.07393460720777512 0.9259963035583496 -0.07211380451917648 0.3218090832233429 -0.010015219449996948 0.9440011978149414 0.2516084909439087 -0.06207806617021561 0.9198484420776367 -0.15300932526588437 0.3357135653495788 0.03953450918197631 0.9286127090454102
0.23936693370342255 -0.09456823766231537 0.8642187118530273 0.8626166582107544 0.051805704832077026 0.5028533935546875 0.018632501363754272 0.24665366113185883 -0.09721039980649948 0.9752063751220703 0.7158618852985905 0.6555393028264083 0.14384601147943243 -0.1926612342043564 0.25233888626098633 -0.10574661195278168 0.9371790289878845 -0.06813189387321472 0.4420111477375031 -0.11858904361724855 0.8865218162536621 0.251127153635025 -0.09036558121442795 0.9317344427108765 -0.0902911126613617 0.3481788635253906 -0.07560074329376221 0.930001974105835 0.2510671019554138 -0.07453888654708862 0.9268049001693726 -0.07031486928462982 0.3236656188964844 -0.009458661079406738 0.9435078501701355 0.25147080421447754 -0.06264876574277878 0.9207122325897217 -0.15123732388019562 0.335609495639801 0.04032137989997864 0.9289067983627319
0.23936693370342255 -0.09456823766231537 0.8642187118530273 0.8626166582107544 0.051805704832077026 0.5028533935546875 0.018632501363754272 0.246163010597229 -0.09711108356714249 0.9754262566566467 0.7161246593676603 0.6555794325855459 0.14324087687819392 -0.1919981396939362 0.2518502473831177 -0.10565502941608429 0.9374533295631409 -0.06772395968437195 0.4420172274112702 -0.11865109205245973 0.8865419030189514 0.2506760358810425 -0.0902659222483635 0.9318878650665283 -0.08935470879077911 0.3461250066757202 -0.07577410340309143 0.9308446645736694 0.2505624294281006 -0.07444823533296585 0.9270493388175964 -0.06985200941562653 0.3234754204750061 -0.009587854146957397 0.9436061382293701 0.2510066032409668 -0.06254591047763824 0.9210140705108643 -0.15086284279823303 0.33556893467903137 0.04013657569885254 0.9289903044700623
0.2392405867576599 -0.09492871165275574 0.8649482727050781 0.8626421093940735 0.050942718982696526 0.5029600858688354 0.016870230436325073 0.24589109420776367 -0.0969233512878418 0.9755308628082275 0.19143971247999528 -0.14271774096685483 0.655840011759294 0.7161399371468691 0.25158941745758057 -0.10547950863838196 0.9375996589660645 0.8866063356399536 -0.11850687861442566 -0.44193384051322937 0.06767556071281433 0.2504361867904663 -0.09008589386940002 0.9319326281547546 0.931545078754425 -0.07569140195846558 -0.3443811237812042 0.08886095881462097 0.2502870559692383 -0.07428146153688431 0.9271048307418823 0.9440513253211975 -0.009383201599121094 -0.3222230076789856 0.06965212523937225 0.2507421374320984 -0.06236844137310982 0.9211483001708984 0.9291946291923523 0.04019206762313843 -0.33502399921417236 0.15080145001411438
0.23876608908176422 -0.09478278458118439 0.8652298450469971 0.8626314401626587 0.05057135224342347 0.5030215382575989 0.016700327396392822 0.24589109420776367 -0.0969233512878418 0.9755308628082275 0.19143971247999528 -0.14271774096685483 0.655840011759294 0.7161399371468691 0.25158941745758057 -0.10547950863838196 0.9375996589660645 0.8866063356399536 -0.11850687861442566 -0.44193384051322937 0.06767556071281433 0.2504361867904663 -0.09008589386940002 0.9319326281547546 0.931545078754425 -0.07569140195846558 -0.3443811237812042 0.08886095881462097 0.2502870559692383 -0.07428146153688431 0.9271048307418823 0.9440513253211975 -0.009383201599121094 -0.3222230076789856 0.06965212523937225 0.2507421374320984 -0.06236844137310982 0.9211483001708984 0.9291946291923523 0.04019206762313843 -0.33502399921417236 0.15080145001411438
0.23851673305034637 -0.09459578990936279 0.8653772473335266 0.862577497959137 0.05062210559844971 0.5031136274337769 0.016557827591896057 0.24560546875 -0.09707306325435638 0.9756574630737305 0.6414052808729465 0.3630164742303536 0.5652383933952349 0.37057213779372467 0.2515006959438324 -0.10561522841453552 0.9377782344818115 -0.6763846822008327 0.39316223560408503 0.22693063268299668 0.5800257372694733 0.25020042061805725 -0.09020312130451202 0.9319383502006531 -0.7218279450954875 0.29495627647285233 0.1888435325599615 0.5969115754928087 0.2500387132167816 -0.07440178096294403 0.9271625280380249 -0.7174983828277351 0.23130723747383464 0.21945036062534853 0.6193014196223896 0.2504609227180481 -0.062490299344062805 0.9212229251861572 -0.7640761128050767 0.20659202981488026 0.26451667767614 0.5509431595777796
0.23851673305034637 -0.09459578990936279 0.8653772473335266 0.862577497959137 0.05062210559844971 0.5031136274337769 0.016557827591896057 0.24563413858413696 -0.09746269136667252 0.9754456281661987 -0.36999622911780367 -0.5656242857779438 0.36311043108378127 0.64134457572004 0.2516767382621765 -0.10597676783800125 0.937602162361145 0.580868621299251 0.22570515956563178 -0.3906990430800802 0.6774978879895445 0.25022852420806885 -0.09054934978485107 0.931715190410614 0.5972643818118426 0.18906348865219447 -0.2942584498665574 0.7217635122329074 0.25006961822509766 -0.07473908364772797 0.9269911646842957 0.6198159897551375 0.21908396336328984 -0.22983170621968455 0.7176407565034867 0.2504575252532959 -0.06282907724380493 0.9210301041603088 0.5512205791771211 0.26469617361441883 -0.20583451399372477 0.7640184300747176
0.23830214142799377 -0.09470028430223465 0.8654894828796387 0.8623769879341125 0.0510982871055603 0.5034273862838745 0.01599249243736267 0.2454356700181961 -0.097764752805233 0.9751869440078735 0.191848854057891 -0.14336805415127402 0.6568941469859942 0.7149332275507021 0.2516062557697296 -0.10628097504377365 0.9373713135719299 0.8908524513244629 -0.11629354953765869 -0.43377164006233215 0.0685558021068573 0.25003695487976074 -0.09083665907382965 0.9314627051353455 0.9327867031097412 -0.07416078448295592 -0.34156361222267145 0.08799600601196288 0.24987752735614777 -0.07501555979251862 0.9267686605453491 0.946014404296875 -0.007299691438674926 -0.3165808320045471 0.0691375881433487 0.25023654103279114 -0.06310512125492096 0.9207931160926819 0.9300878047943115 0.04181712865829468 -0.33249151706695557 0.1504564881324768
0.23833663761615753 -0.09500333666801453 0.8652787208557129 0.8623365163803101 0.0513540804386139 0.5034909248352051 0.01534312963485718 0.2454356700181961 -0.097764752805233 0.9751869440078735 0.191848854057891 -0.14336805415127402 0.6568941469859942 0.7149332275507021 0.2516062557697296 -0.10628097504377365 0.9373713135719299 0.8908524513244629 -0.11629354953765869 -0.43377164006233215 0.0685558021068573 0.25003695487976074 -0.09083665907382965 0.9314627051353455 0.9327867031097412 -0.07416078448295592 -0.34156361222267145 0.08799600601196288 0.24987752735614777 -0.07501555979251862 0.9267686605453491 0.946014404296875 -0.007299691438674926 -0.3165808320045471 0.0691375881433487 0.25023654103279114 -0.06310512125492096 0.9207931160926819 0.9300878047943115 0.04181712865829468 -0.33249151706695557 0.1504564881324768
0.23818044364452362 -0.09528612345457077 0.8650196194648743 0.8622269034385681 0.0514870285987854 0.5036707520484924 0.015151754021644592 0.2454356700181961 -0.097764752805233 0.9751869440078735 -0.369876494161668 -0.5658708681412773 0.36311780757933954 0.6411917641903382 0.2516062557697296 -0.10628097504377365 0.9373713135719299 0.5814515509380098 0.22449091232461688 -0.38895482849616814 0.6784040769822893 0.25003695487976074 -0.09083665907382965 0.9314627051353455 0.5973570873437983 0.18908233953131454 -0.29396151938175447 0.7218024264020316 0.24987752735614777 -0.07501555979251862 0.9267686605453491 0.6200455109704087 0.21869478838322734 -0.22901811085625642 0.7178208689624851 0.25023654103279114 -0.06310512125492096 0.9207931160926819 0.5512823776733037 0.26467615451660426 -0.2055378100909313 0.7640602752262688
0.23818044364452362 -0.09528612345457077 0.8650196194648743 0.8622269034385681 0.0514870285987854 0.5036707520484924 0.015151754021644592 0.2454356700181961 -0.097764752805233 0.9751869440078735 0.7149332275507021 0.6568941469859942 0.14336805415127402 -0.191848854057891 0.2516062557697296 -0.10628097504377365 0.9373713135719299 -0.0685558021068573 0.43377164006233215 -0.11629354953765869 0.8908524513244629 0.25003695487976074 -0.09083665907382965 0.9314627051353455 -0.08799600601196288 0.34156361222267145 -0.07416078448295592 0.9327867031097412 0.24987752735614777 -0.07501555979251862 0.9267686605453491 -0.0691375881433487 0.3165808320045471 -0.007299691438674926 0.946014404296875 0.25023654103279114 -0.06310512125492096 0.9207931160926819 -0.1504564881324768 0.33249151706695557 0.04181712865829468 0.9300878047943115
0.23818044364452362 -0.09528612345457077 0.8650196194648743 0.8622269034385681 0.0514870285987854 0.5036707520484924 0.015151754021644592 0.2454356700181961 -0.097764752805233 0.9751869440078735 -0.369876494161668 -0.5658708681412773 0.36311780757933954 0.6411917641903382 0.2516062557697296 -0.10628097504377365 0.9373713135719299 0.5814515509380098 0.22449091232461688 -0.38895482849616814 0.6784040769822893 0.25003695487976074 -0.09083665907382965 0.9314627051353455 0.5973570873437983 0.18908233953131454 -0.29396151938175447 0.7218024264020316 0.24987752735614777 -0.07501555979251862 0.9267686605453491 0.6200455109704087 0.21869478838322734 -0.22901811085625642 0.7178208689624851 0.25023654103279114 -0.06310512125492096 0.9207931160926819 0.5512823776733037 0.26467615451660426 -0.2055378100909313 0.7640602752262688
0.23818044364452362 -0.09528612345457077 0.8650196194648743 0.8622269034385681 0.0514870285987854 0.5036707520484924 0.015151754021644592 0.24504895508289337 -0.09812956303358078 0.975147545337677 0.19135278619921178 -0.1436548431377689 0.6569074788626575 0.7149966418417208 0.25131475925445557 -0.10666365176439285 0.9373595714569092 0.8915724754333496 -0.11643460392951964 -0.432238757610321 0.06863825023174286 0.24969838559627533 -0.09121251851320267 0.9314287900924683 0.9329476356506348 -0.07439267635345459 -0.34107714891433716 0.08798106014728546 0.24956318736076355 -0.0753839984536171 0.9267586469650269 0.9464261531829834 -0.007437556982040404 -0.31533992290496826 0.06915964931249619 0.24991177022457123 -0.06347750127315521 0.9207586050033569 0.9302756786346436 0.041548967361450195 -0.3319779634475708 0.15050454437732697
0.23818044364452362 -0.09528612345457077 0.8650196194648743 0.8622269034385681 0.0514870285987854 0.5036707520484924 0.015151754021644592 0.24468281865119934 -0.10084425657987595 0.9748107194900513 -0.37182231183082287 -0.565508754630952 0.3617241553650628 0.6411736230144295 0.25120916962623596 -0.10944198817014694 0.9371084570884705 0.5834095361942752 0.21853372572245316 -0.3857496598745121 0.680495035093225 0.24945008754730225 -0.09396753460168839 0.9311522841453552 0.5981360320691116 0.1859944037390716 -0.2937824417404603 0.7220327597915903 0.24939554929733276 -0.07814005017280579 0.9264854788780212 0.6211519280032568 0.21488659647688957 -0.22790230219837235 0.7183694374642683 0.24977925419807434 -0.06623761355876923 0.9204409718513489 0.552104715017187 0.2618877589176749 -0.2059080214733001 0.7643277798772682
0.2379121035337448 -0.09567098319530487 0.864970326423645 0.8619669675827026 0.051379144191741936 0.5041208863258362 0.015338197350502012 0.24498246610164642 -0.10210113972425461 0.9746597409248352 0.7163664659872189 0.6553996190035472 0.14435942260085433 -0.19086872242404115 0.2515406012535095 -0.11066540330648422 0.9369497299194336 -0.06807902455329895 0.4269730746746064 -0.11815989017486574 0.8939226865768433 0.2497476190328598 -0.09517738968133926 0.9310119152069092 -0.08694247901439667 0.33944207429885864 -0.07620510458946228 0.933495044708252 0.24970082938671112 -0.07934359461069107 0.9263650178909302 -0.06806612759828568 0.31324222683906555 -0.009213268756866455 0.9471862316131592 0.2500898241996765 -0.06743320822715759 0.9203346371650696 -0.14938731491565704 0.33091026544570923 0.03959938883781433 0.9309209585189819
0.23766760528087616 -0.0984160453081131 0.8646361231803894 0.8618171215057373 0.04978105425834656 0.5044986605644226 0.016559138894081116 0.2454482614994049 -0.10308912396430969 0.9742512106895447 0.7158456800978911 0.6556240640125847 0.14432671236291897 -0.19207217224366904 0.2520124018192291 -0.11155278235673904 0.9365193247795105 -0.06765487790107727 0.42707788944244385 -0.11749529838562012 0.8939923048019409 0.25014910101890564 -0.0960618183016777 0.9306222796440125 -0.08608511090278625 0.34010571241378784 -0.07512259483337402 0.9334206581115723 0.2500776946544647 -0.08021622896194458 0.9260123372077942 -0.06712985038757324 0.31384629011154175 -0.008166283369064331 0.9470624923706055 0.25044527649879456 -0.06828992068767548 0.9200082421302795 -0.1484493762254715 0.3313908576965332 0.040711790323257446 0.9308520555496216
0.23794583976268768 -0.0995359718799591 0.8644885420799255 0.8619037866592407 0.04926130175590515 0.5044160485267639 0.016118109226226807 0.2454482614994049 -0.10308912396430969 0.9742512106895447 0.6419948739732576 0.36154184275122314 0.5656506470607304 0.3703637893601408 0.2520124018192291 -0.11155278235673904 0.9365193247795105 -0.6799873689952621 0.3850714200029528 0.21890796427546985 0.5843087586006673 0.25014910101890564 -0.0960618183016777 0.9306222796440125 -0.7208995378632878 0.29361076634921884 0.18737136862896828 0.5991566816718469 0.2500776946544647 -0.08021622896194458 0.9260123372077942 -0.7171422364650084 0.22769726893464104 0.21614840051385983 0.6222063528919148 0.25044527649879456 -0.06828992068767548 0.9200082421302795 -0.7631815401155313 0.20554115934088207 0.2631163308694155 0.5532421872718821
0.2382599115371704 -0.10027369856834412 0.8640964031219482 0.8622296452522278 0.04922628402709961 0.503905177116394 0.014709338545799255 0.24551795423030853 -0.10452282428741455 0.9739087820053101 0.7162265270769929 0.6554500328389365 0.1431894105668973 -0.19209809470519926 0.25212517380714417 -0.11291481554508209 0.9362730979919434 -0.06641653180122375 0.4262676537036896 -0.11716073751449585 0.8945156931877136 0.25016409158706665 -0.09740208089351654 0.9304106831550598 -0.08446109294891359 0.3409670293331147 -0.07483097910881044 0.9332782030105591 0.25010186433792114 -0.0815449059009552 0.92585289478302 -0.06544215232133865 0.3145993649959564 -0.007937878370285034 0.9469327926635742 0.2504724860191345 -0.06960105895996094 0.9198867678642273 -0.1467452049255371 0.33207982778549194 0.04103666543960571 0.9308624863624573
0.2382599115371704 -0.10027369856834412 0.8640964031219482 0.8622296452522278 0.04922628402709961 0.503905177116394 0.014709338545799255 0.24554891884326935 -0.10518788546323776 0.973865270614624 0.6425228086793312 0.36219165715800417 0.5641660508987634 0.37107733777223223 0.25216352939605713 -0.11351057887077332 0.9362919330596924 -0.6787836113946051 0.3840812643015743 0.21828197544385022 0.5865894831946865 0.25020307302474976 -0.0979895293712616 0.930448055267334 -0.7187043181073075 0.2944327643401739 0.18825064891768542 0.6011116056141318 0.2501778304576874 -0.08213081955909729 0.9259204864501953 -0.7149252262823733 0.2284564226683793 0.2168126393066229 0.6242450252623706 0.2505755126476288 -0.07017908990383148 0.9199756383895874 -0.7611377815828401 0.2061506117049182 0.26383624672092654 0.5554833680562388
0.2381749153137207 -0.10138390958309174 0.8638937473297119 0.8626513481140137 0.048082351684570306 0.5033296346664429 0.013418272137641905 0.24554891884326935 -0.10518788546323776 0.973865270614624 -0.37107733777223223 -0.5641660508987634 0.36219165715800417 0.6425228086793312 0.25216352939605713 -0.11351057887077332 0.9362919330596924 0.5865893988126303 0.21828197773165436 -0.38408126832711376 0.678783709038983 0.25020307302474976 -0.0979895293712616 0.930448055267334 0.6011116158392682 0.1882506486323751 -0.2944327638939353 0.7187043058818747 0.2501778304576874 -0.08213081955909729 0.9259204864501953 0.6242450185275203 0.2168126394650152 -0.22845642283527795 0.7149252339955534 0.2505755126476288 -0.07017908990383148 0.9199756383895874 0.5554834286346954 0.26383624222666197 -0.20615060819328773 0.7611376985766698
0.23817399144172668 -0.10179505497217178 0.8639309406280518 0.8628054857254028 0.0468866229057312 0.5031951069831848 0.012765392661094666 0.2460738718509674 -0.10566302388906479 0.9744660258293152 0.6428695221629269 0.361447645646638 0.5655826292245396 0.36904041489284095 0.25275030732154846 -0.11378275603055954 0.9368579983711243 -0.6780067449186594 0.3831095988720665 0.21887781359247532 0.5879002665051193 0.2507542669773102 -0.09825849533081055 0.9310817122459412 -0.717546271625946 0.2933071679494084 0.1893222872788498 0.6027068869765271 0.2507067918777466 -0.08237997442483902 0.9266296625137329 -0.7136636964662828 0.2272627015350656 0.2177472477884713 0.6257976406314087 0.25108861923217773 -0.07040055096149445 0.9207408428192139 -0.7600282132558305 0.2048189475512462 0.26465462824051533 0.5571040256644757
0.23817399144172668 -0.10179505497217178 0.8639309406280518 0.8628054857254028 0.0468866229057312 0.5031951069831848 0.012765392661094666 0.24621115624904633 -0.10573374480009079 0.9748498797416687 -0.36810953585552364 -0.5664567327440562 0.3612954448002267 0.6427190088218142 0.2529475688934326 -0.11377677321434021 0.9372290968894958 0.5884638190982832 0.21913390203704175 -0.3827390931748906 0.6776443411949913 0.2509446144104004 -0.09825070202350616 0.9314830899238586 0.6033817395721981 0.1896467938416604 -0.29281596265022075 0.7170938483851028 0.2508898675441742 -0.08236563205718994 0.9270610809326172 0.6264491499301258 0.21801660191483227 -0.2267418431395127 0.7131750421734181 0.2512669563293457 -0.07037612795829773 0.9211951494216919 0.557781747037394 0.2648749891997901 -0.2042522265089057 0.7596063472736606
0.23875534534454346 -0.10176970064640045 0.8645427823066711 0.862715482711792 0.046392232179641724 0.5034515261650085 0.010319232940673828 0.24621115624904633 -0.10573374480009079 0.9748498797416687 0.6427190088218142 0.3612954448002267 0.5664567327440562 0.36810953585552364 0.2529475688934326 -0.11377677321434021 0.9372290968894958 -0.677644690226209 0.38273910706053244 0.21913390998714388 0.5884635160010313 0.2509446144104004 -0.09825070202350616 0.9314830899238586 -0.7170940375063468 0.29281596930044074 0.18964679814877836 0.6033815804406208 0.2508898675441742 -0.08236563205718994 0.9270610809326172 -0.7131752836169519 0.22674184810907308 0.21801660669315923 0.6264489378474865 0.2512669563293457 -0.07037612795829773 0.9211951494216919 -0.759606361131904 0.20425222707978827 0.2648749899401126 0.5577817368612349
0.23897387087345123 -0.10164390504360199 0.8649372458457947 0.8626230955123901 0.04616287350654602 0.5036494135856628 0.009367361664772034 0.24627800285816193 -0.10572867095470428 0.974861741065979 0.19499612186676332 -0.14534580955107293 0.6556944362740285 0.7147838351575927 0.253041535615921 -0.11374590545892715 0.9371981620788574 0.8948276042938232 -0.11650148034095766 -0.4264663457870484 0.06194794178009034 0.25105273723602295 -0.09819399565458298 0.931485116481781 0.9334183931350708 -0.07376614212989807 -0.34205591678619385 0.07928866147994995 0.251015841960907 -0.08228882402181625 0.9270945191383362 0.9470468759536743 -0.007037699222564697 -0.3153281509876251 0.060175299644470215 0.2514026463031769 -0.07028249651193619 0.9212511777877808 0.93143630027771 0.0420968234539032 -0.33260801434516907 0.141514390707016
0.23897387087345123 -0.10164390504360199 0.8649372458457947 0.8626230955123901 0.04616287350654602 0.5036494135856628 0.009367361664772034 0.24677646160125732 -0.10537232458591461 0.9747260808944702 0.7159041879521068 0.6541179958995295 0.14515948339566037 -0.19631471764299158 0.25339847803115845 -0.11334657669067383 0.9370321035385132 -0.060678645968437195 0.4279767870903015 -0.11751732230186462 0.8940601348876953 0.2514443099498749 -0.09777866303920746 0.9313512444496155 -0.07806231081485748 0.3436160087585449 -0.07488980889320374 0.9328590631484985 0.251446008682251 -0.08186587691307068 0.9269883632659912 -0.05888344347476959 0.3168216943740845 -0.008234083652496338 0.9466198086738586 0.2518541216850281 -0.06985114514827728 0.9211642146110535 -0.14013487100601196 0.3341705799102783 0.041059523820877075 0.9311318397521973
0.23896914720535278 -0.10145491361618042 0.8649317026138306 0.8630885481834412 0.044696807861328125 0.5029857754707336 0.009256243705749512 0.24731360375881195 -0.10519398003816605 0.9745850563049316 -0.3677295469796315 -0.5639865988739353 0.3593378977772678 0.6461968516094427 0.25382983684539795 -0.11317858099937439 0.9368759989738464 0.5892370486636352 0.2194908593127079 -0.38729020605027176 0.6742626112386125 0.2519071102142334 -0.09760399162769318 0.9312023520469666 0.6044417562257691 0.18999482761507222 -0.29757100107083206 0.7141456112208392 0.25194448232650757 -0.0816902443766594 0.9268429279327393 0.6278453557866989 0.2181377327668947 -0.23150949584557154 0.7103729908445396 0.2523733079433441 -0.06967546045780182 0.9210208654403687 0.5595324315423142 0.265411041892912 -0.208913231723477 0.7568591823508399
0.23915793001651764 -0.10088936984539032 0.8648303151130676 0.8639051914215088 0.04288259148597717 0.5017394423484802 0.009294867515563965 0.2478862851858139 -0.10515972226858139 0.9743901491165161 -0.36771716463582854 -0.5630101737171455 0.35863221198535117 0.6474462358788092 0.2543010115623474 -0.11312168836593628 0.9366587996482849 0.5894400595777676 0.21967767914809488 -0.3886608594050324 0.6732343980796011 0.25240594148635864 -0.0975363552570343 0.9310052394866943 0.6047256669291848 0.19015943699663873 -0.29902374747283794 0.7132541451132842 0.2524670660495758 -0.08161656558513641 0.9266893267631531 0.6280911257667081 0.21854848712298783 -0.233322643948943 0.7094355367944853 0.2529073655605316 -0.06959079205989838 0.9209017157554626 0.5596579425148377 0.2663390506603959 -0.2112569113736006 0.755789068041162
0.23946624994277954 -0.10066652297973633 0.8647093176841736 0.8645181655883789 0.04163938760757446 0.5007767677307129 0.009859234094619751 0.2478862851858139 -0.10515972226858139 0.9743901491165161 0.1977983303570446 -0.14451704791601733 0.6516996044357746 0.7178289213583269 0.2543010115623474 -0.11312168836593628 0.9366587996482849 0.8928457498550415 -0.1194891631603241 -0.4301603436470032 0.05925138294696808 0.25240594148635864 -0.0975363552570343 0.9310052394866943 0.9319523572921753 -0.07697868347167969 -0.3459047079086303 0.07674144208431244 0.2524670660495758 -0.08161656558513641 0.9266893267631531 0.9457741379737854 -0.010446906089782715 -0.31952112913131714 0.05751925706863404 0.2529073655605316 -0.06959079205989838 0.9209017157554626 0.9301614761352539 0.03894895315170288 -0.3377113342285156 0.1386857032775879
0.23981502652168274 -0.10049876570701599 0.8645366430282593 0.8651154041290283 0.040305525064468384 0.4998508393764496 0.009998887777328491 0.2488875836133957 -0.10562504827976227 0.9737250208854675 0.7188694266408057 0.6484426391634294 0.14590197948794648 -0.2036212464194152 0.25498831272125244 -0.11319447308778763 0.9357797503471375 -0.05589830875396728 0.4340211153030395 -0.11988806724548338 0.8911385536193848 0.2531237006187439 -0.09756579250097275 0.9302401542663574 -0.07329189777374268 0.3498173654079437 -0.07766783237457275 0.9307115077972412 0.25316742062568665 -0.08160730451345444 0.9262436032295227 -0.05415660142898559 0.3271006643772125 -0.01154285669326782 0.9433658123016357 0.25360703468322754 -0.06951989233493805 0.9205705523490906 -0.13532793521881104 0.34735316038131714 0.03769412636756897 0.9271522760391235
0.23981502652168274 -0.10049876570701599 0.8645366430282593 0.8651154041290283 0.040305525064468384 0.4998508393764496 0.009998887777328491 0.24927058815956116 -0.10586460679769516 0.9734482765197754 0.7187864890388919 0.6466518421956744 0.1481339856479865 -0.2079515472200219 0.2552134692668915 -0.11304007470607758 0.9352895021438599 -0.054562225937843316 0.4358502626419067 -0.11979126930236815 0.8903412818908691 0.25335532426834106 -0.09741277992725372 0.9298543334007263 -0.0721166729927063 0.35257604718208313 -0.0776357650756836 0.9297645092010498 0.253354549407959 -0.08144370466470718 0.9260607957839966 -0.05298037827014923 0.33384549617767334 -0.011936396360397339 0.9410620927810669 0.2538291811943054 -0.0693279430270195 0.9204022288322449 -0.13411110639572144 0.35381186008453375 0.03717994689941406 0.9249049425125122
0.24002429842948914 -0.1000479906797409 0.8638514280319214 0.8671025037765503 0.036821514368057244 0.4966990947723388 0.008209481835365295 0.2497330754995346 -0.10623534023761749 0.9734591245651245 0.21312694885124556 -0.15111387414593014 0.6442960255529302 0.7187658615203187 0.2555209696292877 -0.11293156445026398 0.9350064396858215 0.8893893361091614 -0.1200128197669983 -0.4378958344459534 0.05320598185062409 0.25364816188812256 -0.09729363769292831 0.9297428727149963 0.9282866716384888 -0.07786011695861816 -0.3565835952758789 0.07120431959629059 0.25360262393951416 -0.08130217343568802 0.9260284900665283 0.9386345148086548 -0.0126628577709198 -0.340776264667511 0.0517343133687973 0.25412940979003906 -0.06915314495563507 0.9203886389732361 0.9230549335479736 0.03655046224594116 -0.35918116569519043 0.13275019824504852
0.24002549052238464 -0.09968209266662598 0.8634727597236633 0.8680416345596313 0.03553774952888489 0.49516457319259644 0.007265523076057434 0.2500300109386444 -0.10647906363010406 0.9734863042831421 0.21740841776043124 -0.15274508395075398 0.6420028311250443 0.7191905718241477 0.25562533736228943 -0.1128300204873085 0.934827446937561 0.8882570266723633 -0.12044087052345277 -0.440241813659668 0.05177552998065949 0.25374653935432434 -0.0971807911992073 0.9297260642051697 0.926719605922699 -0.07829588651657104 -0.36074280738830566 0.070179283618927 0.2536662518978119 -0.08117377012968063 0.9260159730911255 0.9363571405410767 -0.013566315174102781 -0.3471625447273254 0.05029326677322387 0.2542612850666046 -0.06899802386760712 0.9203987717628479 0.9218102097511292 0.03597688674926757 -0.36301195621490473 0.13112588226795197
0.24006296694278717 -0.09935346245765686 0.8632877469062805 0.8691049814224243 0.034026652574539185 0.4934122562408447 0.006562352180480957 0.2500300109386444 -0.10647906363010406 0.9734863042831421 0.21740841776043124 -0.15274508395075398 0.6420028311250443 0.7191905718241477 0.25562533736228943 -0.1128300204873085 0.934827446937561 0.8882570266723633 -0.12044087052345277 -0.440241813659668 0.05177552998065949 0.25374653935432434 -0.0971807911992073 0.9297260642051697 0.926719605922699 -0.07829588651657104 -0.36074280738830566 0.070179283618927 0.2536662518978119 -0.08117377012968063 0.9260159730911255 0.9363571405410767 -0.013566315174102781 -0.3471625447273254 0.05029326677322387 0.2542612850666046 -0.06899802386760712 0.9203987717628479 0.9218102097511292 0.03597688674926757 -0.36301195621490473 0.13112588226795197
0.23986198008060455 -0.09902448952198029 0.8632184863090515 0.8703309297561646 0.03229585289955139 0.49137079715728765 0.005971506237983704 0.2500300109386444 -0.10647906363010406 0.9734863042831421 0.21740841776043124 -0.15274508395075398 0.6420028311250443 0.7191905718241477 0.25562533736228943 -0.1128300204873085 0.934827446937561 0.8882570266723633 -0.12044087052345277 -0.440241813659668 0.05177552998065949 0.25374653935432434 -0.0971807911992073 0.9297260642051697 0.926719605922699 -0.07829588651657104 -0.36074280738830566 0.070179283618927 0.2536662518978119 -0.08117377012968063 0.9260159730911255 0.9363571405410767 -0.013566315174102781 -0.3471625447273254 0.05029326677322387 0.2542612850666046 -0.06899802386760712 0.9203987717628479 0.9218102097511292 0.03597688674926757 -0.36301195621490473 0.13112588226795197
0.23986198008060455 -0.09902448952198029 0.8632184863090515 0.8703309297561646 0.03229585289955139 0.49137079715728765 0.005971506237983704 0.2500300109386444 -0.10647906363010406 0.9734863042831421 0.6622754895971065 0.3459574421675526 0.5619715936141779 0.35481358205045027 0.25562533736228943 -0.1128300204873085 0.934827446937561 -0.6647035388970957 0.3964625588823029 0.22613343309055717 0.5914816926935212 0.25374653935432434 -0.0971807911992073 0.9297260642051697 -0.70491393723821 0.3104472331735282 0.19972013018517792 0.6056654790202465 0.2536662518978119 -0.08117377012968063 0.9260159730911255 -0.6976671746570251 0.2550738205196019 0.2358881537959745 0.626541779813028 0.2542612850666046 -0.06899802386760712 0.9203987717628479 -0.7445383648442832 0.23124872946013858 0.2821277337473139 0.5590982155178162
0.23986198008060455 -0.09902448952198029 0.8632184863090515 0.8703309297561646 0.03229585289955139 0.49137079715728765 0.005971506237983704 0.2500300109386444 -0.10647906363010406 0.9734863042831421 0.7191905718241477 0.6420028311250443 0.15274508395075398 -0.21740841776043124 0.25562533736228943 -0.1128300204873085 0.934827446937561 -0.05177552998065949 0.440241813659668 -0.12044087052345277 0.8882570266723633 0.25374653935432434 -0.0971807911992073 0.9297260642051697 -0.070179283618927 0.36074280738830566 -0.07829588651657104 0.926719605922699 0.2536662518978119 -0.08117377012968063 0.9260159730911255 -0.05029326677322387 0.3471625447273254 -0.013566315174102781 0.9363571405410767 0.2542612850666046 -0.06899802386760712 0.9203987717628479 -0.13112588226795197 0.36301195621490473 0.03597688674926757 0.9218102097511292
0.23986198008060455 -0.09902448952198029 0.8632184863090515 0.8703309297561646 0.03229585289955139 0.49137079715728765 0.005971506237983704 0.25094667077064514 -0.11147195845842361 0.977648138999939 0.6978349846437962 0.2858410905773673 0.5819782458715812 0.304339594469578 0.25261253118515015 -0.1135152205824852 0.935658872127533 -0.6271138556406025 0.45126818153058673 0.2764597199610397 0.5715380450970632 0.25121235847473145 -0.09830014407634735 0.9314994215965271 -0.6748820286169346 0.3740217038323859 0.2579889975263052 0.58145043824593 0.25214409828186035 -0.08217276632785797 0.9279748201370239 -0.6670126061726639 0.3273201202419273 0.2932364271638514 0.6016378910012804 0.2530563175678253 -0.06991582363843918 0.9229394793510437 -0.7153819237575583 0.2987441024255005 0.3341416774838654 0.5360313863343928
0.23986198008060455 -0.09902448952198029 0.8632184863090515 0.8703309297561646 0.03229585289955139 0.49137079715728765 0.005971506237983704 0.25097739696502686 -0.11359444260597229 0.9793214201927185 -0.28171412614516894 -0.5912250871281161 0.2552478375469111 0.7112936049082675 0.25054171681404114 -0.11361990869045258 0.9365547299385071 0.5545960439849408 0.3053040494703221 -0.4830503703494503 0.6048759497309285 0.24873825907707214 -0.09862750768661499 0.9325322508811951 0.5616954256710834 0.2921754982692631 -0.41324279055260354 0.6544939298645102 0.25066810846328735 -0.08247662335634232 0.9289689064025879 0.5814023498419651 0.32238350426283685 -0.36924081175189605 0.6493854500620271 0.25193148851394653 -0.07029956579208374 0.9242004156112671 0.516195863224326 0.3639378988331895 -0.3398797605816841 0.6968305922350227
0.23853178322315216 -0.09901998937129974 0.8641854524612427 0.875974178314209 0.024002760648727417 0.4817526340484619 0.002729058265686035 0.2510204613208771 -0.11632245033979416 0.9809486269950867 0.6934608871590674 0.5795383905957956 0.2704669448357212 -0.3318056127271429 0.24750526249408722 -0.11368240416049957 0.9380736947059631 -0.029799640178680416 0.6188901662826538 -0.12772998213768005 0.7744494676589966 0.24500897526741028 -0.0989370346069336 0.9344033002853394 -0.06437045335769653 0.5708268880844116 -0.09086614847183228 0.813484251499176 0.2484048455953598 -0.08291512727737427 0.9304976463317871 -0.04973664879798889 0.5568311214447021 -0.0433201789855957 0.8280029296875 0.25056570768356323 -0.0707990825176239 0.9258281588554382 -0.12853814661502838 0.5598200559616089 0.0071894824504852295 0.8185522556304932
0.23803696036338806 -0.09931346029043198 0.864355206489563 0.8772664666175842 0.021805882453918457 0.47949525713920593 0.00351831316947937 0.25060731172561646 -0.11889822781085968 0.9823821783065796 0.7351935715886239 0.18125389597486777 0.6111610751566694 0.23047691468602763 0.24227574467658997 -0.11296377331018448 0.9409078359603882 -0.5042191860067445 0.5932912187581825 0.4064440819188981 0.4780918488526592 0.2395845353603363 -0.09857293963432312 0.9379564523696899 0.5642712111473784 -0.5422988464986479 -0.3981381941683432 -0.47853547562975296 0.245249941945076 -0.08318650722503662 0.9328759908676147 -0.5762193138988151 0.4926049778823102 0.4133879481795409 0.5044028519872006 0.2489502727985382 -0.07115025818347931 0.9280242919921875 0.6302837419778966 -0.45332729535929994 -0.44374305925780044 -0.44758134697178814
0.23760980367660522 -0.09979598224163055 0.8643453121185303 0.8785912990570068 0.019654601812362667 0.4771511554718017 0.004208192229270935 0.25021833181381226 -0.12171955406665802 0.9834871888160706 0.7436099616003411 0.1443540338880028 0.6185584780021136 0.20878595689699936 0.23597201704978943 -0.11187776923179626 0.9458944797515869 -0.40884259584738025 0.665477885833716 0.472019699704134 0.40888179241649536 0.233794704079628 -0.09773755818605423 0.9434777498245239 -0.48222677079294174 0.624282133643031 0.45715491716611467 0.4107779580575763 0.24088460206985474 -0.08371246606111526 0.9358652234077454 -0.507461163741051 0.5708891361768538 0.47112779863265863 0.44114335049025033 0.24663977324962616 -0.07191216200590134 0.9303557872772217 0.5745383427200177 -0.5236252909756929 -0.48880887176890453 -0.39596518066750336
0.23729556798934937 -0.10032810270786285 0.8642432689666748 0.8794587254524231 0.017277836799621582 0.47561648488044733 0.006542056798934936 0.24994122982025146 -0.12435384839773178 0.9842097759246826 -0.1907761404297378 -0.6240704759350115 0.11134021922649913 0.7494957756583055 0.23100535571575165 -0.11028041690587997 0.952180802822113 -0.3342544751006809 -0.5240869785871132 0.7210625931794445 -0.30606451332732093 0.22980791330337524 -0.09641671925783157 0.9497457146644592 -0.3425916064248936 -0.501364021511359 0.6881308053839573 -0.39716650689043753 0.23701679706573486 -0.08379929512739182 0.9398823976516724 -0.37344449038086885 -0.51887625833859 0.6360684366088297 -0.4321153901720955 0.24404683709144592 -0.07234825193881989 0.9333279132843018 0.33473985914430987 0.531408614790819 -0.5909777097916363 0.506260431623761
0.23696871101856232 -0.101191945374012 0.8640984296798706 0.8802322149276733 0.013209491968154907 0.47425323724746704 0.010035157203674316 0.24959343671798706 -0.1270487904548645 0.9844772219657898 0.6558914028622055 0.5023963570837947 0.3867210539737108 -0.4096964993136885 0.22792185842990875 -0.10807088017463684 0.9582550525665283 0.03883013129234314 0.9285858869552612 -0.1407543420791626 0.3411869704723358 0.22787031531333923 -0.09468229115009308 0.9552005529403687 -0.028387069702148434 0.8888003826141357 -0.14269106090068817 0.43458867073059076 0.2345874011516571 -0.08315429836511612 0.9442495703697205 -0.036228716373443604 0.8719329237937927 -0.09232620894908905 0.47947508096694946 0.2419576644897461 -0.071985624730587 0.9367612600326538 -0.11477425694465636 0.8570253849029541 -0.05824849009513854 0.4989401996135711
0.236693874001503 -0.10190644860267639 0.8638817667961121 0.8807007074356079 0.009771794080734253 0.47337794303894043 0.013571470975875854 0.24959343671798706 -0.1270487904548645 0.9844772219657898 0.7534844289306122 0.08179479003696975 0.6287009413448688 0.17408609170121334 0.22792185842990875 -0.10807088017463684 0.9582550525665283 -0.2137985713223032 0.756137727345817 0.5570810278145631 0.2687126696246628 0.22787031531333923 -0.09468229115009308 0.9552005529403687 -0.32737328558485274 0.7293745944452327 0.5275789608900742 0.2872279066160441 0.2345874011516571 -0.08315429836511612 0.9442495703697205 -0.36465765218304497 0.681834171583551 0.551265194725257 0.31342251014035283 0.2419576644897461 -0.071985624730587 0.9367612600326538 -0.43396165394453956 0.6471963636540398 0.56482055897374 0.2716463431621121
0.23663009703159332 -0.10212844610214233 0.863506555557251 0.8803733587265015 0.0069395601749420175 0.4739117324352265 0.017382949590682983 0.24942608177661896 -0.12931060791015625 0.9844393730163574 0.6482139310960939 0.48917769884035567 0.40458666751433864 -0.42051625290866307 0.2264784574508667 -0.10592478513717651 0.9630787968635559 0.054413020610809326 0.9558388590812683 -0.14083094894886017 0.2521468698978424 0.2272586077451706 -0.09312304109334946 0.9592173099517822 -0.02068537473678589 0.9180924892425537 -0.14984938502311707 0.3663654029369355 0.23334233462810516 -0.08230618387460709 0.9480835795402527 -0.03216087818145752 0.9083042144775391 -0.09914261102676393 0.40511721372604376 0.2404898852109909 -0.07134673744440079 0.9398069381713867 -0.10836556553840636 0.9009307622909546 -0.071245938539505 0.41413146257400507
0.23663009703159332 -0.10212844610214233 0.863506555557251 0.8803733587265015 0.0069395601749420175 0.4739117324352265 0.017382949590682983 0.24968594312667847 -0.13188862800598145 0.9834234714508057 0.6413969350005465 0.47879104692078067 0.42020147425635307 -0.42755084553794787 0.22615499794483185 -0.10353328287601471 0.9696155786514282 0.07522553205490112 0.9803661704063416 -0.13328289985656738 0.12433400005102156 0.22772641479969025 -0.09152532368898392 0.9641098976135254 -0.010500818490982056 0.9496784210205078 -0.15464971959590912 0.27218395471572876 0.23281525075435638 -0.08113493025302887 0.9533429145812988 -0.026185154914855957 0.9473029971122742 -0.10694309324026108 0.3008231818675995 0.23938360810279846 -0.07060015201568604 0.9442104697227478 -0.09652650356292726 0.9495213031768799 -0.08358020335435869 0.28654181957244873
0.2368534356355667 -0.102208212018013 0.8631346821784973 0.8802282810211182 0.005730181932449341 0.4740738868713379 0.02047772705554962 0.24985794723033905 -0.1323409378528595 0.9829443097114563 0.6401852853389195 0.4771679121691894 0.4232808617694005 -0.428143826913277 0.2264372557401657 -0.10290423780679703 0.9713296890258789 0.08005809783935548 0.9845356941223145 -0.1287061721086502 0.0878356844186783 0.22789674997329712 -0.09106704592704773 0.9650027751922607 -0.007600247859954834 0.956242024898529 -0.15380509197711945 0.24877198040485382 0.23304632306098938 -0.0805438905954361 0.9546216130256653 -0.025006771087646484 0.9543918967247009 -0.10903511196374893 0.2768070101737976 0.23934058845043182 -0.07022320479154587 0.9452980160713196 -0.09329956769943239 0.9592532515525818 -0.08530291169881822 0.25268933176994324
0.2378985732793808 -0.10251069068908691 0.8620098233222961 0.8797986507415771 0.005072742700576782 0.47471266984939575 0.02400946617126465 0.250102698802948 -0.13252876698970795 0.9825263023376465 0.6395371227497744 0.4760710835108478 0.4250840661519116 -0.42854685841826584 0.22680164873600006 -0.10242059826850891 0.9723500609397888 0.08284786343574524 0.9865751266479492 -0.1256021410226822 0.06348177045583725 0.2280038744211197 -0.0906263068318367 0.9655001759529114 -0.005256533622741699 0.9604626893997192 -0.15294350683689117 0.23257716000080106 0.2331576943397522 -0.08004364371299744 0.9551452398300171 -0.024164795875549316 0.9580240249633789 -0.11036366969347 0.26348790526390076 0.2393452674150467 -0.06994149088859558 0.9456976652145386 -0.09159183502197266 0.9640650749206543 -0.08559935539960861 0.23422703146934507
0.23840998113155365 -0.10243779420852661 0.8615273833274841 0.8795778751373291 0.005395084619522095 0.4750567078590393 0.025196731090545654 0.250102698802948 -0.13252876698970795 0.9825263023376465 0.7552493970468924 0.036053260227116864 0.6372128200219899 0.1491927102123089 0.22680164873600006 -0.10242059826850891 0.9723500609397888 0.013693895671182132 0.7864280878514295 0.6087998365540541 0.10347067641328282 0.2280038744211197 -0.0906263068318367 0.9655001759529114 -0.16817381755585087 0.7872970715740271 0.5710022899283934 0.16073995641549937 0.2331576943397522 -0.08004364371299744 0.9551452398300171 -0.20340117560233248 0.7554641838281204 0.5993863853543507 0.1692269935431532 0.2393452674150467 -0.06994149088859558 0.9456976652145386 -0.23038872993452517 0.7422248366497722 0.6211690673132512 0.10085831464381241
0.23878732323646545 -0.10228888690471649 0.8611161708831787 0.8796069622039795 0.0057295262813568115 0.47495514154434204 0.026008784770965576 0.2502306401729584 -0.13233263790607452 0.9822934865951538 0.6399488710882785 0.47419821712650356 0.426717124816056 -0.4283853993058123 0.22721821069717407 -0.10196889191865921 0.9727050065994263 0.08450183272361754 0.9874812364578247 -0.12305662035942076 0.050963163375854485 0.2281261831521988 -0.0901542529463768 0.9654209017753601 -0.0024681389331817627 0.9626961946487427 -0.15118004381656647 0.22439827024936673 0.23336079716682434 -0.07941759377717972 0.9554697275161743 -0.022401928901672363 0.9603736400604248 -0.11052816361188889 0.2548805773258209 0.23928168416023254 -0.06970490515232086 0.9454485774040222 -0.08999040722846986 0.9655380249023438 -0.08305924385786058 0.22965049743652347
0.23878732323646545 -0.10228888690471649 0.8611161708831787 0.8796069622039795 0.0057295262813568115 0.47495514154434204 0.026008784770965576 0.2498319000005722 -0.13185922801494598 0.982368528842926 0.638790608021312 0.47526153808250793 0.4278751512317494 -0.42778043943361077 0.2269161343574524 -0.10136464983224869 0.972812294960022 0.08328822255134583 0.9876667261123657 -0.12283922731876375 0.0498805083334446 0.22710303962230682 -0.08954129368066788 0.9644299745559692 -0.0015569329261779785 0.9610824584960938 -0.15055978298187256 0.23162421584129333 0.232558935880661 -0.07888707518577576 0.9551231861114502 -0.022972762584686283 0.9596801400184631 -0.10927818715572359 0.25796252489089966 0.2383832335472107 -0.0693899616599083 0.9447686672210693 -0.0916818380355835 0.9636321067810059 -0.08115153014659882 0.2375333160161972
0.23908594250679016 -0.10187074542045593 0.8608931303024292 0.8800337314605713 0.005051285028457642 0.47409838438034063 0.027307882905006412 0.24935591220855713 -0.13156695663928986 0.9822337031364441 0.638060427082251 0.47689922356635206 0.42813470650939034 -0.4267870449378749 0.22642509639263153 -0.10104910284280777 0.9725367426872253 0.08240368962287903 0.9875125885009766 -0.12391526997089385 0.05170869454741477 0.2263786494731903 -0.08926601707935333 0.9638991355895996 -0.0018280744552612305 0.9602559804916382 -0.15087196230888367 0.23482510447502136 0.23176708817481995 -0.07876327633857727 0.9545432925224304 -0.023677408695220947 0.9587619304656982 -0.10830351710319519 0.2616972029209137 0.23763947188854218 -0.06931760162115097 0.9441483616828918 -0.0929892361164093 0.9624065160751343 -0.08056070655584335 0.2421508729457855
0.23909953236579895 -0.10144727677106857 0.8608883619308472 0.879403829574585 0.006744891405105591 0.4751957058906555 0.028151705861091614 0.24913854897022247 -0.13147853314876556 0.9821467995643616 0.635957001690018 0.48022325561200124 0.4278337880622493 -0.4265010275785211 0.22610986232757568 -0.10106880217790604 0.9723127484321594 0.08039841055870056 0.9874907732009888 -0.1244775652885437 0.053884416818618774 0.22587047517299652 -0.08939258009195328 0.9635218381881714 -0.003429442644119263 0.9596177339553833 -0.14991569519042972 0.2380073964595795 0.2312828004360199 -0.07897739112377167 0.9540839791297913 -0.02572643756866455 0.9577284455299377 -0.10642946511507034 0.2660213112831116 0.23718775808811188 -0.06949609518051147 0.9439189434051514 -0.09513682126998901 0.9619184136390686 -0.07882992923259735 0.24381916224956512
0.238973468542099 -0.10142523050308228 0.8606463074684143 0.8785941004753113 0.008240342140197754 0.4766097962856293 0.02911660075187683 0.24877382814884186 -0.1314888447523117 0.9822161197662354 0.6338528532684972 0.4834815926382841 0.42773839046033085 -0.4260472870385068 0.22568821907043457 -0.10120714455842972 0.9721685647964478 0.07836669683456421 0.9873386025428772 -0.1251472532749176 0.05796029418706894 0.22545357048511505 -0.08954276889562607 0.9633836150169373 -0.005457937717437745 0.9587148427963257 -0.15021376311779022 0.24139611423015597 0.230698361992836 -0.07914844900369644 0.9536401033401489 -0.027666240930557254 0.9559260606765747 -0.10657041519880296 0.27218160033226013 0.2366875559091568 -0.06965287029743195 0.94371497631073 -0.09727612137794493 0.9607404470443726 -0.07915005832910536 0.24748834967613217
0.23907820880413055 -0.10157749056816101 0.860470712184906 0.877663254737854 0.010536611080169678 0.47829496860504156 0.02881304919719696 0.24821731448173523 -0.1314164251089096 0.9824768304824829 0.4237716622943486 -0.42790804536994975 0.48571563350867825 0.6335554228191966 0.2252884805202484 -0.10131862759590149 0.9718105792999268 -0.06877429783344269 0.12732484936714172 0.9864110946655273 0.07779201865196228 0.22516295313835144 -0.08964354544878006 0.9631555676460266 -0.24922798573970795 0.151834174990654 0.9564498662948608 -0.005949825048446655 0.23018191754817963 -0.07933507859706879 0.9531642198562622 -0.27966687083244324 0.10732507705688475 0.9536833167076111 -0.027494013309478756 0.23631000518798828 -0.0698697566986084 0.9433860778808594 -0.2547098398208618 0.08010172098875047 0.9587400555610657 -0.09759229421615602
0.23911459743976593 -0.10182845592498779 0.8604493737220764 0.876631498336792 0.012668222188949585 0.48014628887176514 0.02857281267642975 0.2478904277086258 -0.13127435743808746 0.9824486374855042 0.4209910331625329 -0.42648842954197785 0.489467893740015 0.6334788353144797 0.2249850630760193 -0.10159219056367874 0.9709494113922119 -0.0836687684059143 0.12907788157463074 0.9852155447006226 0.0754232406616211 0.2248748391866684 -0.08981682360172272 0.9626590609550476 -0.25720730423927307 0.15252315998077393 0.9542160034179688 -0.00727805495262146 0.22962579131126404 -0.07968337088823318 0.952251672744751 -0.29015177488327026 0.10610956698656082 0.9506538510322571 -0.028458893299102783 0.23600083589553833 -0.0701475590467453 0.942819356918335 -0.2639658451080322 0.07966011762619019 0.9561021327972412 -0.09922191500663757
0.23915044963359833 -0.1022082269191742 0.8605768084526062 0.8756246566772461 0.013044625520706175 0.48186886310577387 0.03022612631320953 0.2478904277086258 -0.13127435743808746 0.9824486374855042 -0.15025158424819085 -0.647678898311715 0.04453320420551181 0.7456227861867679 0.2249850630760193 -0.10159219056367874 0.9709494113922119 -0.11249503844424598 -0.6053807472255928 0.7879244379508239 -0.005830468582451547 0.2248748391866684 -0.08981682360172272 0.9626590609550476 -0.17672666698745446 -0.5668824460231656 0.7825827674439774 -0.1870193910091484 0.22962579131126404 -0.07968337088823318 0.952251672744751 -0.18504481115641302 -0.5971829902610497 0.7472445789909803 -0.22529176403013298 0.23600083589553833 -0.0701475590467453 0.942819356918335 -0.11649155013401875 -0.6197380922442531 0.7323945109714474 -0.2568125280210361
0.23937256634235382 -0.10251426696777344 0.8604844212532043 0.8744327425956726 0.014362752437591553 0.48396071791648865 0.030708998441696167 0.2478904277086258 -0.13127435743808746 0.9824486374855042 -0.15025158424819085 -0.647678898311715 0.04453320420551181 0.7456227861867679 0.2249850630760193 -0.10159219056367874 0.9709494113922119 -0.11249503844424598 -0.6053807472255928 0.7879244379508239 -0.005830468582451547 0.2248748391866684 -0.08981682360172272 0.9626590609550476 -0.17672666698745446 -0.5668824460231656 0.7825827674439774 -0.1870193910091484 0.22962579131126404 -0.07968337088823318 0.952251672744751 -0.18504481115641302 -0.5971829902610497 0.7472445789909803 -0.22529176403013298 0.23600083589553833 -0.0701475590467453 0.942819356918335 -0.11649155013401875 -0.6197380922442531 0.7323945109714474 -0.2568125280210361
0.23937256634235382 -0.10251426696777344 0.8604844212532043 0.8744327425956726 0.014362752437591553 0.48396071791648865 0.030708998441696167 0.2478904277086258 -0.13127435743808746 0.9824486374855042 -0.15025158424819085 -0.647678898311715 0.04453320420551181 0.7456227861867679 0.2249850630760193 -0.10159219056367874 0.9709494113922119 -0.11249503844424598 -0.6053807472255928 0.7879244379508239 -0.005830468582451547 0.2248748391866684 -0.08981682360172272 0.9626590609550476 -0.17672666698745446 -0.5668824460231656 0.7825827674439774 -0.1870193910091484 0.22962579131126404 -0.07968337088823318 0.952251672744751 -0.18504481115641302 -0.5971829902610497 0.7472445789909803 -0.22529176403013298 0.23600083589553833 -0.0701475590467453 0.942819356918335 -0.11649155013401875 -0.6197380922442531 0.7323945109714474 -0.2568125280210361
0.23937256634235382 -0.10251426696777344 0.8604844212532043 0.8744327425956726 0.014362752437591553 0.48396071791648865 0.030708998441696167 0.2478904277086258 -0.13127435743808746 0.9824486374855042 0.7456227861867679 0.04453320420551181 0.647678898311715 0.15025158424819085 0.2249850630760193 -0.10159219056367874 0.9709494113922119 -0.005830468582451547 0.7879244379508239 0.6053807472255928 0.11249503844424598 0.2248748391866684 -0.08981682360172272 0.9626590609550476 -0.1870193910091484 0.7825827674439774 0.5668824460231656 0.17672666698745446 0.22962579131126404 -0.07968337088823318 0.952251672744751 -0.22529176403013298 0.7472445789909803 0.5971829902610497 0.18504481115641302 0.23600083589553833 -0.0701475590467453 0.942819356918335 -0.2568125280210361 0.7323945109714474 0.6197380922442531 0.11649155013401875
0.23937256634235382 -0.10251426696777344 0.8604844212532043 0.8744327425956726 0.014362752437591553 0.48396071791648865 0.030708998441696167 0.24791544675827026 -0.13218359649181366 0.9813575148582458 0.6332018987047641 0.49853743712398396 0.42095232888430717 -0.4163112127934307 0.22495894134044647 -0.1034112498164177 0.9690755605697632 0.07079762220382692 0.9838225245475769 -0.1281929314136505 0.10318784415721895 0.22456854581832886 -0.09157736599445343 0.960271954536438 -0.010030150413513184 0.9477615356445312 -0.14975526928901672 0.2814619839191437 0.2286740243434906 -0.08172551542520523 0.9489715099334717 -0.030522942543029785 0.9421027898788452 -0.0996008887887001 0.31873276829719543 0.23557284474372864 -0.07201524078845978 0.9405035376548767 -0.1036083400249481 0.9478951692581177 -0.07437383383512496 0.2919394969940185
0.23937256634235382 -0.10251426696777344 0.8604844212532043 0.8744327425956726 0.014362752437591553 0.48396071791648865 0.030708998441696167 0.2481643259525299 -0.1324654221534729 0.9811510443687439 0.6334132187234921 0.498419479645624 0.42094827124092143 -0.4161351358404577 0.22520549595355988 -0.1037118062376976 0.9688113927841187 0.07105275988578796 0.9837373495101929 -0.12787532806396484 0.10421198606491089 0.22481638193130493 -0.09185456484556198 0.9600664973258972 -0.009550750255584717 0.9477207660675049 -0.14943023025989532 0.28178852796554565 0.22887258231639862 -0.0820850133895874 0.9486376047134399 -0.03007394075393677 0.9416688680648804 -0.09833681583404542 0.32044526934623724 0.23579083383083344 -0.07231942564249039 0.9402239322662354 -0.10330891609191895 0.9474682807922363 -0.07390396296977997 0.2935461401939392
0.24015352129936218 -0.10369899868965149 0.8595758676528931 0.8726009130477905 0.01640203595161438 0.48736137151718134 0.027885392308235165 0.24829311668872833 -0.13271212577819824 0.9810318350791931 0.742341113515669 0.05466378902011332 0.6500345636265686 0.15295957476325206 0.22530214488506317 -0.1040400043129921 0.9683977961540222 -0.026877245492927547 0.7855035756559188 0.6052004746177996 0.1264681833285931 0.22493791580200195 -0.09212280064821243 0.9599430561065674 -0.2063109729501003 0.7753177676521849 0.5649754486420174 0.19266774305918435 0.22893252968788147 -0.08235564082860947 0.9483858346939087 -0.24905721286709204 0.7345228109174141 0.5965289501975014 0.20639739506297192 0.23585458099842072 -0.07260136306285858 0.9399974942207336 -0.28255858371006765 0.7210357034900946 0.6178851271228959 0.13596383668796116
0.24042265117168427 -0.10390092432498932 0.859402060508728 0.8725990056991577 0.015922099351882935 0.48739254474639887 0.027674257755279538 0.24844922125339508 -0.1328602135181427 0.980905294418335 0.6328872366712048 0.4980451441137659 0.4211522984901373 -0.41717607146628566 0.22542834281921387 -0.10423633456230164 0.9680171012878418 0.07002389430999756 0.9830294847488403 -0.1272168606519699 0.11209703236818315 0.2250175029039383 -0.09225670248270035 0.9597233533859253 -0.009359896183013916 0.9475168585777283 -0.1481592357158661 0.28314855694770813 0.22900164127349854 -0.08249857276678085 0.9481262564659119 -0.030001312494277954 0.9407196044921875 -0.09691322594881058 0.3236579895019531 0.23592263460159302 -0.07275734841823578 0.9397590160369873 -0.10373017191886903 0.946115255355835 -0.0721595361828804 0.29815933108329773
0.2405424863100052 -0.10403478145599365 0.8593148589134216 0.872702956199646 0.015924155712127686 0.48724544048309326 0.026977717876434326 0.24841058254241943 -0.1327827274799347 0.9807989597320557 0.6325249140204035 0.4980750629326055 0.4215143280085521 -0.41732376389558273 0.22539333999156952 -0.10424742847681046 0.9675264358520508 0.06930139660835266 0.982418417930603 -0.12716087698936462 0.11782028526067732 0.22487758100032806 -0.09217037260532379 0.9594303369522095 -0.00901302695274353 0.9470059871673584 -0.1476534605026245 0.285126268863678 0.22890704870224 -0.08242332190275192 0.9478957056999207 -0.029906839132308963 0.9401993751525879 -0.09629427641630174 0.32535836100578314 0.2358376532793045 -0.07267839461565018 0.9395791292190552 -0.10379344224929808 0.9456121325492859 -0.0716221034526825 0.2998582422733307
0.24066700041294098 -0.10405655950307846 0.8592208623886108 0.8727817535400391 0.015706747770309448 0.48713809251785284 0.026492178440093998 0.24823418259620667 -0.13261651992797852 0.9806808233261108 0.6325776789589386 0.49828510251392016 0.4214361664544337 -0.41707215210682375 0.22526825964450836 -0.10427305102348328 0.9667245745658875 0.0678873360157013 0.9809802770614624 -0.12780919671058655 0.12935972213745117 0.22459891438484192 -0.09202360361814499 0.9591055512428284 -0.008628517389297485 0.9464613199234009 -0.14744195342063904 0.2870493531227112 0.22870860993862152 -0.08231385052204132 0.9477243423461914 -0.029830753803253174 0.9399729371070862 -0.09564202278852463 0.3262110650539398 0.2356523722410202 -0.07252464443445206 0.9394528269767761 -0.1037496030330658 0.9454518556594849 -0.0714845284819603 0.3004108965396881
0.24069611728191376 -0.10387815535068512 0.8591340184211731 0.8726345300674438 0.01559397578239441 0.48742738366127014 0.026083320379257202 0.2479800581932068 -0.1323218196630478 0.9805282354354858 0.7419770246287715 0.05618495654479506 0.6500463624500225 0.1541207021610243 0.22508691251277924 -0.10426709800958633 0.9660691022872925 -0.04995934640155526 0.7835368983372791 0.6022049505801605 0.14464928010498002 0.22430361807346344 -0.09188245981931686 0.9588263630867004 -0.20986936814960236 0.7730741223185559 0.5648216126449527 0.19821159199833757 0.2284906655550003 -0.08222190290689468 0.9476038217544556 -0.2519418274728747 0.7316829720698182 0.5975752720535648 0.20992681430412272 0.235438272356987 -0.07237964868545532 0.9393333196640015 -0.28598857853558124 0.7189209326824999 0.6179980912136173 0.13943378672586307
0.24056442081928253 -0.10369887202978134 0.8590283989906311 0.872535228729248 0.015509366989135744 0.4876134395599366 0.025977194309234623 0.2478068321943283 -0.1321335881948471 0.9804007411003113 0.41494327927838337 -0.4183723941088776 0.5007321255925559 0.6340772487531391 0.22491750121116638 -0.10434862971305847 0.965554416179657 -0.14441710710525513 0.12800556421279907 0.9790128469467163 0.06551417708396912 0.22400562465190887 -0.0918470025062561 0.9586105346679688 -0.2901427745819092 0.14645272493362427 0.9456726312637329 -0.008480459451675415 0.22825835645198822 -0.0822267234325409 0.9475646018981934 -0.3269318640232086 0.09327345341444016 0.9399489164352417 -0.030192822217941284 0.23519590497016907 -0.07230617105960846 0.9392924904823303 -0.30129173398017883 0.07061456888914108 0.945196270942688 -0.10412004590034485
