0.2962108254432678 0.04650914669036865 0.7343754768371582 -0.3560298857654238 -0.18499649487579933 -0.39276980319506355 0.8274967856503642 0.34243476390838623 -0.05743587017059326 0.7729829549789429 -0.10795073531236096 -0.5514748259962555 0.8134669420352255 0.1499790295719522 0.3553464412689209 -0.06640129536390305 0.8105177879333496 0.3346821183284173 0.09435951284876803 0.819588931406184 0.4553659712814291 0.3587788939476013 -0.06278874725103378 0.771685779094696 0.6109922698493376 -0.036318611818685946 0.6395889854805643 0.46507602935626585 0.36270672082901 -0.047452688217163086 0.752118706703186 0.6599359512329102 -0.10629227757453918 0.5740776658058167 0.4728861153125763 0.3641238212585449 -0.03099999576807022 0.744384765625 0.6516913175582886 -0.08416089415550232 0.5434049963951111 0.5224238038063049
0.2960096001625061 0.04641374200582504 0.7347739934921265 -0.3558625614054871 -0.18423752668811877 -0.3922591546206959 0.8279801525291826 0.3423614203929901 -0.05752474069595337 0.7731858491897583 -0.10698976963311736 -0.5518081879656742 0.8133288198790029 0.15019064043440977 0.3553638458251953 -0.06651818007230759 0.8106257915496826 0.3355640553079987 0.0944425049118775 0.8195279504352807 0.45480918075818766 0.3585518002510071 -0.06282876431941986 0.7720237970352173 0.6117776892394443 -0.036031847274107465 0.6392342149725828 0.4645530635531184 0.36258649826049805 -0.047495536506175995 0.7522987127304077 0.6606969833374023 -0.10594698786735536 0.5736491084098816 0.4724209904670716 0.3639815151691437 -0.031037770211696625 0.7445807456970215 0.6524438858032227 -0.08376163244247437 0.5430130958557129 0.5219558477401733
0.2962280511856079 0.04642924666404724 0.7344666719436646 -0.3565164397280399 -0.18357140753894627 -0.3921562313175932 0.8278955474653749 0.34256452322006226 -0.0575198233127594 0.772850513458252 -0.10653345706535973 -0.551382921006158 0.8135529436045865 0.15086129902066756 0.355625718832016 -0.06651182472705841 0.8102396726608276 0.33612248447963095 0.09498674561033191 0.8190793229162218 0.45509154857642314 0.3586638867855072 -0.06282880902290344 0.7717475295066833 0.6121433481082987 -0.035623167057644796 0.6385967001368124 0.464979463332612 0.3627609610557556 -0.04752112179994583 0.7519199848175049 0.6609843373298645 -0.10556823015213011 0.5729916095733643 0.47290134429931635 0.36416080594062805 -0.031069576740264893 0.7441933751106262 0.6526963710784912 -0.08334943652153015 0.5423400402069092 0.522405743598938
0.29619866609573364 0.04628497734665871 0.7346774339675903 -0.35684847688410903 -0.18267115912689508 -0.39173412457021006 0.8281514582295362 0.3426147699356079 -0.05766153708100319 0.7729212641716003 -0.10560901632199815 -0.5513026802634454 0.8136263955440259 0.1514073634558723 0.35575932264328003 -0.06666597723960876 0.8102470636367798 0.3370366019679539 0.09542262632820134 0.8187578123302908 0.4549029082430974 0.35861751437187195 -0.06295320391654968 0.7718673944473267 0.6128734417480097 -0.035141296455202406 0.6379678130517836 0.4649177850958947 0.36275315284729004 -0.04764926806092262 0.7519452571868896 0.6616494655609131 -0.10506850481033325 0.5723044872283936 0.4729146659374237 0.3641396164894104 -0.03119732066988945 0.7442238330841064 0.6533316373825073 -0.08279430866241455 0.5416672229766846 0.5223979949951172
0.29613086581230164 0.0462275892496109 0.7346506714820862 -0.357236329396684 -0.18220538057463012 -0.39164540285367067 0.8281287560994702 0.34254491329193115 -0.057728201150894165 0.7728635668754578 -0.10526908840117542 -0.5510660360720561 0.8137497378532902 0.15184202654674725 0.35573431849479675 -0.06673306226730347 0.8101492524147034 0.33744134575372364 0.0957550370182755 0.8184731953514207 0.4550449023710176 0.3584553003311157 -0.06301793456077576 0.7718885540962219 0.6131518913456062 -0.03488022333784901 0.6375468521931174 0.4651475279126256 0.3626657724380493 -0.04773198068141937 0.7518630027770996 0.6618773937225342 -0.10482200980186462 0.5718659162521362 0.47318053245544434 0.3640516698360443 -0.031281739473342896 0.7441352009773254 0.6535381078720093 -0.08252343535423279 0.5412212014198303 0.5226446986198425
0.29616621136665344 0.04616110026836395 0.7341890335083008 -0.35680596315953705 -0.18248847745258942 -0.39175270116361094 0.8282012143023915 0.342570960521698 -0.05778885632753372 0.7723891735076904 -0.10550755368649824 -0.5513803418385446 0.8135622657843912 0.15153983388001227 0.355756551027298 -0.06680990755558014 0.8096737861633301 0.3372119783099441 0.09536227917453444 0.8186995696750388 0.4548902670713001 0.3584052324295044 -0.06306078284978867 0.7715290188789368 0.6130182677267597 -0.035191863397483564 0.6378545829579383 0.4648781070874436 0.36271199584007263 -0.04778135567903519 0.7514135241508484 0.6617826819419861 -0.10511213541030885 0.5721750855445862 0.47287493944168096 0.364099383354187 -0.03132912516593933 0.7436971664428711 0.6534681916236877 -0.08282685279846191 0.5415391325950623 0.5223546624183655
0.29623550176620483 0.04624674469232559 0.7339716553688049 -0.3570034019172353 -0.18251455365589428 -0.39171741343950517 0.8281270698755564 0.34264156222343445 -0.05769878625869751 0.7722082138061523 -0.10550893429561772 -0.5512010835098176 0.8136779388875507 0.15156983735045182 0.35585644841194153 -0.06671928614377975 0.8094850778579712 0.33716540550738666 0.09554737529180818 0.8186493157374709 0.45497633687225686 0.3583892583847046 -0.06296435743570328 0.7714526057243347 0.612956356907722 -0.03505087307270023 0.6378158183683303 0.46502372081192156 0.3627770245075226 -0.04769723862409592 0.7512235641479492 0.6617136001586914 -0.10498559474945068 0.5721480250358582 0.4730326533317566 0.3641655445098877 -0.031247563660144806 0.7435004711151123 0.6533877849578857 -0.0827036201953888 0.5415066480636597 0.5225086212158203
0.29638391733169556 0.04637911543250084 0.7338466644287109 -0.3575629393337871 -0.1823294216403535 -0.39170859637701777 0.827930656435563 0.34276291728019714 -0.05756738409399986 0.7721385955810547 -0.10543355754936964 -0.5507481311932577 0.8139325064420101 0.15190181725695828 0.3560182750225067 -0.0665753185749054 0.8093838095664978 0.3372558823091792 0.09600046118417946 0.8183821496772589 0.45529455300806154 0.358412504196167 -0.06283605098724365 0.7714851498603821 0.6129497352814116 -0.03474361753785621 0.6375129681570731 0.46547081224018416 0.3628917932510376 -0.04759642109274864 0.7511322498321533 0.6616641879081726 -0.10471755266189575 0.5718590617179871 0.4735102951526642 0.3642847537994385 -0.031152229756116867 0.7433918118476868 0.6533104181289673 -0.08243098855018616 0.5411984920501709 0.5229675769805908
0.29649293422698975 0.04653511941432953 0.733923077583313 -0.35795291087863784 -0.18210780051207812 -0.3916869063529428 0.8278211532703973 0.34285229444503784 -0.057410068809986115 0.7722334861755371 -0.10530881034896614 -0.5504531756337767 0.8140936958273866 0.15219353009694106 0.3561594486236572 -0.0664185881614685 0.8094319105148315 0.33741072489484075 0.09631732402925433 0.8181661674575121 0.4555010096173339 0.35839635133743286 -0.06267683207988739 0.7716875672340393 0.6130200343717216 -0.03452221072343461 0.6372424608828363 0.4657648302138409 0.36297178268432617 -0.04746253788471222 0.7512062788009644 0.6616988182067871 -0.10452046990394592 0.571590781211853 0.47382912039756775 0.3643700182437897 -0.031023718416690826 0.74345862865448 0.6533252000808716 -0.08222499489784241 0.5409181118011475 0.5232715606689453
0.296377569437027 0.04664492607116699 0.7339698672294617 -0.35848538919065676 -0.18239317249979456 -0.39171783861110016 0.8275131848353608 0.3427072763442993 -0.05728227645158768 0.7724243402481079 -0.10556369278463819 -0.5499174984885594 0.8144238609643821 0.1521869707751554 0.3560568690299988 -0.06627652049064636 0.8095941543579102 0.3370472640505712 0.09676421229009408 0.8180704222170252 0.455847234485022 0.3581470549106598 -0.06254944205284119 0.7720133066177368 0.6126483367368957 -0.03423404519569712 0.6372574891753999 0.4662540914019629 0.36282840371131897 -0.047364264726638794 0.751384437084198 0.661318302154541 -0.10428303480148315 0.5716552734375 0.47433462738990784 0.3642335534095764 -0.030932947993278503 0.7436147332191467 0.6529182195663452 -0.08201128244400024 0.5409601330757141 0.5237693190574646
0.2962966561317444 0.046693019568920135 0.7339821457862854 -0.35906797435659743 -0.18261514496365822 -0.3918149448169549 0.8271656085171972 0.3425773084163666 -0.057221539318561554 0.7725780606269836 -0.10578557021241808 -0.5493605062627018 0.814760161550285 0.15224474786173905 0.3559713363647461 -0.0662003681063652 0.8096992373466492 0.33671866074216666 0.09721074717119263 0.8179120596394244 0.4562790365185118 0.35790419578552246 -0.06249315291643143 0.7723069787025452 0.6122906652165221 -0.033977335503134753 0.6371998896529284 0.4668213624067127 0.36270520091056824 -0.047343604266643524 0.7515290379524231 0.660941481590271 -0.10408291220664978 0.5716457962989807 0.47491493821144104 0.3641199767589569 -0.030920907855033875 0.743735134601593 0.6525150537490845 -0.08183246850967407 0.5409231185913086 0.524337649345398
0.2962966561317444 0.046693019568920135 0.7339821457862854 -0.35906797435659743 -0.18261514496365822 -0.3918149448169549 0.8271656085171972 0.3425773084163666 -0.057221539318561554 0.7725780606269836 -0.10578557021241808 -0.5493605062627018 0.814760161550285 0.15224474786173905 0.3559713363647461 -0.0662003681063652 0.8096992373466492 0.33671866074216666 0.09721074717119263 0.8179120596394244 0.4562790365185118 0.35790419578552246 -0.06249315291643143 0.7723069787025452 0.6122906652165221 -0.033977335503134753 0.6371998896529284 0.4668213624067127 0.36270520091056824 -0.047343604266643524 0.7515290379524231 0.660941481590271 -0.10408291220664978 0.5716457962989807 0.47491493821144104 0.3641199767589569 -0.030920907855033875 0.743735134601593 0.6525150537490845 -0.08183246850967407 0.5409231185913086 0.524337649345398
0.2962966561317444 0.046693019568920135 0.7339821457862854 -0.35906797435659743 -0.18261514496365822 -0.3918149448169549 0.8271656085171972 0.3425773084163666 -0.057221539318561554 0.7725780606269836 -0.10578557021241808 -0.5493605062627018 0.814760161550285 0.15224474786173905 0.3559713363647461 -0.0662003681063652 0.8096992373466492 0.33671866074216666 0.09721074717119263 0.8179120596394244 0.4562790365185118 0.35790419578552246 -0.06249315291643143 0.7723069787025452 0.6122906652165221 -0.033977335503134753 0.6371998896529284 0.4668213624067127 0.36270520091056824 -0.047343604266643524 0.7515290379524231 0.660941481590271 -0.10408291220664978 0.5716457962989807 0.47491493821144104 0.3641199767589569 -0.030920907855033875 0.743735134601593 0.6525150537490845 -0.08183246850967407 0.5409231185913086 0.524337649345398
0.2962966561317444 0.046693019568920135 0.7339821457862854 -0.35906797435659743 -0.18261514496365822 -0.3918149448169549 0.8271656085171972 0.3425773084163666 -0.057221539318561554 0.7725780606269836 -0.10578557021241808 -0.5493605062627018 0.814760161550285 0.15224474786173905 0.3559713363647461 -0.0662003681063652 0.8096992373466492 0.33671866074216666 0.09721074717119263 0.8179120596394244 0.4562790365185118 0.35790419578552246 -0.06249315291643143 0.7723069787025452 0.6122906652165221 -0.033977335503134753 0.6371998896529284 0.4668213624067127 0.36270520091056824 -0.047343604266643524 0.7515290379524231 0.660941481590271 -0.10408291220664978 0.5716457962989807 0.47491493821144104 0.3641199767589569 -0.030920907855033875 0.743735134601593 0.6525150537490845 -0.08183246850967407 0.5409231185913086 0.524337649345398
0.2962966561317444 0.046693019568920135 0.7339821457862854 -0.35906797435659743 -0.18261514496365822 -0.3918149448169549 0.8271656085171972 0.3425773084163666 -0.057221539318561554 0.7725780606269836 -0.10578557021241808 -0.5493605062627018 0.814760161550285 0.15224474786173905 0.3559713363647461 -0.0662003681063652 0.8096992373466492 0.33671866074216666 0.09721074717119263 0.8179120596394244 0.4562790365185118 0.35790419578552246 -0.06249315291643143 0.7723069787025452 0.6122906652165221 -0.033977335503134753 0.6371998896529284 0.4668213624067127 0.36270520091056824 -0.047343604266643524 0.7515290379524231 0.660941481590271 -0.10408291220664978 0.5716457962989807 0.47491493821144104 0.3641199767589569 -0.030920907855033875 0.743735134601593 0.6525150537490845 -0.08183246850967407 0.5409231185913086 0.524337649345398
0.2961549162864685 0.04630028083920479 0.7340256571769714 -0.3600278585827944 -0.18275385057139046 -0.3914926446988107 0.8268703017673064 0.3425993323326111 -0.05716022476553917 0.7726197838783264 -0.09865042455514521 -0.5497766074851441 0.8162325713103638 0.1475742442581856 0.3562323749065399 -0.06653104722499847 0.8095235228538513 0.33651808593893945 0.09819538596633136 0.8177158408710355 0.4565678247047285 0.35723522305488586 -0.0627610981464386 0.7731663584709167 0.6120243221624917 -0.03316531958073257 0.6370478615790417 0.4674364177042189 0.36256301403045654 -0.04770684614777565 0.7517015337944031 0.6606472730636597 -0.10333335399627686 0.5715494155883789 0.47560346126556396 0.36385074257850647 -0.03116869553923607 0.7438282370567322 0.6541206240653992 -0.08300507068634033 0.5384353399276733 0.5247130393981934
0.2961246967315674 0.04631827026605606 0.7338613271713257 -0.36017028016440716 -0.18285361218822957 -0.3915111206880922 0.8267774970712568 0.3425573706626892 -0.057137005031108856 0.7724989652633667 -0.09874202274167407 -0.5496275637830113 0.8163241138655394 0.14756216790442273 0.3562478721141815 -0.0665077343583107 0.8093416690826416 0.3363957596230963 0.09831117903989926 0.817695366725271 0.4566697354837168 0.3570955693721771 -0.06273142993450165 0.7731722593307495 0.6119033855854265 -0.033095307519092454 0.6370654484934646 0.4675754747045377 0.36252936720848083 -0.047695502638816833 0.7515819072723389 0.660525381565094 -0.1032780408859253 0.5715821385383606 0.4757454991340638 0.36382782459259033 -0.03114030510187149 0.7436836957931519 0.6542931795120239 -0.08297362923622131 0.538317084312439 0.5246244668960571
0.29584193229675293 0.04637705162167549 0.7340821027755737 -0.3601488947240012 -0.18265579054448536 -0.3913485601451086 0.8269074746141246 0.3423081636428833 -0.05706627294421196 0.7726689577102661 -0.09846682396136781 -0.5496956690421774 0.8163032861900149 0.14760749110498833 0.35606640577316284 -0.06644605100154877 0.8094438910484314 0.3366294349803058 0.09836755496287881 0.8176803705783553 0.45651215357126224 0.3567507863044739 -0.06264404952526093 0.7734457850456238 0.6121109733504729 -0.03298357776553292 0.6369715274724335 0.4674395644321051 0.3622697591781616 -0.04762009158730507 0.7517438530921936 0.6607266664505005 -0.1031513512134552 0.571469783782959 0.475628525018692 0.36361590027809143 -0.031029272824525833 0.7438030242919922 0.6549731492996216 -0.0823957622051239 0.5383472442626953 0.5238354206085205
0.29584193229675293 0.04637705162167549 0.7340821027755737 -0.3601488947240012 -0.18265579054448536 -0.3913485601451086 0.8269074746141246 0.3423081636428833 -0.05706627294421196 0.7726689577102661 -0.09846682396136781 -0.5496956690421774 0.8163032861900149 0.14760749110498833 0.35606640577316284 -0.06644605100154877 0.8094438910484314 0.3366294349803058 0.09836755496287881 0.8176803705783553 0.45651215357126224 0.3567507863044739 -0.06264404952526093 0.7734457850456238 0.6121109733504729 -0.03298357776553292 0.6369715274724335 0.4674395644321051 0.3622697591781616 -0.04762009158730507 0.7517438530921936 0.6607266664505005 -0.1031513512134552 0.571469783782959 0.475628525018692 0.36361590027809143 -0.031029272824525833 0.7438030242919922 0.6549731492996216 -0.0823957622051239 0.5383472442626953 0.5238354206085205
0.29556453227996826 0.04644288122653961 0.7342506647109985 -0.3598094931514134 -0.1824626201259424 -0.39140028053849996 0.8270733328400858 0.34203946590423584 -0.05703074485063553 0.7727493047714233 -0.09836454016277188 -0.5500384192711387 0.8160753808659467 0.14765866580300382 0.35588955879211426 -0.06646931171417236 0.8094372749328613 0.33638762940137334 0.09815345562281153 0.8179711222005015 0.45621540481175155 0.35631340742111206 -0.06257782131433487 0.7737277150154114 0.6123345365719775 -0.03322758877474283 0.6369407334639275 0.46717095807327225 0.3619963526725769 -0.047557197511196136 0.7518327236175537 0.6609523296356201 -0.10336649417877197 0.5714071989059448 0.47534307837486267 0.36345165967941284 -0.030892789363861084 0.743807852268219 0.6561936140060425 -0.08171236515045166 0.5385621786117554 0.5221912860870361
0.295665442943573 0.046369440853595734 0.7341775894165039 -0.35919480529754183 -0.1824448505619685 -0.39136468289717147 0.8273612487961495 0.34217727184295654 -0.05711034685373306 0.7725711464881897 -0.0982687646380836 -0.5505863562988533 0.8157590427840384 0.14742833737074068 0.35605767369270325 -0.06658720225095749 0.8092509508132935 0.336100613176743 0.09781696917146203 0.8183985695564321 0.45573245246549926 0.35638049244880676 -0.06263052672147751 0.7736427783966064 0.6125267533339157 -0.0335409396980699 0.6371342115040696 0.4666327985704706 0.36213934421539307 -0.0476028248667717 0.7516735792160034 0.6611772775650024 -0.10362890362739563 0.571567714214325 0.4747799038887024 0.36358922719955444 -0.030932895839214325 0.7436705231666565 0.656447172164917 -0.08196333050727844 0.5387468338012695 0.5216426849365234
0.2958085536956787 0.04630853235721588 0.7342320680618286 -0.3586148109376458 -0.18197341698526165 -0.3912181351770557 0.8277858893774387 0.34238648414611816 -0.05719872564077377 0.7724354863166809 -0.09778972568514763 -0.5512096027091465 0.8153854705599368 0.1474846393717596 0.3563089072704315 -0.0667116567492485 0.8091191053390503 0.33632338276034696 0.09757667965953182 0.8186251336014673 0.4552123980969647 0.35651564598083496 -0.06268946826457977 0.7735751271247864 0.6130895916944097 -0.033770390635899164 0.6370324131773172 0.4660157803151367 0.3623259663581848 -0.047640107572078705 0.7515398263931274 0.6617430448532104 -0.10379332304000854 0.5713981986045837 0.47415968775749207 0.3637658655643463 -0.030962049961090088 0.7435644865036011 0.6570354104042053 -0.0820891261100769 0.5386062860488892 0.5210270881652832
0.29589715600013733 0.04626746475696564 0.7342449426651001 -0.3581725590022428 -0.18148508308682396 -0.3910920221431789 0.8281440386670335 0.3425257205963135 -0.05726376920938492 0.7722773551940918 -0.09733092070745744 -0.5517137837918451 0.8150755765044166 0.14761554111770872 0.3564577102661133 -0.06680001318454742 0.80893874168396 0.336889747996443 0.09724012768133673 0.8186429169248809 0.45483335375150996 0.35658296942710876 -0.06272897869348526 0.7734804153442383 0.6136206870321671 -0.03394145040009908 0.6368702746011604 0.4655254848778757 0.3624486029148102 -0.047667741775512695 0.7513834238052368 0.6622675657272339 -0.10391071438789368 0.571174144744873 0.4736709296703339 0.36387890577316284 -0.030982621014118195 0.7434296011924744 0.6575766801834106 -0.0821695625782013 0.5384052991867065 0.5205390453338623
0.2959420084953308 0.04625873640179634 0.7341225147247314 -0.35803628464925535 -0.18139313413216065 -0.3910069221900673 0.8282633308810662 0.3425925076007843 -0.057264294475317 0.7721094489097595 -0.09718355918003467 -0.5518568124692721 0.8150018191178157 0.14758513674466522 0.3565157353878021 -0.06679943203926086 0.8087763786315918 0.33701316658291985 0.09717102790608198 0.8186873985737464 0.45467674325234997 0.35658425092697144 -0.06271359324455261 0.7733856439590454 0.6137542390351283 -0.03395179388609099 0.6368689838999186 0.4653504843242304 0.362509548664093 -0.04765791818499565 0.7512161135673523 0.662405252456665 -0.10390356183052064 0.5711578130722046 0.4734997749328614 0.3639378845691681 -0.030973833054304123 0.7432701587677002 0.6577176451683044 -0.08215361833572388 0.538398265838623 0.5203706622123718
0.29589197039604187 0.04618395119905472 0.7341712713241577 -0.35829102240981797 -0.18057804908821548 -0.3909160683639635 0.8283741144963072 0.34254634380340576 -0.057369716465473175 0.7720375657081604 -0.09661113294710384 -0.5518198083218602 0.8149773063456488 0.14823331015599242 0.3564981520175934 -0.06691639870405197 0.8086845278739929 0.33775589472865547 0.09737444614523788 0.8183274971128027 0.4547297829291387 0.35646480321884155 -0.06281579285860062 0.7733514904975891 0.6143339594406325 -0.03378482844627495 0.6362545224625953 0.4654377181193492 0.36241835355758667 -0.047753751277923584 0.7511090040206909 0.662987470626831 -0.10379424691200256 0.5704114437103271 0.47360849380493164 0.3638530969619751 -0.031076528131961823 0.7431715726852417 0.6582128405570984 -0.08193796873092651 0.5377289056777954 0.5204704999923706
0.295859158039093 0.04614202305674553 0.7342824935913086 -0.35840886382722226 -0.17997841311749413 -0.39073448884227235 0.8285393222552957 0.3425443172454834 -0.05742103233933449 0.7720430493354797 -0.09607885074790036 -0.5518561793805172 0.8149455190082373 0.14861818060390397 0.3565119206905365 -0.06696859002113342 0.8086745142936707 0.3383540209123602 0.09752373385865906 0.8181182155706557 0.4546298081289494 0.35639625787734985 -0.06285390257835388 0.7733943462371826 0.6149372583559024 -0.03369432429713788 0.6357290039557144 0.4653658808508364 0.36236026883125305 -0.047797705978155136 0.751101016998291 0.6635406017303467 -0.10366639494895935 0.5697070956230164 0.4737098813056945 0.3638154864311218 -0.031124424189329147 0.7431663274765015 0.6586240530014038 -0.0816851258277893 0.5372537970542908 0.5204805135726929
0.2959495186805725 0.04627761244773865 0.7343257069587708 -0.35834300121877477 -0.17979465226246377 -0.3905000941497832 0.8287181945865207 0.34268566966056824 -0.05726402997970581 0.7720274329185486 -0.09574306081793012 -0.5519611876176815 0.8149181544300012 0.1485951553810494 0.35665541887283325 -0.06680745631456375 0.8086590766906738 0.3385994963945862 0.09758381240174986 0.8181460188351872 0.45438398000008845 0.35648563504219055 -0.06267856061458588 0.7734267711639404 0.6152290650658225 -0.033591250128027994 0.6356131428099149 0.46514631528896233 0.3624812364578247 -0.04763568937778473 0.7510855793952942 0.66375732421875 -0.10346779227256775 0.5695834755897522 0.4735984206199646 0.36393386125564575 -0.030957713723182678 0.7431527376174927 0.6588413715362549 -0.08148878812789917 0.5371758341789246 0.5203168988227844
0.2959425151348114 0.0462678037583828 0.7341145873069763 -0.3584348426941269 -0.17967563199874553 -0.39037187179665994 0.8287646573687365 0.3427044451236725 -0.057267140597105026 0.7718026638031006 -0.0955586535876506 -0.5519098966704381 0.8149658242459548 0.1486428009586733 0.35667067766189575 -0.06680232286453247 0.8084440231323242 0.3387311590785106 0.09772118619608981 0.8181081670769422 0.45432452922915434 0.35645508766174316 -0.06266932189464569 0.7732503414154053 0.6153661708071104 -0.033463836256653084 0.6354976789845166 0.46513155853868016 0.3624856173992157 -0.04763127490878105 0.7508513927459717 0.6638544201850891 -0.10331463813781738 0.5694926977157593 0.473604679107666 0.36393535137176514 -0.030955102294683456 0.7429173588752747 0.6589292287826538 -0.08132827281951904 0.5370882749557495 0.5203210115432739
0.2959425151348114 0.0462678037583828 0.7341145873069763 -0.3584348426941269 -0.17967563199874553 -0.39037187179665994 0.8287646573687365 0.3427044451236725 -0.057267140597105026 0.7718026638031006 -0.0955586535876506 -0.5519098966704381 0.8149658242459548 0.1486428009586733 0.35667067766189575 -0.06680232286453247 0.8084440231323242 0.3387311590785106 0.09772118619608981 0.8181081670769422 0.45432452922915434 0.35645508766174316 -0.06266932189464569 0.7732503414154053 0.6153661708071104 -0.033463836256653084 0.6354976789845166 0.46513155853868016 0.3624856173992157 -0.04763127490878105 0.7508513927459717 0.6638544201850891 -0.10331463813781738 0.5694926977157593 0.473604679107666 0.36393535137176514 -0.030955102294683456 0.7429173588752747 0.6589292287826538 -0.08132827281951904 0.5370882749557495 0.5203210115432739
0.29578927159309387 0.046490274369716644 0.7343648076057434 -0.3584049802671703 -0.17964021172686914 -0.3904256670962189 0.8287599404566018 0.34253430366516113 -0.05704657733440399 0.7720420360565186 -0.09558331547671649 -0.5519431852075857 0.8149318973708901 0.14868970391858397 0.35656094551086426 -0.06659318506717682 0.8085853457450867 0.33875557564621983 0.09766378822438156 0.8180891451158178 0.45435287242261724 0.35612553358078003 -0.06236440688371658 0.7735348343849182 0.6173733098084058 -0.03498536135984903 0.6335406091912734 0.4650295094508925 0.362248957157135 -0.0473458394408226 0.7510647773742676 0.6645580530166626 -0.1039833128452301 0.5686720609664917 0.47345772385597235 0.36377155780792236 -0.03074374794960022 0.7431656718254089 0.6589362025260925 -0.08137214183807373 0.5370341539382935 0.5203615427017212
0.2959401309490204 0.046488527208566666 0.7345572710037231 -0.35898303191033337 -0.1794645597529258 -0.39044218652424234 0.8285400363005138 0.34265318512916565 -0.0570509098470211 0.7722947597503662 -0.09553703898737571 -0.5514728561431398 0.8151916662717914 0.14904001718663262 0.3567294478416443 -0.06658738851547241 0.8087794780731201 0.3388272302700053 0.09811948580304633 0.8178100873234063 0.45470364952136166 0.3562065064907074 -0.06238165125250816 0.7738107442855835 0.6173443034784937 -0.034690144108899354 0.6332324299509294 0.4655098049230785 0.36235225200653076 -0.047378163784742355 0.7512921690940857 0.6644853353500366 -0.10372939705848695 0.5683798789978027 0.47396609187126165 0.3638812005519867 -0.03078235313296318 0.7433772683143616 0.6588363647460938 -0.08111688494682312 0.536720335483551 0.5208513736724854
0.2960352301597595 0.04650232195854187 0.7347074747085571 -0.35931181817706576 -0.17949379938320248 -0.39031415565757493 0.8284514153274887 0.34276139736175537 -0.05701635777950287 0.772497832775116 -0.09546559882093618 -0.5511788033408777 0.8153946542296168 0.14906304813989782 0.3568023145198822 -0.06658711284399033 0.8087217807769775 0.33999689228228036 0.09745080429343428 0.8173791455062887 0.4547491213103694 0.35628509521484375 -0.062347158789634705 0.7740435600280762 0.6172721719835738 -0.03439911721712284 0.633172004039884 0.4657089360768998 0.3624565899372101 -0.047357767820358276 0.7514848709106445 0.6644032001495361 -0.10345813632011414 0.568336546421051 0.4741920530796051 0.3639827072620392 -0.030766353011131287 0.7435566186904907 0.658733606338501 -0.08085021376609802 0.5366712808609009 0.5210731029510498
0.2959314286708832 0.046627964824438095 0.7349045276641846 -0.35880458071145616 -0.1794916824210229 -0.3899995057729406 0.8288198775045237 0.34275123476982117 -0.05685846880078316 0.7725956439971924 -0.09513251284393213 -0.5516339097025896 0.815192588800378 0.14869757524530314 0.3567890226840973 -0.06646698713302612 0.808665931224823 0.34076875680763835 0.09669819540206076 0.8174759093767722 0.45415774297682404 0.3562537431716919 -0.06216195598244667 0.7741654515266418 0.617510003999778 -0.03441626404651499 0.6333956263366924 0.4650882658299249 0.3624395728111267 -0.04716167971491814 0.7515942454338074 0.6646803617477417 -0.10341981053352356 0.5685310959815979 0.4735787510871887 0.3639495372772217 -0.03056563064455986 0.7436839938163757 0.6590235233306885 -0.08079981803894043 0.5369000434875488 0.5204786062240601
0.29584333300590515 0.04670201987028122 0.734801173210144 -0.3584454562859492 -0.18007103632661972 -0.38994227830463213 0.8288765168177626 0.34269988536834717 -0.05675443261861801 0.7725436687469482 -0.09541240058665394 -0.551820586814028 0.8151420509541276 0.1481014380586379 0.35673052072525024 -0.06636136025190353 0.8086135387420654 0.3402907767102839 0.09648007669145715 0.8178397612353898 0.4539073597288307 0.3561881184577942 -0.06204206496477127 0.7741642594337463 0.6171861072750682 -0.03453111859972558 0.6339157431639937 0.4648008333103608 0.3624037504196167 -0.047036103904247284 0.7515662908554077 0.6644191145896912 -0.10351824760437012 0.5690762996673584 0.47326901555061346 0.3639085292816162 -0.030438698828220367 0.7436587810516357 0.6587769985198975 -0.08092519640922546 0.5374597311019897 0.5201934576034546
0.29584333300590515 0.04670201987028122 0.734801173210144 -0.3584454562859492 -0.18007103632661972 -0.38994227830463213 0.8288765168177626 0.34269988536834717 -0.05675443261861801 0.7725436687469482 -0.09541240058665394 -0.551820586814028 0.8151420509541276 0.1481014380586379 0.35673052072525024 -0.06636136025190353 0.8086135387420654 0.3402907767102839 0.09648007669145715 0.8178397612353898 0.4539073597288307 0.3561881184577942 -0.06204206496477127 0.7741642594337463 0.6171861072750682 -0.03453111859972558 0.6339157431639937 0.4648008333103608 0.3624037504196167 -0.047036103904247284 0.7515662908554077 0.6644191145896912 -0.10351824760437012 0.5690762996673584 0.47326901555061346 0.3639085292816162 -0.030438698828220367 0.7436587810516357 0.6587769985198975 -0.08092519640922546 0.5374597311019897 0.5201934576034546
0.29584333300590515 0.04670201987028122 0.734801173210144 -0.3584454562859492 -0.18007103632661972 -0.38994227830463213 0.8288765168177626 0.34269988536834717 -0.05675443261861801 0.7725436687469482 -0.09541240058665394 -0.551820586814028 0.8151420509541276 0.1481014380586379 0.35673052072525024 -0.06636136025190353 0.8086135387420654 0.3402907767102839 0.09648007669145715 0.8178397612353898 0.4539073597288307 0.3561881184577942 -0.06204206496477127 0.7741642594337463 0.6171861072750682 -0.03453111859972558 0.6339157431639937 0.4648008333103608 0.3624037504196167 -0.047036103904247284 0.7515662908554077 0.6644191145896912 -0.10351824760437012 0.5690762996673584 0.47326901555061346 0.3639085292816162 -0.030438698828220367 0.7436587810516357 0.6587769985198975 -0.08092519640922546 0.5374597311019897 0.5201934576034546
0.29584333300590515 0.04670201987028122 0.734801173210144 -0.3584454562859492 -0.18007103632661972 -0.38994227830463213 0.8288765168177626 0.34269988536834717 -0.05675443261861801 0.7725436687469482 -0.09541240058665394 -0.551820586814028 0.8151420509541276 0.1481014380586379 0.35673052072525024 -0.06636136025190353 0.8086135387420654 0.3402907767102839 0.09648007669145715 0.8178397612353898 0.4539073597288307 0.3561881184577942 -0.06204206496477127 0.7741642594337463 0.6171861072750682 -0.03453111859972558 0.6339157431639937 0.4648008333103608 0.3624037504196167 -0.047036103904247284 0.7515662908554077 0.6644191145896912 -0.10351824760437012 0.5690762996673584 0.47326901555061346 0.3639085292816162 -0.030438698828220367 0.7436587810516357 0.6587769985198975 -0.08092519640922546 0.5374597311019897 0.5201934576034546
0.29584333300590515 0.04670201987028122 0.734801173210144 -0.3584454562859492 -0.18007103632661972 -0.38994227830463213 0.8288765168177626 0.34269988536834717 -0.05675443261861801 0.7725436687469482 -0.09541240058665394 -0.551820586814028 0.8151420509541276 0.1481014380586379 0.35673052072525024 -0.06636136025190353 0.8086135387420654 0.3402907767102839 0.09648007669145715 0.8178397612353898 0.4539073597288307 0.3561881184577942 -0.06204206496477127 0.7741642594337463 0.6171861072750682 -0.03453111859972558 0.6339157431639937 0.4648008333103608 0.3624037504196167 -0.047036103904247284 0.7515662908554077 0.6644191145896912 -0.10351824760437012 0.5690762996673584 0.47326901555061346 0.3639085292816162 -0.030438698828220367 0.7436587810516357 0.6587769985198975 -0.08092519640922546 0.5374597311019897 0.5201934576034546
0.29584333300590515 0.04670201987028122 0.734801173210144 -0.3584454562859492 -0.18007103632661972 -0.38994227830463213 0.8288765168177626 0.34269988536834717 -0.05675443261861801 0.7725436687469482 -0.09541240058665394 -0.551820586814028 0.8151420509541276 0.1481014380586379 0.35673052072525024 -0.06636136025190353 0.8086135387420654 0.3402907767102839 0.09648007669145715 0.8178397612353898 0.4539073597288307 0.3561881184577942 -0.06204206496477127 0.7741642594337463 0.6171861072750682 -0.03453111859972558 0.6339157431639937 0.4648008333103608 0.3624037504196167 -0.047036103904247284 0.7515662908554077 0.6644191145896912 -0.10351824760437012 0.5690762996673584 0.47326901555061346 0.3639085292816162 -0.030438698828220367 0.7436587810516357 0.6587769985198975 -0.08092519640922546 0.5374597311019897 0.5201934576034546
0.29604393243789673 0.04647254943847656 0.7342631816864014 -0.35750393739760344 -0.18216044528328784 -0.3901220118026237 0.828741998273385 0.342910498380661 -0.05689476430416107 0.7722631692886353 -0.09680711535754805 -0.5521704758581659 0.8150650841501578 0.14630450759725905 0.3568350076675415 -0.06648360192775726 0.8083030581474304 0.33873493319616266 0.0955006801930837 0.8188056146635111 0.4535368197415363 0.356293261051178 -0.062142468988895416 0.7741217017173767 0.6157991046990999 -0.03507352076328902 0.6355992787371273 0.4643004802742334 0.3626968264579773 -0.04714738577604294 0.7513777017593384 0.6632229089736938 -0.10404840111732483 0.5708726644515991 0.472666472196579 0.3641369342803955 -0.03053860366344452 0.7434113025665283 0.6580870151519775 -0.081952303647995 0.5387001037597656 0.5196224451065063
0.29604393243789673 0.04647254943847656 0.7342631816864014 -0.35750393739760344 -0.18216044528328784 -0.3901220118026237 0.828741998273385 0.342910498380661 -0.05689476430416107 0.7722631692886353 -0.09680711535754805 -0.5521704758581659 0.8150650841501578 0.14630450759725905 0.3568350076675415 -0.06648360192775726 0.8083030581474304 0.33873493319616266 0.0955006801930837 0.8188056146635111 0.4535368197415363 0.356293261051178 -0.062142468988895416 0.7741217017173767 0.6157991046990999 -0.03507352076328902 0.6355992787371273 0.4643004802742334 0.3626968264579773 -0.04714738577604294 0.7513777017593384 0.6632229089736938 -0.10404840111732483 0.5708726644515991 0.472666472196579 0.3641369342803955 -0.03053860366344452 0.7434113025665283 0.6580870151519775 -0.081952303647995 0.5387001037597656 0.5196224451065063
0.2959408760070801 0.04651731252670288 0.7345402836799622 -0.3582243138660606 -0.1821667311616559 -0.3911633019250709 0.827938351657645 0.34252914786338806 -0.056954048573970795 0.7727073431015015 -0.09782775185129194 -0.5515110984050342 0.8152345003660159 0.14716684739660427 0.35639506578445435 -0.06654297560453415 0.808777391910553 0.3383443482437049 0.09551904059951323 0.8182283208405768 0.4548644994713237 0.35586249828338623 -0.06225787103176117 0.7746246457099915 0.6152747329492042 -0.03554699201624087 0.6351663989185711 0.4655504124047516 0.362357497215271 -0.04729416221380234 0.7518193125724792 0.6626182794570923 -0.10463091731071472 0.570488691329956 0.4738483130931854 0.3638468384742737 -0.030694447457790375 0.743828535079956 0.6574863195419312 -0.08256193995475769 0.5382381677627563 0.5207639336585999
0.2959881126880646 0.04660786688327789 0.7345369458198547 -0.35874453652905314 -0.18235968265361405 -0.3917967402519678 0.827370880417202 0.34240826964378357 -0.05691983550786972 0.7728567719459534 -0.0985745297924407 -0.5509928226429641 0.8154201860467685 0.14758002119326064 0.35623475909233093 -0.06650350987911224 0.8089567422866821 0.33791303857887234 0.09561355376965881 0.8179169368499618 0.45572432137669977 0.3557188808917999 -0.06225962191820145 0.7748109698295593 0.614788202248578 -0.035778103397532166 0.6350040766161392 0.4663959200919712 0.3622625172138214 -0.04731456935405731 0.7519667148590088 0.6620920300483704 -0.1049392819404602 0.5703745484352112 0.4746522307395935 0.36378222703933716 -0.03072138875722885 0.7439552545547485 0.6569584608078003 -0.08289897441864014 0.5380732417106628 0.5215461850166321
0.29605644941329956 0.046615954488515854 0.734556257724762 -0.35895656813578736 -0.18269253897822227 -0.39186706346683187 0.8271721768735523 0.34245190024375916 -0.05689814314246178 0.7729783058166504 -0.09886571267333788 -0.5507277569143351 0.8155876212542706 0.1474493369751519 0.35625243186950684 -0.06645634770393372 0.8090941309928894 0.33754475075314727 0.0957771572338198 0.8179425914403615 0.45591689710332195 0.35574737191200256 -0.06224200502038002 0.7749640941619873 0.614455046222521 -0.03569909595279858 0.6351473331336455 0.46664582284908246 0.36232003569602966 -0.04731108620762825 0.7520931959152222 0.6617685556411743 -0.10488852858543396 0.5705544948577881 0.47489821910858154 0.3638440668582916 -0.030722182244062424 0.7440676689147949 0.6566272974014282 -0.08287164568901062 0.5382413268089294 0.5217942595481873
0.29605644941329956 0.046615954488515854 0.734556257724762 -0.35895656813578736 -0.18269253897822227 -0.39186706346683187 0.8271721768735523 0.34245190024375916 -0.05689814314246178 0.7729783058166504 -0.09886571267333788 -0.5507277569143351 0.8155876212542706 0.1474493369751519 0.35625243186950684 -0.06645634770393372 0.8090941309928894 0.33754475075314727 0.0957771572338198 0.8179425914403615 0.45591689710332195 0.35574737191200256 -0.06224200502038002 0.7749640941619873 0.614455046222521 -0.03569909595279858 0.6351473331336455 0.46664582284908246 0.36232003569602966 -0.04731108620762825 0.7520931959152222 0.6617685556411743 -0.10488852858543396 0.5705544948577881 0.47489821910858154 0.3638440668582916 -0.030722182244062424 0.7440676689147949 0.6566272974014282 -0.08287164568901062 0.5382413268089294 0.5217942595481873
0.29623064398765564 0.04653490334749222 0.7344979047775269 -0.3589736355604402 -0.1825146593406658 -0.3920695330250116 0.8271081142577429 0.34257903695106506 -0.05701389163732529 0.7728986144065857 -0.0989417034661027 -0.5507487325588053 0.8155178032413818 0.1477061879702638 0.35636571049690247 -0.06658263504505157 0.8090111017227173 0.3376582343316925 0.09566425754270336 0.8178074169968697 0.45609901414569476 0.35583803057670593 -0.062364451587200165 0.7749133706092834 0.6145225077651271 -0.0358703762051039 0.6349809838579225 0.46677044900391124 0.362448126077652 -0.047433964908123016 0.75201016664505 0.6618140935897827 -0.10506704449653625 0.5703779458999634 0.47500753402709955 0.36398202180862427 -0.03084486722946167 0.7439883351325989 0.6566795706748962 -0.08304327726364136 0.5380545258522034 0.5218939185142517
0.2962091267108917 0.04645597189664841 0.7344088554382324 -0.35891537857288974 -0.18274487099885522 -0.39205562525182974 0.8270891954087065 0.34256452322006226 -0.057080477476119995 0.7728442549705505 -0.09906827659596834 -0.5507477340705237 0.8155395370337657 0.14750499644342585 0.3563302159309387 -0.06663508713245392 0.8089706897735596 0.3374523326875397 0.09564263669591772 0.8179183945264163 0.4560569367874463 0.3558129370212555 -0.062426187098026276 0.7748852372169495 0.6143678066198225 -0.03587667335635122 0.6351582700014121 0.46673271532350336 0.36244457960128784 -0.04749942570924759 0.7519658803939819 0.6616791486740112 -0.10507377982139587 0.5705698132514954 0.4749637544155121 0.3639770448207855 -0.030910946428775787 0.7439405918121338 0.656546950340271 -0.08306211233139038 0.538248598575592 0.5218576788902283
0.29611125588417053 0.0464952252805233 0.7343528866767883 -0.35914987069858567 -0.18286727238581735 -0.3920879634109855 0.8269449531327736 0.3424453139305115 -0.05703096464276314 0.7728508710861206 -0.09919465162871367 -0.5505118092960859 0.8156811718426623 0.1475175704592923 0.35619810223579407 -0.06656798720359802 0.8089900612831116 0.337290187163455 0.09582873238669976 0.8178692586783787 0.4562259280219995 0.3556777536869049 -0.06238174811005592 0.7749123573303223 0.6142002687881354 -0.03576648782589025 0.6351592760967715 0.4669600247583051 0.3623308539390564 -0.04746875539422035 0.7519680857658386 0.6615067720413208 -0.1049865186214447 0.5705921649932861 0.47519612312316895 0.36386770009994507 -0.030884254723787308 0.7439337968826294 0.6563643217086792 -0.08298590779304504 0.5382605791091919 0.5220869779586792
0.29610127210617065 0.046514809131622314 0.7342115640640259 -0.3595691130629172 -0.18269610964492855 -0.39209328520311965 0.8267981078500289 0.34241384267807007 -0.057015933096408844 0.7727452516555786 -0.0991275108570681 -0.5501807269245153 0.8158615036801338 0.14780045988193294 0.3561726212501526 -0.06654168665409088 0.8088874816894531 0.3373849521860399 0.09615868804641359 0.8176526582233438 0.45647466012267535 0.35562562942504883 -0.062377266585826874 0.7748150825500488 0.6142144422250305 -0.03554949981140024 0.6349073977892553 0.4673004627966599 0.36228811740875244 -0.04747382551431656 0.751842737197876 0.6614863276481628 -0.10479801893234253 0.5703485012054443 0.4755585193634033 0.3638283610343933 -0.030892416834831238 0.743797242641449 0.6563239097595215 -0.08279412984848022 0.5380016565322876 0.5224350690841675
0.296011745929718 0.04649437963962555 0.7342054843902588 -0.3597665867686295 -0.18249217388689193 -0.3917809281815911 0.8269052778497655 0.3423842489719391 -0.05700773745775223 0.772716760635376 -0.09872926355211126 -0.5500606896640846 0.8159830874927406 0.1478426319207912 0.3561604619026184 -0.06651540845632553 0.8088483810424805 0.3376290761400436 0.09647883582817067 0.8176023797903398 0.45631666589489883 0.35557878017425537 -0.062359899282455444 0.7747879028320312 0.6144134802176118 -0.03519103501459716 0.6347680255008996 0.4672551912498243 0.3622399568557739 -0.04746264964342117 0.7517987489700317 0.6616734266281128 -0.1044340133666992 0.5701998472213745 0.47555661201477045 0.3637681305408478 -0.03088202327489853 0.7437487840652466 0.6564897298812866 -0.08241668343544006 0.537861704826355 0.5224305391311646
0.296011745929718 0.04649437963962555 0.7342054843902588 -0.3597665867686295 -0.18249217388689193 -0.3917809281815911 0.8269052778497655 0.3423842489719391 -0.05700773745775223 0.772716760635376 -0.09872926355211126 -0.5500606896640846 0.8159830874927406 0.1478426319207912 0.3561604619026184 -0.06651540845632553 0.8088483810424805 0.3376290761400436 0.09647883582817067 0.8176023797903398 0.45631666589489883 0.35557878017425537 -0.062359899282455444 0.7747879028320312 0.6144134802176118 -0.03519103501459716 0.6347680255008996 0.4672551912498243 0.3622399568557739 -0.04746264964342117 0.7517987489700317 0.6616734266281128 -0.1044340133666992 0.5701998472213745 0.47555661201477045 0.3637681305408478 -0.03088202327489853 0.7437487840652466 0.6564897298812866 -0.08241668343544006 0.537861704826355 0.5224305391311646
0.2960161864757538 0.046628572046756744 0.7348857522010803 -0.36063506045459154 -0.18297296199000496 -0.39162339763340415 0.8264952479454372 0.3423768877983093 -0.05680391192436218 0.7736204266548157 -0.0989595738949062 -0.5491863973756114 0.8165684217886233 0.14770705811203005 0.3561409115791321 -0.06625429540872574 0.8097768425941467 0.33707459545161866 0.09732424977218948 0.8175156880672466 0.45670213705636203 0.35554003715515137 -0.062166810035705566 0.7757387757301331 0.6138587735032188 -0.03454873380631517 0.6348446441392469 0.4679275716897498 0.3622341454029083 -0.047307901084423065 0.7526831030845642 0.6611135005950928 -0.10386291146278381 0.5703549385070801 0.47627389430999756 0.36376476287841797 -0.030741192400455475 0.7445969581604004 0.6558818817138672 -0.08188411593437195 0.5379918813705444 0.5231433510780334
0.2965496778488159 0.04687537997961044 0.7358113527297974 -0.3615655610071771 -0.1830362831165729 -0.3912344584717807 0.826258836109251 0.3429487645626068 -0.05648661404848099 0.7746888995170593 -0.09872112549882678 -0.5483577139616438 0.8171424144143076 0.14777107351572552 0.3567366898059845 -0.0658876821398735 0.8108237981796265 0.33696691065120116 0.09831536192562894 0.8173220417442556 0.456915907525556 0.356087863445282 -0.06185805797576904 0.7768195271492004 0.6136763798649765 -0.03370402303937203 0.6346641011346166 0.46847325127611233 0.36278849840164185 -0.04703029990196228 0.7537183165550232 0.660902202129364 -0.1030721664428711 0.5702216625213623 0.47689795494079595 0.36431148648262024 -0.030475705862045288 0.7455986142158508 0.6556110382080078 -0.08110538125038147 0.5378437042236328 0.5237560272216797
0.29747167229652405 0.04731770604848862 0.7373158931732178 -0.36266209471818794 -0.18307971361202663 -0.39005114559010495 0.8263281178938254 0.34408146142959595 -0.05587872862815857 0.7763206362724304 -0.09775491862269357 -0.5474040958179022 0.8179559035367577 0.14744804521308907 0.35793304443359375 -0.06520101428031921 0.8123975992202759 0.3370580016070715 0.09988333379990369 0.8173050775377304 0.4565388688822962 0.35719239711761475 -0.06123362481594086 0.7784466743469238 0.6137101819453683 -0.03210295270558742 0.6345733168402788 0.46866437839104846 0.36386939883232117 -0.04644087702035904 0.7552934885025024 0.6609297394752502 -0.10149717330932617 0.5701758861541748 0.47725236415863037 0.36535513401031494 -0.029900170862674713 0.7471361756324768 0.6555413603782654 -0.07953166961669922 0.5378162264823914 0.5241126418113708
0.29953235387802124 0.048479363322257996 0.7414475083351135 -0.36642895590226865 -0.1814999949802122 -0.3875794563165442 0.8261778029656006 0.3465161621570587 -0.05445970594882965 0.7806395888328552 -0.0948216740892113 -0.5444743748006552 0.8200532319508548 0.1485573545317043 0.3605949878692627 -0.06362827122211456 0.8165162801742554 0.3385887386452128 0.10424342746751926 0.81609696314603 0.45659256243802804 0.3595534563064575 -0.05983514338731766 0.7826524376869202 0.6146308265792975 -0.0280464702136935 0.6327644431674999 0.4701616564508113 0.3660535514354706 -0.04512370377779007 0.759480893611908 0.661639392375946 -0.09756791591644287 0.568410336971283 0.4791906476020813 0.367541640996933 -0.028614751994609833 0.7511397004127502 0.6559765934944153 -0.07553309202194214 0.5360385775566101 0.5259775519371033
0.30368509888648987 0.050887331366539 0.7496910095214844 -0.3739195315583857 -0.17867522778854572 -0.38335616758971314 0.8254073656165763 0.35110655426979065 -0.051577530801296234 0.7894957661628723 -0.08984790987829736 -0.5385027377855404 0.8241122910612906 0.15093375141631718 0.36569657921791077 -0.06055168807506561 0.8245655298233032 0.3416004994513683 0.11174265547294025 0.8135663576321153 0.457091221232376 0.3641592562198639 -0.05703829973936081 0.7911009192466736 0.6159348485378725 -0.020534874987656444 0.6292084445173681 0.47360260878345667 0.3703709542751312 -0.042698539793491364 0.7682409882545471 0.6605273485183716 -0.08855444192886353 0.5672466158866882 0.48383158445358276 0.3721553683280945 -0.02640233188867569 0.759576141834259 0.6507441997528076 -0.06277120113372803 0.5394022464752197 0.530694842338562
0.3088877499103546 0.05476211756467819 0.7634613513946533 -0.38765367332704936 -0.17480310703664081 -0.37664541169038956 0.8229864389473032 0.35639381408691406 -0.0470975860953331 0.805189847946167 -0.0874512146759211 -0.5261363689388693 0.8310009109042845 0.15801980209203687 0.37238210439682007 -0.05542612075805664 0.8384093046188354 0.34471108710609444 0.12587415193920037 0.8090562618745974 0.45908364592268125 0.3700100779533386 -0.052528224885463715 0.8054689168930054 0.6168208871467905 -0.007560968586800692 0.6232341373178271 0.48068083526230543 0.3760448694229126 -0.03928873687982559 0.7836403250694275 0.6515235900878906 -0.06773534417152405 0.5719498991966248 0.493763267993927 0.3780963122844696 -0.02321425825357437 0.7747559547424316 0.6351938247680664 -0.03585043549537659 0.5513545870780945 0.5396775603294373
0.3099607229232788 0.055749282240867615 0.7805871963500977 -0.415170045641139 -0.16642288941194042 -0.36519020965961435 0.8164394459834117 0.3574202060699463 -0.044990234076976776 0.825880229473114 -0.08434098340115893 -0.5006140391604806 0.8439439259372723 0.17329423429614083 0.3757714629173279 -0.05200687795877457 0.8559463620185852 0.35243238390467424 0.15245633420735175 0.7973792242559261 0.46554793739534733 0.37279948592185974 -0.050520047545433044 0.8248030543327332 0.6126086886639973 0.02270409971408814 0.6141165316797798 0.49704756501972314 0.3777843117713928 -0.03876253962516785 0.8038814067840576 0.6374114155769348 -0.031297922134399414 0.5741634964942932 0.5128971934318542 0.3797658681869507 -0.02317817509174347 0.7942759394645691 0.6139256954193115 0.006744712591171265 0.5604583024978638 0.5558204650878906
0.3099607229232788 0.055749282240867615 0.7805871963500977 -0.415170045641139 -0.16642288941194042 -0.36519020965961435 0.8164394459834117 0.3574202060699463 -0.044990234076976776 0.825880229473114 -0.08434098340115893 -0.5006140391604806 0.8439439259372723 0.17329423429614083 0.3757714629173279 -0.05200687795877457 0.8559463620185852 0.35243238390467424 0.15245633420735175 0.7973792242559261 0.46554793739534733 0.37279948592185974 -0.050520047545433044 0.8248030543327332 0.6126086886639973 0.02270409971408814 0.6141165316797798 0.49704756501972314 0.3777843117713928 -0.03876253962516785 0.8038814067840576 0.6374114155769348 -0.031297922134399414 0.5741634964942932 0.5128971934318542 0.3797658681869507 -0.02317817509174347 0.7942759394645691 0.6139256954193115 0.006744712591171265 0.5604583024978638 0.5558204650878906
0.3099607229232788 0.055749282240867615 0.7805871963500977 -0.415170045641139 -0.16642288941194042 -0.36519020965961435 0.8164394459834117 0.3574202060699463 -0.044990234076976776 0.825880229473114 -0.08434098340115893 -0.5006140391604806 0.8439439259372723 0.17329423429614083 0.3757714629173279 -0.05200687795877457 0.8559463620185852 0.35243238390467424 0.15245633420735175 0.7973792242559261 0.46554793739534733 0.37279948592185974 -0.050520047545433044 0.8248030543327332 0.6126086886639973 0.02270409971408814 0.6141165316797798 0.49704756501972314 0.3777843117713928 -0.03876253962516785 0.8038814067840576 0.6374114155769348 -0.031297922134399414 0.5741634964942932 0.5128971934318542 0.3797658681869507 -0.02317817509174347 0.7942759394645691 0.6139256954193115 0.006744712591171265 0.5604583024978638 0.5558204650878906
0.3099607229232788 0.055749282240867615 0.7805871963500977 -0.415170045641139 -0.16642288941194042 -0.36519020965961435 0.8164394459834117 0.3574202060699463 -0.044990234076976776 0.825880229473114 -0.08434098340115893 -0.5006140391604806 0.8439439259372723 0.17329423429614083 0.3757714629173279 -0.05200687795877457 0.8559463620185852 0.35243238390467424 0.15245633420735175 0.7973792242559261 0.46554793739534733 0.37279948592185974 -0.050520047545433044 0.8248030543327332 0.6126086886639973 0.02270409971408814 0.6141165316797798 0.49704756501972314 0.3777843117713928 -0.03876253962516785 0.8038814067840576 0.6374114155769348 -0.031297922134399414 0.5741634964942932 0.5128971934318542 0.3797658681869507 -0.02317817509174347 0.7942759394645691 0.6139256954193115 0.006744712591171265 0.5604583024978638 0.5558204650878906
0.3099607229232788 0.055749282240867615 0.7805871963500977 -0.415170045641139 -0.16642288941194042 -0.36519020965961435 0.8164394459834117 0.3574202060699463 -0.044990234076976776 0.825880229473114 -0.08434098340115893 -0.5006140391604806 0.8439439259372723 0.17329423429614083 0.3757714629173279 -0.05200687795877457 0.8559463620185852 0.35243238390467424 0.15245633420735175 0.7973792242559261 0.46554793739534733 0.37279948592185974 -0.050520047545433044 0.8248030543327332 0.6126086886639973 0.02270409971408814 0.6141165316797798 0.49704756501972314 0.3777843117713928 -0.03876253962516785 0.8038814067840576 0.6374114155769348 -0.031297922134399414 0.5741634964942932 0.5128971934318542 0.3797658681869507 -0.02317817509174347 0.7942759394645691 0.6139256954193115 0.006744712591171265 0.5604583024978638 0.5558204650878906
0.31435060501098633 0.05595366656780243 0.8543872833251953 -0.6546724600632119 -0.06307649597698713 -0.3104287745369921 0.686337689564036 0.3546234369277954 -0.03518087416887283 0.9245187640190125 -0.06527202508848098 -0.23382178885847338 0.915212834251995 0.32164022684782356 0.390781968832016 -0.03581660985946655 0.938235878944397 0.3608328104019165 0.39235758781433105 0.6393137574195862 0.5541961789131165 0.38339751958847046 -0.04464197903871536 0.9172267913818359 0.5314016342163086 0.26828691363334656 0.4761961102485657 0.6472031474113464 0.38200807571411133 -0.04304790496826172 0.8984739780426025 0.5231895446777344 0.24048258364200592 0.4804810583591461 0.6614975929260254 0.3800790309906006 -0.032223790884017944 0.8829644322395325 0.4916553497314453 0.28426307439804077 0.47142791748046875 0.6747040748596191
0.3154475688934326 0.05682572349905968 0.8619071245193481 -0.6746529726291169 -0.04656350133680982 -0.31146125785240186 0.6675830697976131 0.35385453701019287 -0.03378665819764137 0.9341562390327454 -0.06964919819740015 -0.2026137062433567 0.913833268394515 0.344971698834258 0.39246654510498047 -0.03468651697039604 0.9464887380599976 0.3545396625995636 0.41675928235054016 0.6205419301986694 0.5617306232452393 0.38447415828704834 -0.04420335218310356 0.9260100722312927 0.5221471190452576 0.2897797226905823 0.45701372623443604 0.659187912940979 0.38295844197273254 -0.04321135953068733 0.9074841141700745 0.5114030838012695 0.2656761705875397 0.464358925819397 0.672498345375061 0.38087788224220276 -0.03291464224457741 0.8914673328399658 0.4789378643035888 0.31154489517211914 0.4577899575233459 0.6811657547950745
0.31986820697784424 0.05846240743994713 0.8830962777137756 -0.7205367306879434 -0.004007154265896367 -0.3241544762232395 0.6129720025095265 0.35246023535728455 -0.028226707130670547 0.9621765613555908 -0.09114331038466504 -0.1189592335754352 0.9012134640101306 0.40663975617590886 0.39793556928634644 -0.03203776106238365 0.9705475568771362 0.33164548873901367 0.47842931747436523 0.571158230304718 0.5787010788917542 0.38888394832611084 -0.04328181967139244 0.9512099027633667 0.4939599335193634 0.3438146412372589 0.4085318148136139 0.686219334602356 0.3881990909576416 -0.04343284294009209 0.9335875511169434 0.47240954637527466 0.33479565382003784 0.42598652839660645 0.6951810121536255 0.3864695727825165 -0.034693654626607895 0.9160172939300537 0.435391366481781 0.3933205008506775 0.4311599135398865 0.6854448914527893
0.3216142952442169 0.059905167669057846 0.896882176399231 -0.7379449654723412 0.023463616367817994 -0.32811066065098693 0.5892625056273298 0.35308340191841125 -0.022622261196374893 0.9792348146438599 -0.09278458353922787 -0.07644095751988363 0.8933154700862619 0.4330535033063409 0.40234655141830444 -0.030366886407136917 0.9839437007904053 0.31962552666664124 0.5124982595443726 0.5500403046607971 0.5767503976821899 0.3931443989276886 -0.04271485283970833 0.9645900726318359 0.4820948541164398 0.38174059987068176 0.3913511633872986 0.6846190094947815 0.3921608030796051 -0.042993780225515366 0.9473559856414795 0.4574574828147888 0.3761601448059082 0.40943095088005066 0.693976104259491 0.3905806839466095 -0.0347946397960186 0.9292494654655457 0.41536760330200195 0.4450723528861999 0.4235273003578186 0.6708242297172546
0.32326430082321167 0.06130608171224594 0.9079509973526001 -0.7504649175220921 0.05264271941554157 -0.3360907645967058 0.5666343401961963 0.3537155091762543 -0.015535853803157806 0.9950163960456848 -0.09994521597952007 -0.02885365288539384 0.8840643227583898 0.4556409992835533 0.4053085446357727 -0.029877208173274994 0.994660496711731 0.31307095289230347 0.5417330265045166 0.5292606949806213 0.5730577111244202 0.39717966318130493 -0.04309671372175217 0.9754974842071533 0.46950900554656977 0.4234513640403747 0.3804120421409607 0.674934983253479 0.39584028720855713 -0.04361901432275772 0.9580501317977905 0.4469047486782074 0.4211801588535309 0.39701420068740845 0.6821022629737854 0.39446860551834106 -0.03571232408285141 0.9387044310569763 0.40713232755661005 0.4966143369674682 0.4200243949890136 0.6412466764450073
0.32326430082321167 0.06130608171224594 0.9079509973526001 -0.7504649175220921 0.05264271941554157 -0.3360907645967058 0.5666343401961963 0.3537155091762543 -0.015535853803157806 0.9950163960456848 -0.09994521597952007 -0.02885365288539384 0.8840643227583898 0.4556409992835533 0.4053085446357727 -0.029877208173274994 0.994660496711731 0.31307095289230347 0.5417330265045166 0.5292606949806213 0.5730577111244202 0.39717966318130493 -0.04309671372175217 0.9754974842071533 0.46950900554656977 0.4234513640403747 0.3804120421409607 0.674934983253479 0.39584028720855713 -0.04361901432275772 0.9580501317977905 0.4469047486782074 0.4211801588535309 0.39701420068740845 0.6821022629737854 0.39446860551834106 -0.03571232408285141 0.9387044310569763 0.40713232755661005 0.4966143369674682 0.4200243949890136 0.6412466764450073
0.3257375657558441 0.06624066084623337 0.9278879761695862 -0.7822435853136902 0.1201346571113576 -0.34835918338068644 0.5023032794988515 0.35739803314208984 0.004516921937465668 1.0262267589569092 -0.13817219212465048 0.11062717706635686 0.8515508586503039 0.4934888636376116 0.40867578983306885 -0.027434460818767548 1.0146327018737793 0.31389957666397095 0.6103898286819458 0.4702165424823761 0.554786205291748 0.40332499146461487 -0.042951442301273346 0.9965141415596008 0.4474305510520935 0.5261428356170654 0.3454301357269287 0.635340690612793 0.40289539098739624 -0.044962890446186066 0.9761355519294739 0.4351179003715515 0.5366575717926025 0.3743888735771179 0.6184691190719604 0.4029070734977722 -0.03757350146770477 0.9506886601448059 0.4049616754055023 0.632843017578125 0.43459346890449524 0.49663302302360535
0.3255106210708618 0.06951552629470825 0.9351152777671814 0.7956569790840149 -0.15315866470336914 0.35336408019065857 -0.46755340695381165 0.3595685064792633 0.013517685234546661 1.0369206666946411 -0.1561734676361084 0.1821625679731369 0.8292009234428406 0.5048293471336365 0.40863874554634094 -0.02588599920272827 1.0216010808944702 0.318536639213562 0.6453543305397034 0.4403775632381439 0.5367678999900818 0.4051015079021454 -0.04294642060995102 1.002890944480896 0.4441998302936554 0.5832052230834961 0.3319031894207001 0.5936318635940552 0.405109703540802 -0.045457445085048676 0.9812141060829163 0.4302855134010315 0.5991516709327698 0.37275516986846924 0.5629611611366272 0.40281030535697937 -0.037643976509571075 0.9533933401107788 0.40738266706466675 0.6803883910179138 0.444872111082077 0.4161728322505951
0.32692572474479675 0.07239208370447159 0.94060879945755 0.8060435056686401 -0.18564829230308533 0.358918160200119 -0.43244227766990656 0.36359527707099915 0.02063577249646187 1.0444155931472778 -0.16384658217430115 0.24530547857284546 0.8056700229644775 0.5136879682540894 0.4093169867992401 -0.02526901662349701 1.0267572402954102 0.3269936144351959 0.675719141960144 0.41085705161094666 0.5173736810684204 0.4074733257293701 -0.043435558676719666 1.0071778297424316 0.44498419761657715 0.6325172185897827 0.31731978058815 0.5488344430923462 0.4071146249771118 -0.04620181769132614 0.9843248128890991 0.43050920963287354 0.6486990451812744 0.36726412177085876 0.5088894963264465 0.4021105170249939 -0.037763334810733795 0.9554018974304199 0.41274556517601013 0.7120754718780518 0.44761189818382263 0.3496188223361969
0.32991763949394226 0.07429398596286774 0.9454004168510437 0.8141123056411743 -0.21568104624748233 0.3632002174854279 -0.3984826803207398 0.369587779045105 0.026436593383550644 1.0506565570831299 -0.1722189486026764 0.30699479579925537 0.7808594107627869 0.5160943865776062 0.41131773591041565 -0.025516077876091003 1.0310840606689453 0.3378903269767761 0.7009108662605286 0.3823679983615875 0.4983461797237397 0.4099830389022827 -0.04422130435705185 1.0110788345336914 0.45132777094841003 0.6651234030723572 0.29393547773361206 0.5172197222709656 0.4090383052825928 -0.04715338349342346 0.9874632358551025 0.435135155916214 0.6826872229576111 0.3525462746620178 0.4693683385848999 0.40221482515335083 -0.03811641037464142 0.9582876563072205 0.41673600673675537 0.7356843948364258 0.44111788272857666 0.30085647106170654
0.32991763949394226 0.07429398596286774 0.9454004168510437 0.8141123056411743 -0.21568104624748233 0.3632002174854279 -0.3984826803207398 0.369587779045105 0.026436593383550644 1.0506565570831299 -0.1722189486026764 0.30699479579925537 0.7808594107627869 0.5160943865776062 0.41131773591041565 -0.025516077876091003 1.0310840606689453 0.3378903269767761 0.7009108662605286 0.3823679983615875 0.4983461797237397 0.4099830389022827 -0.04422130435705185 1.0110788345336914 0.45132777094841003 0.6651234030723572 0.29393547773361206 0.5172197222709656 0.4090383052825928 -0.04715338349342346 0.9874632358551025 0.435135155916214 0.6826872229576111 0.3525462746620178 0.4693683385848999 0.40221482515335083 -0.03811641037464142 0.9582876563072205 0.41673600673675537 0.7356843948364258 0.44111788272857666 0.30085647106170654
0.33489981293678284 0.08195851743221283 0.95242840051651 0.8271037340164185 -0.2523491084575653 0.3674199283123016 -0.3423767983913421 0.3780924081802368 0.04146391525864601 1.0609054565429688 -0.20734387636184692 0.40273338556289673 0.7340412139892578 0.5059622526168823 0.4157053828239441 -0.019239887595176697 1.0386933088302612 0.3486045002937317 0.7400296330451965 0.33920398354530334 0.464512437582016 0.4151970148086548 -0.03981070965528488 1.0177284479141235 0.44953945279121404 0.7232519388198853 0.27560174465179443 0.4459423422813416 0.41304394602775574 -0.04271121323108673 0.9934345483779907 0.43125298619270325 0.7376124858856201 0.33752185106277466 0.39500361680984497 0.40214842557907104 -0.03326626121997833 0.96470046043396 0.42620551586151123 0.7641786336898804 0.420078307390213 0.24065366387367249
0.3369309902191162 0.08472012728452682 0.9546528458595276 0.827846884727478 -0.2592361271381378 0.3727143704891205 -0.3294696509838104 0.38000571727752686 0.04713435471057892 1.0649652481079102 -0.23588934910470136 0.432704803236613 0.7161409125188215 0.4942319527356483 0.41758716106414795 -0.01660330593585968 1.0416429042816162 0.3444591164588928 0.753462016582489 0.3351915776729584 0.4486532509326935 0.41878920793533325 -0.037566229701042175 1.0194802284240723 0.4391744136810303 0.7474254369735718 0.28636837005615234 0.4080126881599426 0.41567522287368774 -0.040292687714099884 0.9957630038261414 0.4199162721633911 0.7562857866287231 0.3436720371246338 0.3655020594596863 0.40308207273483276 -0.03093608468770981 0.9673013687133789 0.42381352186203003 0.7708746790885925 0.41880685091018677 0.22524487972259521
0.33841294050216675 0.08723756670951843 0.9570340514183044 0.8276762962341309 -0.2617185413837433 0.37616920471191406 -0.3239629864692688 0.38158977031707764 0.05270535871386528 1.0690103769302368 -0.2641116598282099 0.4519101839723449 0.7052318072513835 0.47819481823885784 0.41968077421188354 -0.013441607356071472 1.0450958013534546 0.3346337676048279 0.7635826468467712 0.3330191969871521 0.44052255153656006 0.42172476649284363 -0.035018905997276306 1.0212446451187134 0.4318603277206421 0.7607096433639526 0.2935984432697296 0.3855092227458954 0.4180205464363098 -0.0376153439283371 0.9980605840682983 0.41064637899398804 0.7674468159675598 0.34954559803009033 0.3467170000076294 0.40471315383911133 -0.028202317655086517 0.969497799873352 0.41982126235961914 0.7758926153182983 0.41959261894226074 0.21373522281646729
0.33935466408729553 0.08913715928792953 0.9588608145713806 0.8280492424964905 -0.25575631856918335 0.3785529732704163 -0.32499366998672485 0.38243359327316284 0.057991694658994675 1.0724196434020996 -0.29475440319760393 0.4633538270552331 0.6985432582613355 0.4587597983258235 0.42220538854599 -0.009547121822834015 1.048545479774475 0.3190295696258545 0.7709031105041504 0.33455893397331243 0.43817672133445745 0.42533743381500244 -0.031656645238399506 1.0231457948684692 0.4201643764972687 0.7703182697296143 0.3012298047542572 0.37327244877815247 0.4213819205760956 -0.03425932675600052 1.0002108812332153 0.39817491173744196 0.7757019996643066 0.35636666417121887 0.3357768952846527 0.40805086493492126 -0.024793453514575958 0.9713895916938782 0.4080326557159424 0.7829054594039917 0.42281898856163025 0.20443174242973328
0.33935466408729553 0.08913715928792953 0.9588608145713806 0.8280492424964905 -0.25575631856918335 0.3785529732704163 -0.32499366998672485 0.38243359327316284 0.057991694658994675 1.0724196434020996 -0.29475440319760393 0.4633538270552331 0.6985432582613355 0.4587597983258235 0.42220538854599 -0.009547121822834015 1.048545479774475 0.3190295696258545 0.7709031105041504 0.33455893397331243 0.43817672133445745 0.42533743381500244 -0.031656645238399506 1.0231457948684692 0.4201643764972687 0.7703182697296143 0.3012298047542572 0.37327244877815247 0.4213819205760956 -0.03425932675600052 1.0002108812332153 0.39817491173744196 0.7757019996643066 0.35636666417121887 0.3357768952846527 0.40805086493492126 -0.024793453514575958 0.9713895916938782 0.4080326557159424 0.7829054594039917 0.42281898856163025 0.20443174242973328
0.340395987033844 0.09080278128385544 0.9606325626373291 0.831066906452179 -0.23175925016403198 0.38213175535202026 -0.33104509115219116 0.3825407028198242 0.06532050669193268 1.076369047164917 -0.34170351695712786 0.4699799331796044 0.6919897516429653 0.4283784119006615 0.42654067277908325 -0.002453252673149109 1.0538907051086426 0.28735238313674927 0.7799996733665466 0.34264710545539856 0.4377466142177582 0.43300315737724304 -0.0242396742105484 1.0280765295028687 0.3842029571533203 0.7880635261535645 0.3143116533756256 0.3640771806240082 0.4294988214969635 -0.027152463793754578 1.0050503015518188 0.36016082763671875 0.7929242849349976 0.36882901191711426 0.3248390257358551 0.41662657260894775 -0.01801728457212448 0.9754865765571594 0.36707788705825806 0.802282989025116 0.42986100912094116 0.19187384843826294
0.3409298062324524 0.09237246215343475 0.9615982174873352 0.8337672352790833 -0.2073310017585754 0.3875725567340851 -0.3341160714626312 0.3814734220504761 0.0715821236371994 1.0790035724639893 -0.37465670593201605 0.46526077971795204 0.6906505294332644 0.40763548157413065 0.42914584279060364 0.004734538495540619 1.0590332746505737 0.25762975215911865 0.7865637540817261 0.3478185534477234 0.44041645526885986 0.4380560517311096 -0.01686812937259674 1.0337592363357544 0.350685715675354 0.8006405830383301 0.3224993646144867 0.36330217123031616 0.4348505735397339 -0.020527996122837067 1.010678768157959 0.3284227252006531 0.8032808899879456 0.37420725822448725 0.3268750309944153 0.4223746061325073 -0.012300491333007812 0.981460690498352 0.33143144845962524 0.8154941201210022 0.42997869849205017 0.20060142874717712
0.3409298062324524 0.09237246215343475 0.9615982174873352 0.8337672352790833 -0.2073310017585754 0.3875725567340851 -0.3341160714626312 0.3814734220504761 0.0715821236371994 1.0790035724639893 -0.37465670593201605 0.46526077971795204 0.6906505294332644 0.40763548157413065 0.42914584279060364 0.004734538495540619 1.0590332746505737 0.25762975215911865 0.7865637540817261 0.3478185534477234 0.44041645526885986 0.4380560517311096 -0.01686812937259674 1.0337592363357544 0.350685715675354 0.8006405830383301 0.3224993646144867 0.36330217123031616 0.4348505735397339 -0.020527996122837067 1.010678768157959 0.3284227252006531 0.8032808899879456 0.37420725822448725 0.3268750309944153 0.4223746061325073 -0.012300491333007812 0.981460690498352 0.33143144845962524 0.8154941201210022 0.42997869849205017 0.20060142874717712
0.3403956890106201 0.09489560127258301 0.9629329442977905 0.8361490964889526 -0.19494453072547913 0.39566054940223694 -0.3260432183742523 0.379544734954834 0.07796795666217804 1.0815187692642212 -0.3923819673105969 0.465923465344246 0.686054533164661 0.39784541888929875 0.4286222457885742 0.011035226285457611 1.0641433000564575 0.24064806103706357 0.7931615114212036 0.3428722321987152 0.44206562638282776 0.4379134178161621 -0.011094540357589722 1.04020094871521 0.3331788182258606 0.8067687153816223 0.31787049770355225 0.37023574113845825 0.4359564781188965 -0.015108779072761536 1.0163676738739014 0.30790993571281433 0.8135662078857422 0.37179845571517944 0.32414084672927856 0.4234168529510498 -0.007832378149032593 0.9873607754707336 0.311854749917984 0.8250101804733276 0.4239353835582733 0.20587322115898132
0.3403956890106201 0.09489560127258301 0.9629329442977905 0.8361490964889526 -0.19494453072547913 0.39566054940223694 -0.3260432183742523 0.379544734954834 0.07796795666217804 1.0815187692642212 -0.3923819673105969 0.465923465344246 0.686054533164661 0.39784541888929875 0.4286222457885742 0.011035226285457611 1.0641433000564575 0.24064806103706357 0.7931615114212036 0.3428722321987152 0.44206562638282776 0.4379134178161621 -0.011094540357589722 1.04020094871521 0.3331788182258606 0.8067687153816223 0.31787049770355225 0.37023574113845825 0.4359564781188965 -0.015108779072761536 1.0163676738739014 0.30790993571281433 0.8135662078857422 0.37179845571517944 0.32414084672927856 0.4234168529510498 -0.007832378149032593 0.9873607754707336 0.311854749917984 0.8250101804733276 0.4239353835582733 0.20587322115898132
0.3403956890106201 0.09489560127258301 0.9629329442977905 0.8361490964889526 -0.19494453072547913 0.39566054940223694 -0.3260432183742523 0.379544734954834 0.07796795666217804 1.0815187692642212 -0.3923819673105969 0.465923465344246 0.686054533164661 0.39784541888929875 0.4286222457885742 0.011035226285457611 1.0641433000564575 0.24064806103706357 0.7931615114212036 0.3428722321987152 0.44206562638282776 0.4379134178161621 -0.011094540357589722 1.04020094871521 0.3331788182258606 0.8067687153816223 0.31787049770355225 0.37023574113845825 0.4359564781188965 -0.015108779072761536 1.0163676738739014 0.30790993571281433 0.8135662078857422 0.37179845571517944 0.32414084672927856 0.4234168529510498 -0.007832378149032593 0.9873607754707336 0.311854749917984 0.8250101804733276 0.4239353835582733 0.20587322115898132
0.3403956890106201 0.09489560127258301 0.9629329442977905 0.8361490964889526 -0.19494453072547913 0.39566054940223694 -0.3260432183742523 0.379544734954834 0.07796795666217804 1.0815187692642212 -0.3923819673105969 0.465923465344246 0.686054533164661 0.39784541888929875 0.4286222457885742 0.011035226285457611 1.0641433000564575 0.24064806103706357 0.7931615114212036 0.3428722321987152 0.44206562638282776 0.4379134178161621 -0.011094540357589722 1.04020094871521 0.3331788182258606 0.8067687153816223 0.31787049770355225 0.37023574113845825 0.4359564781188965 -0.015108779072761536 1.0163676738739014 0.30790993571281433 0.8135662078857422 0.37179845571517944 0.32414084672927856 0.4234168529510498 -0.007832378149032593 0.9873607754707336 0.311854749917984 0.8250101804733276 0.4239353835582733 0.20587322115898132
0.3403956890106201 0.09489560127258301 0.9629329442977905 0.8361490964889526 -0.19494453072547913 0.39566054940223694 -0.3260432183742523 0.379544734954834 0.07796795666217804 1.0815187692642212 -0.3923819673105969 0.465923465344246 0.686054533164661 0.39784541888929875 0.4286222457885742 0.011035226285457611 1.0641433000564575 0.24064806103706357 0.7931615114212036 0.3428722321987152 0.44206562638282776 0.4379134178161621 -0.011094540357589722 1.04020094871521 0.3331788182258606 0.8067687153816223 0.31787049770355225 0.37023574113845825 0.4359564781188965 -0.015108779072761536 1.0163676738739014 0.30790993571281433 0.8135662078857422 0.37179845571517944 0.32414084672927856 0.4234168529510498 -0.007832378149032593 0.9873607754707336 0.311854749917984 0.8250101804733276 0.4239353835582733 0.20587322115898132
0.3403956890106201 0.09489560127258301 0.9629329442977905 0.8361490964889526 -0.19494453072547913 0.39566054940223694 -0.3260432183742523 0.379544734954834 0.07796795666217804 1.0815187692642212 -0.3923819673105969 0.465923465344246 0.686054533164661 0.39784541888929875 0.4286222457885742 0.011035226285457611 1.0641433000564575 0.24064806103706357 0.7931615114212036 0.3428722321987152 0.44206562638282776 0.4379134178161621 -0.011094540357589722 1.04020094871521 0.3331788182258606 0.8067687153816223 0.31787049770355225 0.37023574113845825 0.4359564781188965 -0.015108779072761536 1.0163676738739014 0.30790993571281433 0.8135662078857422 0.37179845571517944 0.32414084672927856 0.4234168529510498 -0.007832378149032593 0.9873607754707336 0.311854749917984 0.8250101804733276 0.4239353835582733 0.20587322115898132
0.3367804288864136 0.0975612998008728 0.9606162905693054 0.8375967144966125 -0.20597749948501587 0.40317416191101074 -0.305705189704895 0.3760179281234741 0.08212505280971527 1.0794841051101685 -0.37801315321032647 0.47861785734626916 0.677494980704334 0.4111347459618229 0.42187419533729553 0.013374179601669312 1.0646895170211792 0.2447790503501892 0.7968607544898987 0.3226831555366516 0.44829875230789185 0.42695048451423645 -0.011110961437225342 1.0428519248962402 0.34821951389312744 0.795081615447998 0.29666659235954285 0.3982178568840027 0.42590397596359253 -0.015612229704856873 1.018401026725769 0.3253365755081177 0.8060630559921265 0.3495016396045685 0.3496672809123993 0.41512784361839294 -0.007926292717456818 0.9891582131385803 0.3248419165611267 0.8238365054130554 0.40335965156555176 0.23037445545196533
0.33669301867485046 0.0978667140007019 0.9602442383766174 0.8382250070571899 -0.2107144296169281 0.40142568945884705 -0.30304402112960815 0.37668460607528687 0.08213004469871521 1.078842043876648 -0.37242891014851964 0.4812667192847669 0.6775827657030672 0.4129898396241463 0.4217744469642639 0.01294688880443573 1.0637266635894775 0.2493932545185089 0.797490119934082 0.31968623399734497 0.4467809796333313 0.4264355003833771 -0.011583253741264343 1.0418552160263062 0.352735161781311 0.7950682640075684 0.29350537061691284 0.3966092467308044 0.4248008131980896 -0.016232669353485107 1.0176200866699219 0.3314540982246399 0.8045094609260559 0.3457164466381073 0.3512589633464813 0.41418686509132385 -0.008326202630996704 0.9882763624191284 0.33031222224235535 0.8230847120285034 0.40067875385284424 0.22996069490909576
0.33669301867485046 0.0978667140007019 0.9602442383766174 0.8382250070571899 -0.2107144296169281 0.40142568945884705 -0.30304402112960815 0.37668460607528687 0.08213004469871521 1.078842043876648 -0.37242891014851964 0.4812667192847669 0.6775827657030672 0.4129898396241463 0.4217744469642639 0.01294688880443573 1.0637266635894775 0.2493932545185089 0.797490119934082 0.31968623399734497 0.4467809796333313 0.4264355003833771 -0.011583253741264343 1.0418552160263062 0.352735161781311 0.7950682640075684 0.29350537061691284 0.3966092467308044 0.4248008131980896 -0.016232669353485107 1.0176200866699219 0.3314540982246399 0.8045094609260559 0.3457164466381073 0.3512589633464813 0.41418686509132385 -0.008326202630996704 0.9882763624191284 0.33031222224235535 0.8230847120285034 0.40067875385284424 0.22996069490909576
0.3368488550186157 0.09816582500934601 0.9598752856254578 0.8389409780502319 -0.2148624360561371 0.3989904224872589 -0.30136147141456604 0.3776768147945404 0.08198078721761703 1.0781325101852417 -0.36699731870465735 0.48315385352163365 0.6784741471723915 0.4141835686980499 0.4221611022949219 0.01256154477596283 1.0626063346862793 0.2534984350204468 0.7982499599456787 0.31768062710762024 0.4445386528968811 0.42645490169525146 -0.011967167258262634 1.040663242340088 0.3567002713680268 0.7953076362609863 0.29125529527664185 0.39423477649688726 0.42440155148506165 -0.01665324717760086 1.0165427923202515 0.3363296091556549 0.8038488626480103 0.3432091176509857 0.350595086812973 0.41375792026519775 -0.00857679545879364 0.9872006773948669 0.33496540784835815 0.822529137134552 0.3988516330718994 0.22838842868804932
0.3381577134132385 0.09915085136890411 0.958751916885376 0.8365991115570068 -0.22440996766090393 0.401406854391098 -0.2976823151111603 0.3787599205970764 0.08194196969270706 1.0769597291946411 -0.36140845455014864 0.4870548219522622 0.6744355369873003 0.4210681213612933 0.42162078619003296 0.011521220207214355 1.0612527132034302 0.2626608908176422 0.7955139875411987 0.313448429107666 0.4471207857131958 0.4252951741218567 -0.013045035302639008 1.0392606258392334 0.3657607436180115 0.791455090045929 0.28748783469200134 0.39644506573677063 0.42308831214904785 -0.017642468214035034 1.0151430368423462 0.3454797863960266 0.8001359105110168 0.33992815017700195 0.3533768355846405 0.4124918282032013 -0.00941041111946106 0.9856084585189819 0.34603339433670044 0.8180317282676697 0.39727839827537537 0.2307702749967575
0.33820414543151855 0.09924659878015518 0.9582643508911133 0.8375973701477051 -0.2290254831314087 0.399915486574173 -0.2933352589607239 0.37959596514701843 0.08210550248622894 1.0762221813201904 -0.3577324959661028 0.4921357698873373 0.6725614793636834 0.42129655125394505 0.4215741753578186 0.011132240295410156 1.0604119300842285 0.26705577969551086 0.796534538269043 0.30879417061805725 0.4459373950958252 0.42478176951408386 -0.013538114726543427 1.0384727716445923 0.3701181709766388 0.7917187213897705 0.2826792299747467 0.39533081650733953 0.42230990529060364 -0.018193446099758148 1.0143933296203613 0.3501655161380768 0.8004189729690552 0.33539700508117676 0.3524523377418518 0.4114706814289093 -0.010067857801914215 0.9844925403594971 0.35311245918273926 0.8173937797546387 0.3947192430496216 0.22666218876838684
0.33832457661628723 0.09932819753885269 0.9579278230667114 0.8387156128883362 -0.23255378007888794 0.39805129170417786 -0.2898796498775482 0.38051900267601013 0.08232884854078293 1.0756510496139526 -0.35552612747653867 0.49690142782806274 0.6709424173436438 0.42015071752692673 0.42182740569114685 0.010889582335948944 1.0596846342086792 0.27043402194976807 0.7977168560028076 0.305086612701416 0.44433718919754034 0.42482879757881165 -0.013815797865390778 1.037671685218811 0.37320926785469055 0.7928857803344727 0.2789086699485779 0.39275580644607544 0.42194217443466187 -0.018563956022262573 1.0137397050857544 0.3537876605987549 0.8009856939315796 0.33169543743133545 0.3510478138923645 0.41090282797813416 -0.010492496192455292 0.9835777878761292 0.35813179612159735 0.8173551559448242 0.39269241690635687 0.22240772843360904
0.33836132287979126 0.09936986863613129 0.9576621055603027 0.8395827412605286 -0.23477321863174436 0.39633700251579285 -0.28792253136634827 0.3811805546283722 0.08247973024845123 1.0752041339874268 -0.35468252928539995 0.5003346721134715 0.66989327543737 0.4184596769934643 0.42209237813949585 0.010719448328018188 1.0590529441833496 0.2725890874862671 0.798653244972229 0.3029554486274719 0.44279345870018005 0.42498964071273804 -0.01397985965013504 1.0369478464126587 0.37510851025581365 0.793948769569397 0.27671101689338684 0.3903459012508393 0.4217810034751892 -0.01878168433904648 1.0131365060806274 0.3560822010040283 0.801507830619812 0.32950302958488464 0.3495977520942688 0.4105914831161499 -0.010716795921325684 0.9828601479530334 0.36105841398239136 0.8174923062324524 0.3914490342140198 0.2193419337272644
0.33822429180145264 0.09941157698631287 0.9574635624885559 0.8397785425186157 -0.23617276549339294 0.3952615261077881 -0.2876852750778198 0.38134393095970154 0.08246494829654694 1.074910283088684 -0.3551288158169191 0.5021997985873574 0.6691867911219038 0.4169748074933363 0.4220638871192932 0.010492458939552307 1.0585296154022217 0.27399855852127075 0.798873245716095 0.3025987446308136 0.4417696893215179 0.4249553084373474 -0.014146760106086731 1.036302089691162 0.37627959251403814 0.7944183349609375 0.27635759115219116 0.38850980997085577 0.421537309885025 -0.018944039940834045 1.012575387954712 0.3574809432029724 0.8015026450157166 0.32911285758018494 0.3485482335090637 0.4101737141609192 -0.010910660028457642 0.9821497201919556 0.36391547322273254 0.8167020082473755 0.3915647268295288 0.21734902262687683
0.3384297788143158 0.09950004518032074 0.9573474526405334 0.8398144841194153 -0.23728591203689578 0.3943149149417878 -0.28796300292015076 0.38177213072776794 0.08246144652366638 1.0747220516204834 -0.3560230727839107 0.5036419973121197 0.6685891682466211 0.415428270403559 0.4223708212375641 0.010312110185623169 1.0580861568450928 0.27514731884002686 0.7989224195480347 0.3027741312980652 0.4408453702926636 0.4252126216888428 -0.014275968074798584 1.0357803106307983 0.37730172276496887 0.7944965362548828 0.2764802575111389 0.38726896047592163 0.4216971695423126 -0.019034743309020996 1.0120744705200195 0.3585756719112396 0.8013861179351807 0.3292529284954071 0.34755739569664 0.4102054834365845 -0.011010676622390747 0.9814862608909607 0.3663650155067444 0.8158515095710754 0.3921084403991699 0.21543917059898376
0.33868882060050964 0.09951344132423401 0.9572376012802124 0.8395123481750488 -0.23836159706115723 0.3938138484954834 -0.28864043951034546 0.3821030557155609 0.0822673812508583 1.0745668411254883 -0.3565960819471279 0.5042569208772302 0.668237266108026 0.41475662044631684 0.4226031005382538 0.009996339678764343 1.0576950311660767 0.27626296877861023 0.7986010313034058 0.3033589720726013 0.44032770395278925 0.4254493713378906 -0.014516778290271759 1.0352810621261597 0.37825262546539307 0.7943304777145386 0.2770986557006836 0.38623863458633423 0.42184141278266907 -0.019228368997573853 1.0116077661514282 0.3595921993255615 0.8009451627731323 0.32985594868659973 0.34695151448249817 0.4102945327758789 -0.01115882396697998 0.9809096455574036 0.3681473135948181 0.8149374127388 0.39302217960357666 0.21419131755828857
0.3387790024280548 0.0994737446308136 0.9571894407272339 0.8390169143676758 -0.2396407425403595 0.39387112855911255 -0.28894394636154175 0.38215094804763794 0.08200694620609283 1.0744990110397339 -0.3567229191243662 0.5047456419343909 0.6676756219404736 0.41495776429315073 0.4224827289581299 0.009603708982467651 1.0574830770492554 0.27753955125808716 0.7980536818504333 0.30357345938682556 0.440369576215744 0.425348162651062 -0.014841407537460327 1.0349624156951904 0.3793520927429199 0.7939856052398682 0.2774416208267212 0.38562309741973877 0.42167240381240845 -0.019510522484779358 1.0113195180892944 0.36060625314712524 0.80046147108078 0.33034637570381165 0.3465487062931061 0.41007179021835327 -0.011400863528251648 0.9806093573570251 0.36968582868576055 0.8140165209770203 0.3935764431953431 0.21402609348297122
0.3386574685573578 0.09930726885795593 0.9572402834892273 0.8377338647842407 -0.2404818832874298 0.3953430652618408 -0.2899559736251831 0.3815543055534363 0.08156236261129379 1.074674129486084 -0.3580759455344337 0.5043514776107094 0.6665755570859261 0.41603884463078805 0.42177921533584595 0.009043678641319275 1.0576127767562866 0.2783682942390442 0.7966329455375671 0.30455392599105835 0.44173985719680786 0.4248616397380829 -0.015292398631572723 1.0349184274673462 0.37988531589508057 0.7932279109954834 0.27882513403892517 0.3856595456600189 0.4211443066596985 -0.019923090934753418 1.0113424062728882 0.360909640789032 0.799452006816864 0.3319254219532013 0.3470539152622223 0.4096064269542694 -0.011744990944862366 0.9806602001190186 0.37010297179222107 0.8127857446670532 0.39497148990631104 0.21540798246860504
0.3386574685573578 0.09930726885795593 0.9572402834892273 0.8377338647842407 -0.2404818832874298 0.3953430652618408 -0.2899559736251831 0.3815543055534363 0.08156236261129379 1.074674129486084 -0.3580759455344337 0.5043514776107094 0.6665755570859261 0.41603884463078805 0.42177921533584595 0.009043678641319275 1.0576127767562866 0.2783682942390442 0.7966329455375671 0.30455392599105835 0.44173985719680786 0.4248616397380829 -0.015292398631572723 1.0349184274673462 0.37988531589508057 0.7932279109954834 0.27882513403892517 0.3856595456600189 0.4211443066596985 -0.019923090934753418 1.0113424062728882 0.360909640789032 0.799452006816864 0.3319254219532013 0.3470539152622223 0.4096064269542694 -0.011744990944862366 0.9806602001190186 0.37010297179222107 0.8127857446670532 0.39497148990631104 0.21540798246860504
0.33776187896728516 0.09859710931777954 0.9574286937713623 0.8357735872268677 -0.24056565761566165 0.3972972929477692 -0.29285764694213867 0.3798786997795105 0.08031187951564789 1.0750125646591187 -0.35969046668714505 0.5017226881089867 0.666446554098181 0.4180265819202036 0.4202093482017517 0.007882416248321533 1.0578442811965942 0.27852723002433777 0.7944939136505127 0.30746883153915405 0.44346922636032104 0.4235323667526245 -0.016277216374874115 1.034980297088623 0.3798322081565857 0.7916764616966248 0.28213566541671753 0.38649114966392517 0.4201105237007141 -0.020722612738609314 1.0112922191619873 0.3595142364501953 0.7987443208694458 0.33625951409339905 0.34595760703086853 0.40852880477905273 -0.012477904558181763 0.9807278513908386 0.36948156356811523 0.8110837936401367 0.3982169032096863 0.21690942347049713
0.3372294306755066 0.09813661873340607 0.9576455354690552 0.8345602750778198 -0.24090394377708438 0.39851158857345587 -0.2943856120109558 0.3788854777812958 0.07948537170886993 1.075307011604309 -0.3600874782626967 0.5001167987539366 0.6664145145748386 0.41965696025868954 0.41922008991241455 0.007106617093086243 1.058078646659851 0.2788960337638855 0.7931608557701111 0.3089870810508728 0.4445670247077942 0.4226103723049164 -0.01697273552417755 1.0351591110229492 0.3801589012145996 0.7904531955718994 0.28384801745414734 0.3874187767505646 0.41927629709243774 -0.021342575550079346 1.0114518404006958 0.3596879243850708 0.797519326210022 0.3379594087600708 0.34694531559944153 0.40782248973846436 -0.013004064559936523 0.9808777570724487 0.36935961246490473 0.8099920749664307 0.39999410510063166 0.21792456507682798
0.3372294306755066 0.09813661873340607 0.9576455354690552 0.8345602750778198 -0.24090394377708438 0.39851158857345587 -0.2943856120109558 0.3788854777812958 0.07948537170886993 1.075307011604309 -0.3600874782626967 0.5001167987539366 0.6664145145748386 0.41965696025868954 0.41922008991241455 0.007106617093086243 1.058078646659851 0.2788960337638855 0.7931608557701111 0.3089870810508728 0.4445670247077942 0.4226103723049164 -0.01697273552417755 1.0351591110229492 0.3801589012145996 0.7904531955718994 0.28384801745414734 0.3874187767505646 0.41927629709243774 -0.021342575550079346 1.0114518404006958 0.3596879243850708 0.797519326210022 0.3379594087600708 0.34694531559944153 0.40782248973846436 -0.013004064559936523 0.9808777570724487 0.36935961246490473 0.8099920749664307 0.39999410510063166 0.21792456507682798
0.3360624313354492 0.09697927534580231 0.9577946662902832 0.8329518437385559 -0.24061185121536252 0.40085777640342707 -0.29599007964134216 0.3769443929195404 0.0780639499425888 1.0756254196166992 -0.36156027887742254 0.49814160802152957 0.665788721559958 0.42172794809328623 0.41733452677726746 0.005744419991970062 1.0585143566131592 0.27861517667770386 0.791355311870575 0.31064561009407043 0.4467994272708893 0.42090362310409546 -0.018240220844745636 1.0355346202850342 0.3797420859336853 0.7890506386756897 0.28601130843162537 0.38909193873405457 0.41799119114875793 -0.02244573086500168 1.0116544961929321 0.3576492071151733 0.7974982261657715 0.34133452177047724 0.34579515457153315 0.40643978118896484 -0.014139831066131592 0.9812206625938416 0.36853334307670593 0.8087939023971558 0.40199995040893555 0.22007161378860474
0.3360624313354492 0.09697927534580231 0.9577946662902832 0.8329518437385559 -0.24061185121536252 0.40085777640342707 -0.29599007964134216 0.3769443929195404 0.0780639499425888 1.0756254196166992 -0.36156027887742254 0.49814160802152957 0.665788721559958 0.42172794809328623 0.41733452677726746 0.005744419991970062 1.0585143566131592 0.27861517667770386 0.791355311870575 0.31064561009407043 0.4467994272708893 0.42090362310409546 -0.018240220844745636 1.0355346202850342 0.3797420859336853 0.7890506386756897 0.28601130843162537 0.38909193873405457 0.41799119114875793 -0.02244573086500168 1.0116544961929321 0.3576492071151733 0.7974982261657715 0.34133452177047724 0.34579515457153315 0.40643978118896484 -0.014139831066131592 0.9812206625938416 0.36853334307670593 0.8087939023971558 0.40199995040893555 0.22007161378860474
0.3360624313354492 0.09697927534580231 0.9577946662902832 0.8329518437385559 -0.24061185121536252 0.40085777640342707 -0.29599007964134216 0.3769443929195404 0.0780639499425888 1.0756254196166992 -0.36156027887742254 0.49814160802152957 0.665788721559958 0.42172794809328623 0.41733452677726746 0.005744419991970062 1.0585143566131592 0.27861517667770386 0.791355311870575 0.31064561009407043 0.4467994272708893 0.42090362310409546 -0.018240220844745636 1.0355346202850342 0.3797420859336853 0.7890506386756897 0.28601130843162537 0.38909193873405457 0.41799119114875793 -0.02244573086500168 1.0116544961929321 0.3576492071151733 0.7974982261657715 0.34133452177047724 0.34579515457153315 0.40643978118896484 -0.014139831066131592 0.9812206625938416 0.36853334307670593 0.8087939023971558 0.40199995040893555 0.22007161378860474
0.3360624313354492 0.09697927534580231 0.9577946662902832 0.8329518437385559 -0.24061185121536252 0.40085777640342707 -0.29599007964134216 0.3769443929195404 0.0780639499425888 1.0756254196166992 -0.36156027887742254 0.49814160802152957 0.665788721559958 0.42172794809328623 0.41733452677726746 0.005744419991970062 1.0585143566131592 0.27861517667770386 0.791355311870575 0.31064561009407043 0.4467994272708893 0.42090362310409546 -0.018240220844745636 1.0355346202850342 0.3797420859336853 0.7890506386756897 0.28601130843162537 0.38909193873405457 0.41799119114875793 -0.02244573086500168 1.0116544961929321 0.3576492071151733 0.7974982261657715 0.34133452177047724 0.34579515457153315 0.40643978118896484 -0.014139831066131592 0.9812206625938416 0.36853334307670593 0.8087939023971558 0.40199995040893555 0.22007161378860474
0.3360624313354492 0.09697927534580231 0.9577946662902832 0.8329518437385559 -0.24061185121536252 0.40085777640342707 -0.29599007964134216 0.3769443929195404 0.0780639499425888 1.0756254196166992 -0.36156027887742254 0.49814160802152957 0.665788721559958 0.42172794809328623 0.41733452677726746 0.005744419991970062 1.0585143566131592 0.27861517667770386 0.791355311870575 0.31064561009407043 0.4467994272708893 0.42090362310409546 -0.018240220844745636 1.0355346202850342 0.3797420859336853 0.7890506386756897 0.28601130843162537 0.38909193873405457 0.41799119114875793 -0.02244573086500168 1.0116544961929321 0.3576492071151733 0.7974982261657715 0.34133452177047724 0.34579515457153315 0.40643978118896484 -0.014139831066131592 0.9812206625938416 0.36853334307670593 0.8087939023971558 0.40199995040893555 0.22007161378860474
0.33381038904190063 0.09351161122322083 0.9571552872657776 0.8280223608016968 -0.245398074388504 0.4159089922904968 -0.28491854667663574 0.37170132994651794 0.07593443244695663 1.0760557651519775 -0.3660813116652947 0.5054710150753265 0.6508657281114643 0.4322703512822229 0.4110720157623291 0.0023163482546806335 1.06078040599823 0.2806498110294342 0.788780927658081 0.3007867634296417 0.4567144215106964 0.41382479667663574 -0.02227053791284561 1.0385321378707886 0.3835557699203491 0.7835841178894043 0.2773520350456238 0.4024389088153839 0.4107745289802551 -0.02695433795452118 1.0150399208068848 0.3623887896537781 0.7914909720420837 0.3321751654148102 0.36314770579338074 0.3998910188674927 -0.019168540835380554 0.9841230511665344 0.3767414093017578 0.8032680749893188 0.3947928547859192 0.23867344856262207
0.3334041237831116 0.09245237708091736 0.956699788570404 0.8279175162315369 -0.2451923489570618 0.4213083684444428 -0.2773672044277191 0.3705623149871826 0.07636384665966034 1.0760090351104736 -0.3688434780259472 0.5109016694786644 0.6440234126402623 0.4337834067637173 0.40926554799079895 0.0021457597613334656 1.0620970726013184 0.2799099385738373 0.7885279655456543 0.29344505071640015 0.4623463153839111 0.411878377199173 -0.022794857621192932 1.0402547121047974 0.3832659721374511 0.7828335762023926 0.270577073097229 0.4087382555007934 0.40834707021713257 -0.027961894869804382 1.0171374082565308 0.36487388610839844 0.7885488271713257 0.32290932536125183 0.37521684169769287 0.3969266712665558 -0.02117498219013214 0.9868032932281494 0.38378262519836426 0.7984079122543335 0.3839495778083801 0.26045799255371094
0.3335380554199219 0.09123892337083817 0.9562889337539673 0.8284611105918884 -0.24689298868179319 0.42771446704864496 -0.2641144394874573 0.3702220916748047 0.07738979160785675 1.0759931802749634 -0.37049560956435756 0.5211327208230818 0.6335661121879271 0.4356005502561645 0.4074341952800751 0.0021263733506202698 1.0640342235565186 0.28112876415252686 0.788199782371521 0.28001460433006287 0.4704250693321228 0.4095018208026886 -0.023391157388687134 1.0429047346115112 0.38498228788375854 0.7813621163368225 0.2579542398452759 0.4179973006248474 0.40491607785224915 -0.02938701957464218 1.0204675197601318 0.3701774477958679 0.7836856245994568 0.3079870641231537 0.3923640847206116 0.39210808277130127 -0.024140723049640656 0.9913595914840698 0.3975468873977661 0.7877622842788696 0.3649764657020569 0.29695022106170654
0.3335380554199219 0.09123892337083817 0.9562889337539673 0.8284611105918884 -0.24689298868179319 0.42771446704864496 -0.2641144394874573 0.3702220916748047 0.07738979160785675 1.0759931802749634 -0.37049560956435756 0.5211327208230818 0.6335661121879271 0.4356005502561645 0.4074341952800751 0.0021263733506202698 1.0640342235565186 0.28112876415252686 0.788199782371521 0.28001460433006287 0.4704250693321228 0.4095018208026886 -0.023391157388687134 1.0429047346115112 0.38498228788375854 0.7813621163368225 0.2579542398452759 0.4179973006248474 0.40491607785224915 -0.02938701957464218 1.0204675197601318 0.3701774477958679 0.7836856245994568 0.3079870641231537 0.3923640847206116 0.39210808277130127 -0.024140723049640656 0.9913595914840698 0.3975468873977661 0.7877622842788696 0.3649764657020569 0.29695022106170654
0.3330647051334381 0.08718247711658478 0.9550573229789734 0.8331522941589355 -0.24345466494560242 0.44232144951820374 -0.22569631040096283 0.3680216670036316 0.08144347369670868 1.0758919715881348 -0.38239104615159386 0.5493821486071877 0.6002089939229082 0.43784202790455684 0.39881014823913574 0.0034486055374145508 1.0715689659118652 0.28383493423461914 0.7703874111175537 0.2337871640920639 0.520849883556366 0.40116259455680847 -0.023388952016830444 1.0526758432388306 0.38435608148574835 0.7698655724525452 0.21809898316860202 0.46044579148292547 0.39413586258888245 -0.03183818608522415 1.031655192375183 0.38019081950187683 0.7629151344299316 0.26098430156707764 0.4531034827232361 0.3821019232273102 -0.02890455722808838 1.0027564764022827 0.413888543844223 0.770004391670227 0.31637099385261536 0.3683735132217407
0.33287808299064636 0.08395221084356308 0.9539724588394165 0.8380578756332397 -0.2398552894592285 0.45037892460823054 -0.19309952855110166 0.36744147539138794 0.08542132377624512 1.07503080368042 -0.3934411406517029 0.5737981796264648 0.5724995732307434 0.4338248670101166 0.3926348090171814 0.005943231284618378 1.0769084692001343 0.2831791639328003 0.7529031038284302 0.194064661860466 0.5615028738975525 0.39546990394592285 -0.0219024196267128 1.059912919998169 0.38192641735076904 0.7592580318450928 0.18223662674427032 0.494418203830719 0.3878859281539917 -0.0318940207362175 1.0393316745758057 0.3821734488010407 0.7508605718612671 0.22273582220077517 0.490449607372284 0.3778436779975891 -0.030486591160297394 1.0096229314804077 0.4153022766113281 0.7687346935272217 0.2826727330684662 0.39581212401390076
0.3328617811203003 0.08027006685733795 0.9528219103813171 0.8418971300125122 -0.23966565728187558 0.4604448080062866 -0.1475135236978531 0.36804211139678955 0.09072893857955933 1.0732406377792358 -0.40173524618148804 0.607677698135376 0.5347851514816284 0.428183913230896 0.38572677969932556 0.01033010333776474 1.082801342010498 0.28041303157806396 0.7325936555862427 0.14169487357139587 0.6038192510604858 0.3882990777492523 -0.01880761981010437 1.0684701204299927 0.37979012727737427 0.743613064289093 0.132167249917984 0.5341637134552002 0.3804728090763092 -0.03061550110578537 1.0484249591827393 0.3828400671482086 0.737725019454956 0.17298173904418945 0.5284625291824341 0.3723950982093811 -0.031372956931591034 1.0180513858795166 0.41728758811950684 0.7679259777069092 0.23802214860916138 0.42368167638778687
0.3326200246810913 0.07647129893302917 0.9520333409309387 0.8436704874038696 -0.24066419899463656 0.47044369578361517 -0.0947813093662262 0.3695318102836609 0.09639494866132736 1.0706924200057983 -0.4054567217826843 0.6447677612304688 0.49213963747024536 0.42151880264282227 0.3789396584033966 0.016803614795207977 1.088578701019287 0.2732103168964386 0.709424614906311 0.08278796076774597 0.6443748474121094 0.38055336475372314 -0.013542361557483673 1.0775108337402344 0.37471461296081543 0.722905158996582 0.07422447204589844 0.5757496953010559 0.37248656153678894 -0.02737334370613098 1.058311939239502 0.38028693199157715 0.7219899892807007 0.11684618890285492 0.5660912990570068 0.36461350321769714 -0.030620425939559937 1.0287461280822754 0.41917476058006287 0.7571655511856079 0.18081724643707275 0.467223584651947
0.3319041430950165 0.07281055301427841 0.9516109824180603 0.8438512086868286 -0.24649019539356232 0.4755246043205261 -0.032155826687812805 0.3723224401473999 0.10197141766548157 1.0671521425247192 -0.4006315767765045 0.6842393279075623 0.4449719786643982 0.4163060188293457 0.3733910620212555 0.025280743837356567 1.0933948755264282 0.26384198665618896 0.6854590177536011 0.014120727777481079 0.6784791946411133 0.37215152382850647 -0.0056260451674461365 1.0864624977111816 0.36746400594711304 0.6949465870857239 0.005002051591873169 0.6180570125579834 0.36378931999206543 -0.021558545529842377 1.0685837268829346 0.3761521279811859 0.7008976936340332 0.04812222719192505 0.6040995121002197 0.3557526767253876 -0.027325712144374847 1.0402591228485107 0.42108187079429626 0.7382625341415405 0.10592003166675568 0.516177773475647
0.33089694380760193 0.06949758529663086 0.9514827728271484 0.840966522693634 -0.25109463930130005 0.47851699590682983 0.02735745906829834 0.37513968348503113 0.10689020156860352 1.063201904296875 -0.39483442902565 0.7184832692146301 0.3993273079395294 0.4103967845439911 0.3689771294593811 0.03465202450752258 1.0967888832092285 0.2494562268257141 0.6589242815971375 -0.05051982402801514 0.7078405022621155 0.36464375257492065 0.004142589867115021 1.0939022302627563 0.35366180539131165 0.662417471408844 -0.06074187159538269 0.6575994491577148 0.35569995641708374 -0.01358497142791748 1.0778427124023438 0.3652852773666382 0.6743109226226807 -0.01837712526321411 0.6415091753005981 0.34736013412475586 -0.021704748272895813 1.0509458780288696 0.4159179627895355 0.7114527225494385 0.03137502074241638 0.5655642747879028
0.329536497592926 0.06657855957746506 0.951517641544342 0.8367105722427368 -0.25194981694221497 0.4799274802207946 0.07814320921897887 0.37759068608283997 0.11088733375072479 1.0591360330581665 -0.3894616663455963 0.7451308369636536 0.3610955774784088 0.40337279438972473 0.3656866252422333 0.04386373609304428 1.098595380783081 0.23040506243705747 0.6316630840301514 -0.10502603650093077 0.7327241897583008 0.35840511322021484 0.014649398624897003 1.0992258787155151 0.33308425545692444 0.6281481981277466 -0.11656457185745238 0.6934677958488464 0.3481637239456177 -0.004309244453907013 1.0852429866790771 0.3477068841457367 0.6417942643165588 -0.07581624388694763 0.6793025732040405 0.3394313156604767 -0.014360032975673676 1.060050129890442 0.40203332901000977 0.6771080493927002 -0.0343000590801239 0.6154003143310547
0.3287602961063385 0.06447017192840576 0.9512923359870911 0.8298654556274414 -0.25046631693840027 0.4844341278076172 0.11795592308044434 0.3791782855987549 0.11442568898200989 1.0553932189941406 -0.38800787925720215 0.7643280029296875 0.32725465297698975 0.3976895809173584 0.3628266453742981 0.0523211844265461 1.0991638898849487 0.2107168287038803 0.605249285697937 -0.14630600810050964 0.7535691261291504 0.35306066274642944 0.024797044694423676 1.1023449897766113 0.3105047047138214 0.5932581424713135 -0.15932244062423706 0.7254294753074646 0.341826468706131 0.005430854856967926 1.090232253074646 0.3251045048236847 0.6066625118255615 -0.12191379070281982 0.7151256799697876 0.33346959948539734 -0.00666499137878418 1.0663385391235352 0.3833447992801666 0.6436488032341003 -0.08561304211616516 0.6568360328674316
0.3287602961063385 0.06447017192840576 0.9512923359870911 0.8298654556274414 -0.25046631693840027 0.4844341278076172 0.11795592308044434 0.3791782855987549 0.11442568898200989 1.0553932189941406 -0.38800787925720215 0.7643280029296875 0.32725465297698975 0.3976895809173584 0.3628266453742981 0.0523211844265461 1.0991638898849487 0.2107168287038803 0.605249285697937 -0.14630600810050964 0.7535691261291504 0.35306066274642944 0.024797044694423676 1.1023449897766113 0.3105047047138214 0.5932581424713135 -0.15932244062423706 0.7254294753074646 0.341826468706131 0.005430854856967926 1.090232253074646 0.3251045048236847 0.6066625118255615 -0.12191379070281982 0.7151256799697876 0.33346959948539734 -0.00666499137878418 1.0663385391235352 0.3833447992801666 0.6436488032341003 -0.08561304211616516 0.6568360328674316
0.3268354833126068 0.06177531182765961 0.9509583115577698 0.8177562952041626 -0.2446577697992325 0.48574835062026983 0.18832334876060486 0.38267385959625244 0.12076930701732635 1.0475554466247559 -0.38303086161613464 0.794536828994751 0.27224063873291016 0.38455623388290405 0.3615894317626953 0.06798404455184937 1.0977983474731445 0.17200757563114166 0.5717280507087708 -0.2137793004512787 0.773200273513794 0.34681692719459534 0.04497533664107323 1.1043211221694946 0.26010099053382874 0.5326434969902039 -0.23120293021202087 0.7714813351631165 0.33428993821144104 0.02537781372666359 1.095371961593628 0.2730376422405243 0.5412828922271729 -0.20302897691726685 0.7689229249954224 0.3277585506439209 0.008781295269727707 1.0744996070861816 0.34025636315345764 0.5979180335998535 -0.17127856612205505 0.705254077911377
0.3256072402000427 0.06126191467046738 0.9509321451187134 0.8158126473426819 -0.2343343943357468 0.4852277040481568 0.20997934043407443 0.3828180432319641 0.12419741600751877 1.0443181991577148 -0.38759762048721313 0.8011430501937866 0.2575613260269165 0.3762979507446289 0.3612392246723175 0.07443688064813614 1.096516489982605 0.15274958312511444 0.5597691535949707 -0.22960653901100156 0.7814135551452637 0.34539350867271423 0.053542137145996094 1.1038219928741455 0.2326024919748306 0.5094801187515259 -0.2508089542388916 0.7895702123641968 0.3332909941673279 0.03353109583258629 1.096097707748413 0.2450926303863525 0.5183573365211487 -0.22614377737045285 0.7874608039855957 0.327544242143631 0.015313103795051575 1.0767232179641724 0.3150498569011688 0.5835355520248413 -0.1978341042995453 0.7218668460845947
0.3250848650932312 0.06116314232349396 0.9506365060806274 0.8148542642593384 -0.22161079943180084 0.4857579469680786 0.22570013999938965 0.38299551606178284 0.12769369781017303 1.041183590888977 -0.3942451477050782 0.8051252961158752 0.24714533984661105 0.367781549692154 0.3611336052417755 0.08044038712978363 1.094848871231079 0.13355453312397003 0.5478970408439636 -0.23852702975273132 0.7906180620193481 0.34488171339035034 0.06116316467523575 1.1025866270065308 0.2060269266366959 0.4883228540420533 -0.2633472979068756 0.8060656785964966 0.33356183767318726 0.04075857251882553 1.0959609746932983 0.21772758662700653 0.49893665313720703 -0.24150237441062927 0.8033265471458435 0.3283787667751312 0.021344609558582306 1.0779632329940796 0.2894664704799652 0.5710655450820923 -0.21657896041870117 0.7370120882987976
0.3257218599319458 0.06167081743478775 0.9499081969261169 0.814808189868927 -0.20950250327587128 0.48671382665634155 0.2351725548505783 0.3838982880115509 0.1314857304096222 1.038023829460144 -0.40354153513908386 0.809040904045105 0.23815196752548218 0.35481101274490356 0.3615448474884033 0.08591310679912567 1.0928114652633667 0.1154705062508583 0.5358051061630249 -0.24250191450119019 0.8004825711250305 0.34577950835227966 0.06714996695518494 1.100862979888916 0.18484362959861755 0.4712575376033783 -0.27009010314941406 0.8190240859985352 0.33496856689453125 0.04683539643883705 1.0949217081069946 0.1935332715511322 0.4811278879642487 -0.2507077753543854 0.817439079284668 0.3307155966758728 0.0263620987534523 1.0781702995300293 0.26704445481300354 0.564254879951477 -0.22785255312919617 0.7472530603408813
0.3263724446296692 0.06186198443174362 0.9491106271743774 0.8145090937614441 -0.20515470206737518 0.48567044734954834 0.24209663271903992 0.3851761221885681 0.1330745965242386 1.0359078645706177 -0.406957745552063 0.8136626482009888 0.23099026083946228 0.34493789076805115 0.3615822196006775 0.08882632106542587 1.0909109115600586 0.1058192178606987 0.5230080485343933 -0.24638691544532776 0.8090479373931885 0.34671729803085327 0.0704149454832077 1.0991655588150024 0.1727980524301529 0.45709609985351557 -0.2774282693862915 0.8271865844726562 0.336166650056839 0.05019763857126236 1.0936810970306396 0.1796727031469345 0.46754974126815796 -0.2591254711151123 0.8258141279220581 0.333221971988678 0.02847464382648468 1.0778069496154785 0.25716549158096313 0.5649782419204712 -0.2363432943820953 0.7475342750549316
0.3263852894306183 0.06263480335474014 0.9480749368667603 0.8166226744651794 -0.2035489529371262 0.48301187157630926 0.24164992570877078 0.3854149580001831 0.13385260105133057 1.0348351001739502 -0.4086398780345917 0.8149464130401611 0.23177587985992432 0.33934611082077026 0.3608517646789551 0.0901387631893158 1.089142084121704 0.10136032849550247 0.5125333070755005 -0.2448560893535614 0.8167504072189331 0.3470902442932129 0.07170291244983673 1.0974324941635132 0.16744139790534973 0.44775393605232244 -0.27916672825813293 0.8327939510345459 0.33699145913124084 0.05148962512612343 1.0921852588653564 0.17360921204090118 0.46134471893310547 -0.26113757491111755 0.8299566507339478 0.3350273072719574 0.029043421149253845 1.0766628980636597 0.2536180317401886 0.5691795945167542 -0.23800837993621826 0.7450265884399414
0.326064795255661 0.06340675055980682 0.9467294812202454 0.8193172812461853 -0.2024192065000534 0.4803313612937927 0.23880407214164734 0.384199321269989 0.1341104805469513 1.0343350172042847 -0.41105318069458013 0.8105083703994751 0.23781406879425052 0.34286403656005865 0.3600009083747864 0.0909421369433403 1.0872931480407715 0.09799692779779436 0.5057665109634399 -0.24211114645004275 0.82217937707901 0.3469870388507843 0.07223742455244064 1.0956681966781616 0.16501149535179138 0.44406697154045105 -0.27728044986724854 0.835877537727356 0.33761388063430786 0.05189597234129906 1.0906153917312622 0.1711474508047104 0.4621785879135132 -0.2598424255847931 0.830410361289978 0.3364119827747345 0.028972327709197998 1.0751054286956787 0.25256291031837463 0.5765886306762695 -0.23620662093162537 0.7402458190917969
0.326064795255661 0.06340675055980682 0.9467294812202454 0.8193172812461853 -0.2024192065000534 0.4803313612937927 0.23880407214164734 0.384199321269989 0.1341104805469513 1.0343350172042847 -0.41105318069458013 0.8105083703994751 0.23781406879425052 0.34286403656005865 0.3600009083747864 0.0909421369433403 1.0872931480407715 0.09799692779779436 0.5057665109634399 -0.24211114645004275 0.82217937707901 0.3469870388507843 0.07223742455244064 1.0956681966781616 0.16501149535179138 0.44406697154045105 -0.27728044986724854 0.835877537727356 0.33761388063430786 0.05189597234129906 1.0906153917312622 0.1711474508047104 0.4621785879135132 -0.2598424255847931 0.830410361289978 0.3364119827747345 0.028972327709197998 1.0751054286956787 0.25256291031837463 0.5765886306762695 -0.23620662093162537 0.7402458190917969
0.326064795255661 0.06340675055980682 0.9467294812202454 0.8193172812461853 -0.2024192065000534 0.4803313612937927 0.23880407214164734 0.384199321269989 0.1341104805469513 1.0343350172042847 -0.41105318069458013 0.8105083703994751 0.23781406879425052 0.34286403656005865 0.3600009083747864 0.0909421369433403 1.0872931480407715 0.09799692779779436 0.5057665109634399 -0.24211114645004275 0.82217937707901 0.3469870388507843 0.07223742455244064 1.0956681966781616 0.16501149535179138 0.44406697154045105 -0.27728044986724854 0.835877537727356 0.33761388063430786 0.05189597234129906 1.0906153917312622 0.1711474508047104 0.4621785879135132 -0.2598424255847931 0.830410361289978 0.3364119827747345 0.028972327709197998 1.0751054286956787 0.25256291031837463 0.5765886306762695 -0.23620662093162537 0.7402458190917969
0.326064795255661 0.06340675055980682 0.9467294812202454 0.8193172812461853 -0.2024192065000534 0.4803313612937927 0.23880407214164734 0.384199321269989 0.1341104805469513 1.0343350172042847 -0.41105318069458013 0.8105083703994751 0.23781406879425052 0.34286403656005865 0.3600009083747864 0.0909421369433403 1.0872931480407715 0.09799692779779436 0.5057665109634399 -0.24211114645004275 0.82217937707901 0.3469870388507843 0.07223742455244064 1.0956681966781616 0.16501149535179138 0.44406697154045105 -0.27728044986724854 0.835877537727356 0.33761388063430786 0.05189597234129906 1.0906153917312622 0.1711474508047104 0.4621785879135132 -0.2598424255847931 0.830410361289978 0.3364119827747345 0.028972327709197998 1.0751054286956787 0.25256291031837463 0.5765886306762695 -0.23620662093162537 0.7402458190917969
0.326064795255661 0.06340675055980682 0.9467294812202454 0.8193172812461853 -0.2024192065000534 0.4803313612937927 0.23880407214164734 0.384199321269989 0.1341104805469513 1.0343350172042847 -0.41105318069458013 0.8105083703994751 0.23781406879425052 0.34286403656005865 0.3600009083747864 0.0909421369433403 1.0872931480407715 0.09799692779779436 0.5057665109634399 -0.24211114645004275 0.82217937707901 0.3469870388507843 0.07223742455244064 1.0956681966781616 0.16501149535179138 0.44406697154045105 -0.27728044986724854 0.835877537727356 0.33761388063430786 0.05189597234129906 1.0906153917312622 0.1711474508047104 0.4621785879135132 -0.2598424255847931 0.830410361289978 0.3364119827747345 0.028972327709197998 1.0751054286956787 0.25256291031837463 0.5765886306762695 -0.23620662093162537 0.7402458190917969
0.326064795255661 0.06340675055980682 0.9467294812202454 0.8193172812461853 -0.2024192065000534 0.4803313612937927 0.23880407214164734 0.384199321269989 0.1341104805469513 1.0343350172042847 -0.41105318069458013 0.8105083703994751 0.23781406879425052 0.34286403656005865 0.3600009083747864 0.0909421369433403 1.0872931480407715 0.09799692779779436 0.5057665109634399 -0.24211114645004275 0.82217937707901 0.3469870388507843 0.07223742455244064 1.0956681966781616 0.16501149535179138 0.44406697154045105 -0.27728044986724854 0.835877537727356 0.33761388063430786 0.05189597234129906 1.0906153917312622 0.1711474508047104 0.4621785879135132 -0.2598424255847931 0.830410361289978 0.3364119827747345 0.028972327709197998 1.0751054286956787 0.25256291031837463 0.5765886306762695 -0.23620662093162537 0.7402458190917969
0.3263370990753174 0.06673604995012283 0.944107174873352 0.8218770027160645 -0.20022787153720853 0.4781206548213958 0.2362791448831558 0.38046973943710327 0.1374056488275528 1.0335452556610107 -0.4215158522129059 0.7930999398231506 0.24869316816329956 0.36258602142333984 0.3566358685493469 0.09617151319980621 1.082981824874878 0.08505222946405411 0.4756462872028351 -0.23921698331832886 0.8422006964683533 0.3447108268737793 0.07756643742322922 1.0915039777755737 0.15124757587909698 0.41566359996795654 -0.27600938081741333 0.8533269762992859 0.3383013606071472 0.056890133768320084 1.0875781774520874 0.15687595307826996 0.45486986637115484 -0.26190125942230225 0.8365949392318726 0.33841636776924133 0.03288057819008827 1.0724986791610718 0.24144425988197327 0.5794426202774048 -0.23912173509597778 0.740791380405426
0.3264926075935364 0.06755571812391281 0.9442929625511169 0.824134349822998 -0.19707916676998138 0.47545215487480164 0.23644810914993286 0.3807677924633026 0.13864737749099731 1.0333564281463623 -0.4234465956687927 0.7926572561264038 0.2510542869567871 0.3596653938293457 0.3577806055545807 0.0973234474658966 1.0829510688781738 0.0824330672621727 0.47899293899536133 -0.23785319924354553 0.8409497737884521 0.3452703654766083 0.07925578206777573 1.0908558368682861 0.14385563135147095 0.40461015701293945 -0.27735111117362976 0.8594605922698975 0.33901551365852356 0.05838332325220108 1.0872235298156738 0.15086868405342102 0.44666555523872375 -0.26252976059913635 0.8419065475463867 0.3396455943584442 0.034389518201351166 1.07257878780365 0.23479756712913513 0.5774245858192444 -0.24154120683670044 0.7437129020690918
0.3267028331756592 0.06843125075101852 0.9445987343788147 0.8260707259178162 -0.19483260810375214 0.4729040265083313 0.23666265606880188 0.3812404274940491 0.13987816870212555 1.033303141593933 -0.4248518347740174 0.7928467988967896 0.25269296765327454 0.3564281165599823 0.3588867783546448 0.09840428829193115 1.0830731391906738 0.08054057508707047 0.4819308817386627 -0.23697641491889954 0.8397011756896973 0.34596726298332214 0.08073410391807556 1.0904392004013062 0.13774625957012177 0.39428895711898804 -0.27912637591362 0.8646677732467651 0.3395048677921295 0.059901997447013855 1.0868728160858154 0.1449335366487503 0.4357327222824097 -0.26381129026412964 0.8482540249824524 0.34051457047462463 0.035765789449214935 1.0727137327194214 0.22983385622501376 0.5724801421165466 -0.24407497048377993 0.7482447624206543
0.32725441455841064 0.06947974115610123 0.9447625279426575 0.8271205425262451 -0.1943063586950302 0.4720315337181091 0.23516580462455747 0.3814449906349182 0.1407018005847931 1.0337945222854614 -0.4253905713558197 0.7906351089477539 0.2557418942451477 0.35851794481277466 0.35959625244140625 0.09916819632053375 1.0833061933517456 0.08077528327703476 0.48281723260879517 -0.23542466759681702 0.8396059274673462 0.3464186489582062 0.0817771628499031 1.0899728536605835 0.1338125467300415 0.38057291507720953 -0.28101328015327454 0.8707985877990723 0.33952900767326355 0.061137981712818146 1.086356520652771 0.1408454328775406 0.421887993812561 -0.2643982470035553 0.855725884437561 0.34116241335868835 0.036955658346414566 1.0726959705352783 0.2263017445802689 0.5673434138298035 -0.24564439058303836 0.7527070045471191
0.32770365476608276 0.07025743275880814 0.9447713494300842 0.8269678354263306 -0.19548259675502777 0.47198936343193054 0.23481255769729614 0.38121509552001953 0.14070069789886475 1.0345251560211182 -0.42307567596435547 0.7870044708251953 0.2578149139881134 0.36764463782310486 0.361005961894989 0.09918984025716782 1.0838288068771362 0.08448389917612077 0.48864969611167913 -0.23610860109329226 0.8356654047966003 0.34666162729263306 0.08247332274913788 1.0895297527313232 0.13162170350551605 0.3681362867355347 -0.2844754755496979 0.8753429651260376 0.3391430079936981 0.06215580180287361 1.0857946872711182 0.13791753351688385 0.4083227515220642 -0.26646775007247925 0.862117350101471 0.34116628766059875 0.0381477065384388 1.0725661516189575 0.22280809283256534 0.5590416789054871 -0.25000452995300293 0.7585029602050781
0.32770365476608276 0.07025743275880814 0.9447713494300842 0.8269678354263306 -0.19548259675502777 0.47198936343193054 0.23481255769729614 0.38121509552001953 0.14070069789886475 1.0345251560211182 -0.42307567596435547 0.7870044708251953 0.2578149139881134 0.36764463782310486 0.361005961894989 0.09918984025716782 1.0838288068771362 0.08448389917612077 0.48864969611167913 -0.23610860109329226 0.8356654047966003 0.34666162729263306 0.08247332274913788 1.0895297527313232 0.13162170350551605 0.3681362867355347 -0.2844754755496979 0.8753429651260376 0.3391430079936981 0.06215580180287361 1.0857946872711182 0.13791753351688385 0.4083227515220642 -0.26646775007247925 0.862117350101471 0.34116628766059875 0.0381477065384388 1.0725661516189575 0.22280809283256534 0.5590416789054871 -0.25000452995300293 0.7585029602050781
0.3291425406932831 0.07234637439250946 0.9445716738700867 0.8283554315567017 -0.1972101777791977 0.47112828493118286 0.23015980422496796 0.3810334801673889 0.14063656330108643 1.0361418724060059 -0.4197717010974884 0.7783365845680237 0.26686814427375793 0.3830997049808502 0.36590975522994995 0.09814831614494324 1.085178017616272 0.09713912755250931 0.5115270614624023 -0.2338915765285492 0.8210959434509277 0.34774866700172424 0.08345010876655579 1.0886542797088623 0.13019180297851562 0.35017126798629755 -0.28636008501052856 0.8822856545448303 0.3392469584941864 0.06374248117208481 1.0843688249588013 0.13403579592704773 0.38393202424049383 -0.26695698499679565 0.8737073540687561 0.3408847451210022 0.04082143306732178 1.0716947317123413 0.21576708555221558 0.5335903167724609 -0.2569487392902374 0.7763396501541138
0.32924479246139526 0.07327200472354889 0.9443236589431763 0.830349326133728 -0.19647760689258575 0.4722350239753723 0.2211575210094452 0.37972432374954224 0.1404629796743393 1.0372483730316162 -0.4215946793556213 0.7720895409584045 0.27497005462646484 0.3879785239696502 0.3673858344554901 0.09626904129981995 1.0860521793365479 0.10590923577547073 0.5254619121551514 -0.22592976689338684 0.8134056329727173 0.34721702337265015 0.08247967064380646 1.0883369445800781 0.13308393955230713 0.34348347783088684 -0.2809573709964752 0.8862115144729614 0.3383185863494873 0.06308913230895996 1.0835052728652954 0.13549716770648956 0.37342810630798345 -0.260490745306015 0.8799638748168945 0.33985623717308044 0.041006989777088165 1.0708062648773193 0.21379448473453522 0.5207371711730957 -0.2536264657974243 0.7866374254226685
0.3293570876121521 0.07466374337673187 0.9445279836654663 0.8353256583213806 -0.19175510108470917 0.47477850317955017 0.20011581480503082 0.37693771719932556 0.13987813889980316 1.040105938911438 -0.4274279475212097 0.7589001655578613 0.2928212881088257 0.39450138807296753 0.36784809827804565 0.09323227405548096 1.0876156091690063 0.11528379470109941 0.5382032990455627 -0.20536583662033084 0.8092414736747742 0.3460945785045624 0.07996957004070282 1.0885512828826904 0.13946408033370972 0.33814892172813416 -0.26403558254241943 0.892462968826294 0.3372514545917511 0.06093087047338486 1.0828065872192383 0.13942724466323853 0.36358505487442017 -0.24270251393318176 0.8885164260864258 0.33931058645248413 0.039961185306310654 1.069807767868042 0.21183158457279205 0.5108093023300171 -0.23899242281913757 0.7981753945350647
0.3295454680919647 0.07649248838424683 0.9456518292427063 0.8455182909965515 -0.176927849650383 0.4780808687210083 0.1588524878025055 0.3714175224304199 0.1376384198665619 1.0459924936294556 -0.43977370858192444 0.7298889756202698 0.33057981729507446 0.4056823253631592 0.3664800822734833 0.0888829380273819 1.0899112224578857 0.12054502218961716 0.5417504906654358 -0.1630149483680725 0.8157215118408203 0.34455570578575134 0.07483850419521332 1.0894514322280884 0.15079018473625183 0.33583641052246094 -0.22495582699775696 0.9021481275558472 0.3368435800075531 0.05587300658226013 1.0824369192123413 0.1493200659751892 0.35839343070983887 -0.2029500305652618 0.8989266157150269 0.3399043083190918 0.03685005009174347 1.0686991214752197 0.2104649245738983 0.505153477191925 -0.20230361819267273 0.8121562600135803
0.32680705189704895 0.07889861613512039 0.9490193724632263 0.8628186583518982 -0.12899665534496307 0.485399067401886 0.05737319588661194 0.35531190037727356 0.13049274682998657 1.0586202144622803 -0.47382241487503046 0.6512134075164795 0.41801664233207697 0.42032799124717707 0.35833877325057983 0.07904603332281113 1.0940911769866943 0.12201943248510361 0.5295969247817993 -0.05429306626319885 0.8376697897911072 0.34016138315200806 0.06141989678144455 1.09163236618042 0.17728394269943235 0.34711635112762446 -0.1180223524570465 0.9133188724517822 0.3360624611377716 0.04278239607810974 1.0820661783218384 0.1735138446092606 0.3663646578788758 -0.09517964720726015 0.9091813564300537 0.341456800699234 0.02783789485692978 1.0664396286010742 0.21097446978092194 0.5088602900505066 -0.09723344445228577 0.8289129734039307
0.32413816452026367 0.0809447169303894 0.9529393315315247 0.8572990894317627 -0.01737874001264572 0.4924171566963195 -0.14920374751091003 0.32949453592300415 0.10638364404439926 1.0741488933563232 -0.5353454783372904 0.4684679290149834 0.5671426792304854 0.41508108746339006 0.34935563802719116 0.05599135532975197 1.0958176851272583 0.12546144425868988 0.49411195516586304 0.1753268539905548 0.8422430753707886 0.3406279981136322 0.03480779379606247 1.088691234588623 0.21783168613910675 0.3580927848815918 0.1110449731349945 0.9011037945747375 0.3441241681575775 0.019782908260822296 1.0750106573104858 0.20918355882167816 0.3716881573200226 0.13282868266105652 0.8946769833564758 0.3536083698272705 0.01244586706161499 1.0569167137145996 0.21241433918476105 0.5072078108787537 0.13214144110679626 0.82471764087677
0.32080456614494324 0.08828716725111008 0.9577703475952148 0.7481210231781006 0.15062713623046875 0.4789416790008545 -0.43386784195899963 0.30799394845962524 0.06275057792663574 1.078465461730957 -0.5895389930495502 0.15803827280505467 0.7071523170075427 0.3569358236066071 0.3482121527194977 0.027586888521909714 1.0882807970046997 0.12353717535734177 0.39460116624832153 0.49782121181488037 0.7623664140701294 0.35306236147880554 0.010484106838703156 1.074869155883789 0.2524445950984955 0.3112054765224457 0.4385111331939697 0.8044445514678955 0.3647474944591522 0.006458960473537445 1.0592317581176758 0.23719429969787598 0.31719154119491577 0.456363320350647 0.7967815399169922 0.3769819736480713 0.01162593811750412 1.04225754737854 0.1950753927230835 0.44378453493118286 0.459963321685791 0.7439320087432861
0.3140251636505127 0.09157748520374298 0.9632565975189209 -0.5959800100834654 -0.2704893475722551 -0.4283349240207844 0.6230348746873117 0.3072586953639984 0.027159690856933594 1.0701934099197388 -0.5883096464872972 -0.10053147936799249 0.7544576178319827 0.2730916699703674 0.35699719190597534 0.012401603162288666 1.0788105726242065 0.10708464682102203 0.29036617279052734 0.711497962474823 0.6308653950691223 0.3700413107872009 0.004198446869850159 1.0633631944656372 0.2530253231525421 0.24886970221996307 0.6625955104827881 0.6595523357391357 0.3847426176071167 0.011182643473148346 1.0508308410644531 0.22524136304855347 0.2597666084766388 0.6795303821563721 0.6480941772460938 0.39449697732925415 0.024764440953731537 1.0368582010269165 0.15025465190410614 0.37170684337615967 0.6861390471458435 0.6070178151130676
0.3007705807685852 0.0888604074716568 0.9667541980743408 -0.4659086573347309 -0.3386435207442763 -0.3604033307017949 0.7337296562505565 0.3100478947162628 0.005672462284564972 1.0606719255447388 -0.566082683753795 -0.2762542493404983 0.7516588605905168 0.19555836940364862 0.36305344104766846 0.007375434041023254 1.073001742362976 0.06954138725996017 0.2251463383436203 0.8326084017753601 0.5012350082397461 0.38114234805107117 0.00782090425491333 1.059057593345642 0.20528972148895264 0.22810694575309753 0.8008471727371216 0.5142637491226196 0.3949238657951355 0.0227305069565773 1.0512518882751465 0.1498890433980285 0.24732035930512264 0.8182258636065773 0.4968626012690729 0.3988896608352661 0.03972749039530754 1.0365287065505981 0.08776209366585253 0.32332747199903805 0.8180772592782547 0.4674471741500833
0.2958696484565735 0.0805058628320694 0.9653843641281128 -0.40309941611895284 -0.36787241554258965 -0.33065998425647886 0.7699641019244741 0.3087409734725952 -0.008407101035118103 1.0541088581085205 -0.5887403617906417 -0.3501895558298518 0.7089092927971343 0.16792825654481267 0.36369770765304565 0.0015559419989585876 1.074349284172058 -0.015512280740854293 0.21125248413581083 0.8704660955287411 0.44432039089642883 0.38631492853164673 0.008088164031505585 1.064656376838684 0.09165960743063999 0.248971805984244 0.8584116313358849 0.4390229196740463 0.39828717708587646 0.02749502658843994 1.0601487159729004 0.011343341448774108 0.27093043473338635 0.8685286426056861 0.4148807913087887 0.39935266971588135 0.04455706849694252 1.0410021543502808 -0.00048317480512074195 0.3149084807308838 0.8639851421026404 0.39288948478652913
0.2977713346481323 0.07205069065093994 0.9639349579811096 -0.3024871300769188 -0.4368089069330085 -0.3032671164459265 0.7910300620243422 0.31196463108062744 -0.023618876934051514 1.0446058511734009 -0.6191566415347852 -0.45976889219873046 0.6249892867553004 0.12102201761386437 0.36225229501724243 -0.002488076686859131 1.0820595026016235 -0.16256087200747962 0.16537690820940956 0.8987185215003588 0.3721954337305456 0.38642141222953796 0.012796536087989807 1.0810831785202026 -0.09116816807908515 0.23256173382905948 0.9020674399371315 0.35196275523925674 0.39216193556785583 0.03745028376579285 1.0815058946609497 -0.19920542686613643 0.24928897432066016 0.8903821177580741 0.32464116567991863 0.3922331929206848 0.05960472673177719 1.0632407665252686 -0.236040459648541 0.2975013761637807 0.8802999836023281 0.28434099750483227
0.30209559202194214 0.06918483227491379 0.9633297324180603 -0.19327339919857334 -0.49211144626109815 -0.2880179718089204 0.798446819936008 0.3198656141757965 -0.032773129642009735 1.0335159301757812 0.6216772794723511 0.5635452270507812 -0.5382516384124756 -0.07886423170566559 0.3580160439014435 -0.007386468350887299 1.0871959924697876 -0.29180886243936305 0.09591416143294086 0.896677138174742 0.31877609163816717 0.3771366477012634 0.014435924589633942 1.0965876579284668 -0.2648648865145869 0.1824434717716934 0.9002847433112464 0.2933400545209779 0.3756629526615143 0.04127446562051773 1.0989545583724976 -0.37860594477469806 0.18896592301093046 0.8658686584078935 0.2668724448147378 0.37344712018966675 0.06755872070789337 1.0814639329910278 -0.4498549411247572 0.24076275683161066 0.8335749533183744 0.21169947044778467
0.30209559202194214 0.06918483227491379 0.9633297324180603 -0.19327339919857334 -0.49211144626109815 -0.2880179718089204 0.798446819936008 0.3198656141757965 -0.032773129642009735 1.0335159301757812 0.6216772794723511 0.5635452270507812 -0.5382516384124756 -0.07886423170566559 0.3580160439014435 -0.007386468350887299 1.0871959924697876 -0.29180886243936305 0.09591416143294086 0.896677138174742 0.31877609163816717 0.3771366477012634 0.014435924589633942 1.0965876579284668 -0.2648648865145869 0.1824434717716934 0.9002847433112464 0.2933400545209779 0.3756629526615143 0.04127446562051773 1.0989545583724976 -0.37860594477469806 0.18896592301093046 0.8658686584078935 0.2668724448147378 0.37344712018966675 0.06755872070789337 1.0814639329910278 -0.4498549411247572 0.24076275683161066 0.8335749533183744 0.21169947044778467
0.30209559202194214 0.06918483227491379 0.9633297324180603 -0.19327339919857334 -0.49211144626109815 -0.2880179718089204 0.798446819936008 0.3198656141757965 -0.032773129642009735 1.0335159301757812 0.6216772794723511 0.5635452270507812 -0.5382516384124756 -0.07886423170566559 0.3580160439014435 -0.007386468350887299 1.0871959924697876 -0.29180886243936305 0.09591416143294086 0.896677138174742 0.31877609163816717 0.3771366477012634 0.014435924589633942 1.0965876579284668 -0.2648648865145869 0.1824434717716934 0.9002847433112464 0.2933400545209779 0.3756629526615143 0.04127446562051773 1.0989545583724976 -0.37860594477469806 0.18896592301093046 0.8658686584078935 0.2668724448147378 0.37344712018966675 0.06755872070789337 1.0814639329910278 -0.4498549411247572 0.24076275683161066 0.8335749533183744 0.21169947044778467
0.30209559202194214 0.06918483227491379 0.9633297324180603 -0.19327339919857334 -0.49211144626109815 -0.2880179718089204 0.798446819936008 0.3198656141757965 -0.032773129642009735 1.0335159301757812 0.6216772794723511 0.5635452270507812 -0.5382516384124756 -0.07886423170566559 0.3580160439014435 -0.007386468350887299 1.0871959924697876 -0.29180886243936305 0.09591416143294086 0.896677138174742 0.31877609163816717 0.3771366477012634 0.014435924589633942 1.0965876579284668 -0.2648648865145869 0.1824434717716934 0.9002847433112464 0.2933400545209779 0.3756629526615143 0.04127446562051773 1.0989545583724976 -0.37860594477469806 0.18896592301093046 0.8658686584078935 0.2668724448147378 0.37344712018966675 0.06755872070789337 1.0814639329910278 -0.4498549411247572 0.24076275683161066 0.8335749533183744 0.21169947044778467
0.30209559202194214 0.06918483227491379 0.9633297324180603 -0.19327339919857334 -0.49211144626109815 -0.2880179718089204 0.798446819936008 0.3198656141757965 -0.032773129642009735 1.0335159301757812 0.6216772794723511 0.5635452270507812 -0.5382516384124756 -0.07886423170566559 0.3580160439014435 -0.007386468350887299 1.0871959924697876 -0.29180886243936305 0.09591416143294086 0.896677138174742 0.31877609163816717 0.3771366477012634 0.014435924589633942 1.0965876579284668 -0.2648648865145869 0.1824434717716934 0.9002847433112464 0.2933400545209779 0.3756629526615143 0.04127446562051773 1.0989545583724976 -0.37860594477469806 0.18896592301093046 0.8658686584078935 0.2668724448147378 0.37344712018966675 0.06755872070789337 1.0814639329910278 -0.4498549411247572 0.24076275683161066 0.8335749533183744 0.21169947044778467
0.30593666434288025 0.06947566568851471 0.963707685470581 -0.11157828984033821 -0.5160992933365732 -0.28090290278941843 0.8014270961499936 0.3283766806125641 -0.0364680141210556 1.0244423151016235 0.6138720512390137 0.6345880031585693 -0.4659494161605835 -0.057882532477378845 0.3545166552066803 -0.012678608298301697 1.088619589805603 -0.37137179635696976 0.03697727824633506 0.8791097513547141 0.29644854512395974 0.36688950657844543 0.012299850583076477 1.1051325798034668 -0.38633376891552823 0.13740093764945396 0.8716389340568051 0.2685382908309922 0.3618882894515991 0.03867072984576225 1.1068602800369263 -0.49270439363758367 0.13457484602268563 0.8245395981912651 0.24344700681506953 0.36291399598121643 0.06491182744503021 1.088348627090454 -0.5444906288443327 0.18028651444437788 0.7975008902727522 0.18713398611034399
0.3206626772880554 0.061536263674497604 0.966750979423523 -0.04460397179024098 -0.4858478703691986 -0.25830330381013755 0.8338115558675924 0.3434334695339203 -0.045999396592378616 1.0204825401306152 0.6463596224784851 0.6723385453224182 -0.35653790831565857 -0.055324792861938484 0.34961894154548645 -0.0167241133749485 1.0994515419006348 -0.5765945065646111 0.04119080126707962 0.7642551991525806 0.2859301443245342 0.3526611924171448 0.01532239094376564 1.1171138286590576 -0.6440006687226939 0.1594432787672964 0.7103637778956018 0.234998731784818 0.35564568638801575 0.03526041656732559 1.1110749244689941 -0.6651372653507664 0.12494103500054696 0.7060535858572115 0.20849547099390806 0.36415165662765503 0.06201259419322014 1.0905647277832031 -0.6871152114454919 0.15314041663949854 0.7003969963700127 0.11774840255690189
0.3222077488899231 0.060465894639492035 0.9659230709075928 -0.040117831762692874 -0.48677148527361896 -0.2508588541107194 0.8357714651353878 0.3460924029350281 -0.04695592075586319 1.0190962553024292 0.6440278887748718 0.6765560507774353 -0.3527812361717224 -0.05518628656864166 0.3511422872543335 -0.01677326112985611 1.098968267440796 -0.5858705836121486 0.03798297561295117 0.7597092554725776 0.2795620044654792 0.3531058728694916 0.015196718275547028 1.1163663864135742 -0.6570264809268813 0.15485297322577704 0.7012381989844414 0.22935094921472166 0.35688427090644836 0.035924263298511505 1.110374927520752 -0.6722379989357729 0.12426605166969244 0.7023758765328452 0.1982986106200081 0.3647783398628235 0.062298841774463654 1.0896497964859009 0.6957205533981323 -0.14922282099723816 -0.6942898035049438 -0.10801529884338379
0.32321590185165405 0.05940280109643936 0.9660079479217529 -0.023583261979403105 -0.48985305958989966 -0.24584888182439993 0.8360897720754684 0.3487797677516937 -0.048810623586177826 1.0163276195526123 0.6387786865234375 0.6891173124313354 -0.3374425172805786 -0.056673675775527954 0.35147058963775635 -0.01988302171230316 1.0978468656539917 -0.5946442868665992 0.020998268570079394 0.7539046675824064 0.2785407801395495 0.35246866941452026 0.011815015226602554 1.1158158779144287 -0.6668391529563695 0.13825925066060116 0.6955271022788856 0.22902426227160944 0.3560069501399994 0.033320795744657516 1.1103973388671875 -0.6808176748610044 0.110149465119115 0.6974303026234234 0.19479550526155168 0.36366426944732666 0.06023864448070526 1.0901501178741455 0.7037197351455688 -0.13539692759513855 -0.68963223695755 -0.10418060421943665
0.3244396448135376 0.05869358032941818 0.9661992192268372 -0.010027199895135862 -0.49120831056214204 -0.2490517475091094 0.8346179201323987 0.3502385914325714 -0.05079152435064316 1.0131266117095947 0.6373052597045898 0.6971628665924072 -0.3220667839050293 -0.06386698782444 0.350676029920578 -0.023495085537433624 1.0964527130126953 -0.6039409988285014 0.009385884353369026 0.7442195579220543 0.28513939844948943 0.3520083725452423 0.007775045931339264 1.1150538921356201 -0.6706792129580255 0.1266240778117941 0.691945909069749 0.23530107783653034 0.3554438054561615 0.0297396183013916 1.1102709770202637 -0.6846049302223449 0.0995032086365933 0.6941478984281527 0.1989316134518804 0.36325356364250183 0.05746845528483391 1.0906413793563843 0.7064312100410461 -0.1273398995399475 -0.6879379749298096 -0.107148677110672
0.3249155879020691 0.057517893612384796 0.9666029214859009 0.0033208283250830044 -0.49362427656397734 -0.24942918471198347 0.8331321459514986 0.35184943675994873 -0.052683450281620026 1.01060950756073 0.632815420627594 0.7066163420677185 -0.3090773820877075 -0.06862521171569824 0.34952831268310547 -0.026800960302352905 1.0955313444137573 -0.6127080772212864 -0.001943260385255423 0.73587729289925 0.28821801456517315 0.3510487675666809 0.003866109997034073 1.1146165132522583 -0.6736966101221329 0.11395739088010419 0.6898950586515095 0.23914753192477972 0.35418540239334106 0.026324879378080368 1.1104156970977783 -0.6881251307438497 0.08838133519325804 0.6917063019463585 0.2005370598616884 0.3617130517959595 0.055136486887931824 1.0913023948669434 0.7138579487800598 -0.12083631753921507 -0.6816616058349609 -0.1055598258972168
0.3231407701969147 0.056979019194841385 0.9669288396835327 0.01549933831292355 -0.4932029185319497 -0.24437367609083901 0.8347407684296158 0.3530571460723877 -0.05327248200774193 1.0082582235336304 0.6224073171615601 0.7188370227813721 -0.3006622791290283 -0.07405919581651688 0.348150372505188 -0.028847213834524155 1.0945801734924316 -0.6160968434896124 -0.015485226838553674 0.7330392130610617 0.28781657910215697 0.34961843490600586 0.001776665449142456 1.1141823530197144 -0.6749143179527822 0.10124417508009806 0.6913654639379692 0.23717927943596376 0.3524709939956665 0.024490859359502792 1.110364556312561 -0.6871636940246805 0.0761319314485492 0.695066529076553 0.19721154172570213 0.35887429118156433 0.0540941022336483 1.0915764570236206 0.7192561030387878 -0.11154991388320923 -0.6783171892166138 -0.10056370496749878
0.3224678039550781 0.0562397837638855 0.9667786359786987 0.024755377577516637 -0.4963718854785983 -0.24569887893151077 0.8322465273708107 0.3533587157726288 -0.05442526191473007 1.0057209730148315 0.6182008981704712 0.726604700088501 -0.2892603576183319 -0.07875239104032516 0.34484773874282837 -0.03130626678466797 1.0934343338012695 -0.6242977885634692 -0.024936111797898577 0.723629654537087 0.29324164377882095 0.34671932458877563 -0.0006828866899013519 1.1135133504867554 -0.6796016195173656 0.09354908229765109 0.6865619911837368 0.24087953047638225 0.35020095109939575 0.021826624870300293 1.1100246906280518 -0.6880130449878542 0.06784467946516898 0.6941707433697113 0.20040568767496367 0.35594916343688965 0.051772795617580414 1.0916469097137451 0.7267467975616455 -0.10494175553321838 -0.6707910299301147 -0.10423928499221802
0.3217320442199707 0.05463406443595886 0.9671423435211182 0.04709753526609854 -0.5025992534872257 -0.24155575716486577 0.828750050597443 0.35574454069137573 -0.055949628353118896 1.002880334854126 0.6061891913414001 0.7433229088783264 -0.2724335789680481 -0.07606568932533264 0.34150877594947815 -0.035491958260536194 1.0918595790863037 -0.633521665548861 -0.04742342601129796 0.7142714304584469 0.29362853656554067 0.3430929481983185 -0.005628213286399841 1.1126794815063477 0.6866686344146729 -0.07157346606254578 -0.6814032793045044 -0.24300871789455414 0.3468950688838959 0.017320897430181503 1.1100270748138428 0.6931605339050293 -0.04849421977996826 -0.6910173892974854 -0.19917826354503632 0.3518364131450653 0.04763546958565712 1.092500925064087 0.7366946339607239 -0.08624309301376343 -0.6624115705490112 -0.10513934493064879
0.32120686769485474 0.0534476563334465 0.9675469994544983 0.053775168105857925 -0.5013461728398132 -0.2477077847806509 0.8272854266304456 0.35619205236434937 -0.05758774280548096 1.0002458095550537 0.5992159247398376 0.7501649260520935 -0.26752060651779175 -0.08139849454164505 0.33947277069091797 -0.03857263922691345 1.0907456874847412 -0.6334684581206804 -0.05239522038604198 0.7110062213439974 0.3007366417036925 0.3415154814720154 -0.009238816797733307 1.1119768619537354 0.6853652000427246 -0.06685900688171387 -0.6804102063179016 -0.25069209933280945 0.3459348678588867 0.014013469219207764 1.1098310947418213 0.6914061307907104 -0.04574260115623474 -0.691375732421875 -0.20460933446884155 0.35082000494003296 0.04441595450043678 1.0927432775497437 0.7373968958854675 -0.08365178108215332 -0.6609624028205872 -0.11125198006629944
0.32187384366989136 0.05281667783856392 0.9673595428466797 0.057370471052446914 -0.49857195037736124 -0.25975725995751486 0.825021713886734 0.35666269063949585 -0.05889449641108513 0.9973389506340027 0.5958730578422546 0.7529293894767761 -0.2650577425956726 -0.08818868547677994 0.33861029148101807 -0.0418122373521328 1.088638424873352 -0.6286127054851701 -0.054441224656030976 0.7098781217957737 0.3129783907898166 0.3413052260875702 -0.013041500002145767 1.1104247570037842 -0.6800519254214925 0.06564822139651828 0.6810880869522471 0.263323161952705 0.3459828197956085 0.010208629071712494 1.1087381839752197 -0.688039169089657 0.044981494281992405 0.6909093992740722 0.2173092476354272 0.3515162169933319 0.0407865047454834 1.0922893285751343 0.7333781719207764 -0.08328977227210999 -0.6631557941436768 -0.12427324056625366
0.32187384366989136 0.05281667783856392 0.9673595428466797 0.057370471052446914 -0.49857195037736124 -0.25975725995751486 0.825021713886734 0.35666269063949585 -0.05889449641108513 0.9973389506340027 0.5958730578422546 0.7529293894767761 -0.2650577425956726 -0.08818868547677994 0.33861029148101807 -0.0418122373521328 1.088638424873352 -0.6286127054851701 -0.054441224656030976 0.7098781217957737 0.3129783907898166 0.3413052260875702 -0.013041500002145767 1.1104247570037842 -0.6800519254214925 0.06564822139651828 0.6810880869522471 0.263323161952705 0.3459828197956085 0.010208629071712494 1.1087381839752197 -0.688039169089657 0.044981494281992405 0.6909093992740722 0.2173092476354272 0.3515162169933319 0.0407865047454834 1.0922893285751343 0.7333781719207764 -0.08328977227210999 -0.6631557941436768 -0.12427324056625366
0.32301557064056396 0.05266891419887543 0.9666311144828796 0.0879814420351153 -0.49224302052024804 -0.2744762724586055 0.8213518183270805 0.36221837997436523 -0.05850794166326523 0.9920751452445984 0.5766671895980835 0.7712756395339966 -0.254754900932312 -0.08768526464700699 0.34502026438713074 -0.05073288083076477 1.0802721977233887 -0.576907318233982 -0.09734317832939299 0.7432538084827363 0.3244624890821791 0.346996933221817 -0.024521082639694214 1.104371428489685 -0.6363926534930251 0.025505068327000602 0.7168893136962927 0.2835907011863402 0.3495519161224365 -0.0005458518862724304 1.1047961711883545 -0.659772019302601 0.010627865482729511 0.712722500991738 0.23793809915124428 0.35616907477378845 0.030476298183202744 1.0911356210708618 -0.6976932226906013 0.047222047636006695 0.6988580287309055 0.15030532945405328
0.32238122820854187 0.05285465717315674 0.9672919511795044 0.0886325955930898 -0.4929206208567944 -0.2886813783703917 0.8159880907523809 0.36127597093582153 -0.05823574960231781 0.9934034943580627 0.576252818107605 0.7713992595672607 -0.25703808665275574 -0.08250750601291656 0.3608212471008301 -0.05525728315114975 1.0733555555343628 -0.4594599786281183 -0.13309240867445724 0.821012881717176 0.311642122670354 0.36248573660850525 -0.03313421458005905 1.0989078283309937 -0.5316447951039909 -0.013742178004825165 0.796639004660589 0.2872824826072045 0.35839614272117615 -0.006725393235683441 1.103248953819275 -0.5969339561362067 -0.010833293112819603 0.7639659704328038 0.24476209086945108 0.36454203724861145 0.023194126784801483 1.090681791305542 -0.6186336799239727 0.017635432950936236 0.7662986156976086 0.172533195357035
0.3201873302459717 0.051977939903736115 0.9686464071273804 0.06387329331303364 -0.5029011549636118 -0.30225200548129927 0.8072511263410476 0.35654416680336 -0.05853824317455292 1.0002208948135376 0.5835151672363281 0.7601543664932251 -0.27729925513267517 -0.06914198398590088 0.39155688881874084 -0.051842086017131805 1.0484448671340942 -0.17504889783301827 -0.19748548813060998 0.9320237098625946 0.24837307575399034 0.39717137813568115 -0.03976833075284958 1.073243260383606 -0.25421332633020594 -0.09955736728448131 0.9272946367340462 0.2561026445074386 0.3837444484233856 -0.01349879801273346 1.0934159755706787 -0.4067809633216629 -0.05904325917550343 0.8814430125308997 0.2325969963888305 0.38157179951667786 0.015013940632343292 1.0843626260757446 -0.42560088048786326 -0.02821807326877129 0.8831598306568296 0.19518275413707634
0.3201873302459717 0.051977939903736115 0.9686464071273804 0.06387329331303364 -0.5029011549636118 -0.30225200548129927 0.8072511263410476 0.35654416680336 -0.05853824317455292 1.0002208948135376 0.5835151672363281 0.7601543664932251 -0.27729925513267517 -0.06914198398590088 0.39155688881874084 -0.051842086017131805 1.0484448671340942 -0.17504889783301827 -0.19748548813060998 0.9320237098625946 0.24837307575399034 0.39717137813568115 -0.03976833075284958 1.073243260383606 -0.25421332633020594 -0.09955736728448131 0.9272946367340462 0.2561026445074386 0.3837444484233856 -0.01349879801273346 1.0934159755706787 -0.4067809633216629 -0.05904325917550343 0.8814430125308997 0.2325969963888305 0.38157179951667786 0.015013940632343292 1.0843626260757446 -0.42560088048786326 -0.02821807326877129 0.8831598306568296 0.19518275413707634
0.3236444890499115 0.04984787106513977 0.9703062176704407 0.014243440092822971 -0.5075464695115615 -0.3294958762089782 0.7960064307010288 0.3567889332771301 -0.05872863531112671 1.010581612586975 0.5884569883346558 0.7369035482406616 -0.32844769954681396 -0.05304639041423798 0.4000731110572815 -0.02457737922668457 0.9941043257713318 0.3211237233561922 -0.30305916294073687 0.8902699006332256 0.11159859287175915 0.40899425745010376 -0.011041395366191864 0.9916349649429321 0.3868845311746141 -0.2799947246634206 0.8707090001966674 0.11742764167273503 0.4131317734718323 0.004866261035203934 0.9979422092437744 0.39427712156911815 -0.24443179834217676 0.8780347063267973 0.11770202388481718 0.4073619842529297 0.011349417269229889 1.0099605321884155 0.3676744234760154 -0.1951044867586087 0.8869251888097034 0.2002835047258077
0.32476112246513367 0.049563217908144 0.969731330871582 0.0015755744536162877 -0.4968662813156624 -0.3367445842466888 0.7998278445833356 0.3617352843284607 -0.05566353723406792 1.0143319368362427 0.5643951892852783 0.7348971366882324 -0.37536168098449707 -0.02209298312664032 0.3944280445575714 -0.01828112080693245 0.9853165149688721 0.45955372662297195 -0.31920682123202754 0.8258122181972374 0.0703679724823361 0.3904842436313629 0.0033274441957473755 0.9787871241569519 0.63108732808883 -0.3127635244883442 0.7088954168694569 0.037082196746685676 0.38442718982696533 0.021062733605504036 0.9784836769104004 0.7135817408561707 -0.3010208308696747 0.6312118768692017 0.04194211959838867 0.38303297758102417 0.02458563633263111 0.9866278171539307 0.728026807308197 -0.27690571546554565 0.6095736622810364 0.14737802743911743
0.3253483176231384 0.04983039200305939 0.9671628475189209 0.0015041233438566207 -0.4970429382970868 -0.3382752240682775 0.7990719565763509 0.36655914783477783 -0.05088017135858536 1.0163946151733398 0.5278622508049011 0.7379842400550842 -0.418232798576355 0.042689248919487 0.3858848512172699 -0.011287722736597061 0.9793177247047424 0.5998582694323397 -0.3269746873964449 0.7301807321859614 0.009688736698436182 0.37130501866340637 0.012282654643058777 0.9794804453849792 0.8075682520866394 -0.31526538729667664 0.49567353725433355 -0.05243207514286042 0.36589691042900085 0.027462158352136612 0.9819967150688171 0.8687174320220947 -0.32975658774375916 0.36863642930984497 -0.026415139436721802 0.36819392442703247 0.03268435597419739 0.9894535541534424 0.8920450210571289 -0.3253096342086792 0.3064606785774231 0.06716670095920563
0.3253483176231384 0.04983039200305939 0.9671628475189209 0.0015041233438566207 -0.4970429382970868 -0.3382752240682775 0.7990719565763509 0.36655914783477783 -0.05088017135858536 1.0163946151733398 0.5278622508049011 0.7379842400550842 -0.418232798576355 0.042689248919487 0.3858848512172699 -0.011287722736597061 0.9793177247047424 0.5998582694323397 -0.3269746873964449 0.7301807321859614 0.009688736698436182 0.37130501866340637 0.012282654643058777 0.9794804453849792 0.8075682520866394 -0.31526538729667664 0.49567353725433355 -0.05243207514286042 0.36589691042900085 0.027462158352136612 0.9819967150688171 0.8687174320220947 -0.32975658774375916 0.36863642930984497 -0.026415139436721802 0.36819392442703247 0.03268435597419739 0.9894535541534424 0.8920450210571289 -0.3253096342086792 0.3064606785774231 0.06716670095920563
0.32576000690460205 0.05069771409034729 0.9647349119186401 0.004115656490528851 -0.5014581659674805 -0.3362659005745901 0.7971499839626426 0.370574951171875 -0.04427530616521835 1.0187448263168335 0.47689148783683777 0.7324832677841187 -0.4677525758743286 0.13134096562862396 0.37560465931892395 -0.005498185753822327 0.9784185290336609 0.7291868329048157 -0.31750211119651794 0.6037367582321167 -0.05459931492805481 0.36250197887420654 0.013826817274093628 0.9846287965774536 0.8874534368515015 -0.29973337054252625 0.3349228501319885 -0.10204489529132843 0.3607873022556305 0.028186684474349022 0.9875668883323669 0.9173542857170105 -0.34551602602005005 0.18662594258785248 -0.06519710272550583 0.36367273330688477 0.035892535001039505 0.9961429238319397 0.9363722801208496 -0.34329807758331293 0.07315115630626678 -0.001545324921607971
0.32576000690460205 0.05069771409034729 0.9647349119186401 0.004115656490528851 -0.5014581659674805 -0.3362659005745901 0.7971499839626426 0.370574951171875 -0.04427530616521835 1.0187448263168335 0.47689148783683777 0.7324832677841187 -0.4677525758743286 0.13134096562862396 0.37560465931892395 -0.005498185753822327 0.9784185290336609 0.7291868329048157 -0.31750211119651794 0.6037367582321167 -0.05459931492805481 0.36250197887420654 0.013826817274093628 0.9846287965774536 0.8874534368515015 -0.29973337054252625 0.3349228501319885 -0.10204489529132843 0.3607873022556305 0.028186684474349022 0.9875668883323669 0.9173542857170105 -0.34551602602005005 0.18662594258785248 -0.06519710272550583 0.36367273330688477 0.035892535001039505 0.9961429238319397 0.9363722801208496 -0.34329807758331293 0.07315115630626678 -0.001545324921607971
0.32576000690460205 0.05069771409034729 0.9647349119186401 0.004115656490528851 -0.5014581659674805 -0.3362659005745901 0.7971499839626426 0.370574951171875 -0.04427530616521835 1.0187448263168335 0.47689148783683777 0.7324832677841187 -0.4677525758743286 0.13134096562862396 0.37560465931892395 -0.005498185753822327 0.9784185290336609 0.7291868329048157 -0.31750211119651794 0.6037367582321167 -0.05459931492805481 0.36250197887420654 0.013826817274093628 0.9846287965774536 0.8874534368515015 -0.29973337054252625 0.3349228501319885 -0.10204489529132843 0.3607873022556305 0.028186684474349022 0.9875668883323669 0.9173542857170105 -0.34551602602005005 0.18662594258785248 -0.06519710272550583 0.36367273330688477 0.035892535001039505 0.9961429238319397 0.9363722801208496 -0.34329807758331293 0.07315115630626678 -0.001545324921607971
0.32576000690460205 0.05069771409034729 0.9647349119186401 0.004115656490528851 -0.5014581659674805 -0.3362659005745901 0.7971499839626426 0.370574951171875 -0.04427530616521835 1.0187448263168335 0.47689148783683777 0.7324832677841187 -0.4677525758743286 0.13134096562862396 0.37560465931892395 -0.005498185753822327 0.9784185290336609 0.7291868329048157 -0.31750211119651794 0.6037367582321167 -0.05459931492805481 0.36250197887420654 0.013826817274093628 0.9846287965774536 0.8874534368515015 -0.29973337054252625 0.3349228501319885 -0.10204489529132843 0.3607873022556305 0.028186684474349022 0.9875668883323669 0.9173542857170105 -0.34551602602005005 0.18662594258785248 -0.06519710272550583 0.36367273330688477 0.035892535001039505 0.9961429238319397 0.9363722801208496 -0.34329807758331293 0.07315115630626678 -0.001545324921607971
0.32595425844192505 0.05152185261249542 0.9627744555473328 0.007439583193299741 -0.5060719015817844 -0.3318933093867229 0.7960418833685738 0.3733457922935486 -0.036394134163856506 1.0206496715545654 0.4059377610683441 0.7094079256057739 -0.5241126418113708 0.23929208517074585 0.36607956886291504 -0.0015794262290000916 0.9799787998199463 0.824853241443634 -0.30040591955184937 0.4669626951217652 -0.10639104247093202 0.35972359776496887 0.013898614794015884 0.9871265292167664 0.9181150197982788 -0.29045537114143377 0.24065300822257998 -0.12160021066665651 0.360260546207428 0.028002426028251648 0.9901426434516907 0.9265480041503906 -0.35482594370841986 0.09202902019023897 -0.08448611944913866 0.36392053961753845 0.036584414541721344 0.9990795254707336 0.9363456964492798 -0.34912702441215515 -0.020655645057559013 -0.030664054676890373
0.3259180188179016 0.052726782858371735 0.9611191153526306 0.003793507585579672 -0.5169269726789891 -0.3188550875969808 0.7944202306250417 0.3760351538658142 -0.027559421956539154 1.0220708847045898 0.3275584876537323 0.6695390939712524 -0.5882607102394104 0.313643217086792 0.35507726669311523 0.0010249465703964233 0.9873442649841309 0.9219754934310913 -0.26773473620414734 0.2296115756034851 -0.15986797213554382 0.35922420024871826 0.014279354363679886 0.9893654584884644 0.9375817775726318 -0.2854481041431427 0.15020669996738434 -0.12999184429645538 0.3630931079387665 0.028298107907176018 0.9898976683616638 0.9307292699813843 -0.3467608690261841 0.08204444497823715 -0.08227244019508362 0.3668301999568939 0.037328604608774185 0.9958218932151794 0.9372116327285767 -0.3414851427078247 0.07078642398118973 0.0034219883382320404
0.32641032338142395 0.052862487733364105 0.9613075256347656 -0.006734072781530106 -0.5187931959709023 -0.3189050375012968 0.7931631655690023 0.37536630034446716 -0.03001663088798523 1.0229640007019043 0.3607479929924011 0.6791204214096069 -0.5775846242904663 0.27395638823509216 0.35568442940711975 0.0008826404809951782 0.988227367401123 0.919693112373352 -0.2730562388896942 0.2412332445383072 -0.14632576704025269 0.3594810962677002 0.01419730857014656 0.9905052781105042 0.9377495050430298 -0.28918805718421936 0.14996415376663208 -0.12044502049684525 0.36450791358947754 0.02810845524072647 0.9909216165542603 0.9297277927398682 -0.34779942035675054 0.09434910863637926 -0.07576368749141695 0.36821234226226807 0.037201929837465286 0.9964980483055115 0.934452474117279 -0.3447193503379821 0.08833292126655577 0.012818958610296248
0.3264486491680145 0.05270051956176758 0.9611257314682007 -0.020015089327413763 -0.5151104572792502 -0.320854701386536 0.7945519636156909 0.3740898072719574 -0.033902235329151154 1.0225023031234741 0.4061615467071533 0.6932687759399414 -0.5557165145874023 0.21351918578147888 0.36125248670578003 -0.0016312450170516968 0.9860536456108093 0.8847659230232239 -0.29172688722610474 0.3503459095954895 -0.09665633738040925 0.3644532561302185 0.01131642609834671 0.9879270792007446 0.9148934483528137 -0.30212205648422236 0.2587357759475708 -0.06890570372343063 0.3698771893978119 0.025653451681137085 0.989600419998169 0.9140756130218506 -0.3462924659252167 0.20749807357788083 -0.038623563945293427 0.37398114800453186 0.034191250801086426 0.9957543611526489 0.9132117629051208 -0.3415854573249817 0.21632754802703857 0.05065471678972244
0.3264046013355255 0.05237332731485367 0.9609813690185547 -0.03260493483637907 -0.5080401024971799 -0.32250960710181115 0.7980098818342408 0.3732844591140747 -0.03736189007759094 1.0210213661193848 0.4395513534545898 0.7021907567977905 -0.5376731157302856 0.15694136917591095 0.37310558557510376 -0.008074063807725906 0.9839857816696167 0.7817728519439697 -0.30143487453460693 0.5457595586776733 -0.010720133781433105 0.37527385354042053 0.004575580358505249 0.9850583076477051 0.8463319540023804 -0.2992299497127533 0.44052553176879883 0.010994121432304382 0.37991830706596375 0.019600115716457367 0.9875792860984802 0.8558803796768188 -0.33284488320350647 0.3949022889137268 0.027117043733596802 0.3843182325363159 0.02790272794663906 0.9959649443626404 0.8353757262229919 -0.31612759828567505 0.43359100818634033 0.11920447647571564
0.3264135718345642 0.05200006067752838 0.9607589840888977 -0.04267278398417052 -0.5011607508091812 -0.3234633569608564 0.8014913638142016 0.37356287240982056 -0.04000990092754364 1.0185142755508423 0.4520981013774872 0.7033616304397583 -0.5373176336288452 0.11036013066768646 0.387983500957489 -0.018884144723415375 0.9884815812110901 0.5934201873485448 -0.28103559097468855 0.7490781047624643 0.0880541263947774 0.38989490270614624 -0.00554724782705307 0.9878002405166626 0.7140324115753174 -0.26573294401168823 0.6408593654632568 0.09403729438781738 0.39265164732933044 0.010931864380836487 0.9891570210456848 0.7418885231018066 -0.29658758640289307 0.5931188464164734 0.099233478307724 0.3953147530555725 0.020879747346043587 0.9992050528526306 0.6987676620483398 -0.26273608207702637 0.6380378007888794 0.18868336081504822
0.32635071873664856 0.0517258495092392 0.9606862664222717 -0.043057817532693936 -0.4941523452936956 -0.3174978141359317 0.8081798531571828 0.3757835030555725 -0.042308442294597626 1.014369010925293 0.45409607887268066 0.7049119472503662 -0.5418692231178284 0.05721817910671234 0.4000529646873474 -0.028215259313583374 0.999485433101654 0.39045773339237455 -0.2388166936354585 0.8759300253519786 0.15249925739611775 0.4069979786872864 -0.016825012862682343 1.0008808374404907 0.5027689507356046 -0.20513118947233197 0.8237570461800194 0.163000012425676 0.4089708924293518 0.00042338669300079346 0.9993069171905518 0.5432225299129356 -0.2303085910916352 0.7892987430242762 0.16992607940228505 0.4074006974697113 0.014664649963378906 1.0076379776000977 0.4872039467903964 -0.18372708982529054 0.8189148645998908 0.2413611067391476
0.3267606496810913 0.051993317902088165 0.9600210785865784 -0.04183266806773414 -0.48604106976675726 -0.31170694156050155 0.8153850923828854 0.3764955997467041 -0.04504447430372238 1.0092101097106934 0.4620934128761291 0.7024272084236145 -0.5413447618484497 0.0033985972404479976 0.4069894850254059 -0.03533744812011719 1.0137900114059448 0.18942302518423118 -0.19111375564149793 0.9426652166701791 0.19742527659325704 0.41781285405158997 -0.02471284568309784 1.0231375694274902 0.25078001702735714 -0.12825351996644818 0.9356310336114076 0.21273219656971634 0.4211048483848572 -0.007610175758600235 1.0201088190078735 0.2863148477608312 -0.14701764382775484 0.9200570262950042 0.223393508488338 0.4163270592689514 0.011486716568470001 1.0217101573944092 0.23873080502162178 -0.10322570137426777 0.927798859882079 0.2674721202563203
0.32665061950683594 0.052897244691848755 0.9580180644989014 -0.039635286162259906 -0.4752481929018916 -0.30854457949309044 0.8230239660261608 0.37401282787323 -0.04811406135559082 1.002614140510559 0.4813282787799835 0.7020785808563232 -0.5229618549346924 -0.04381546378135681 0.40789908170700073 -0.03947813808917999 1.0273224115371704 0.016833860242973096 -0.1418755493958923 0.9630794756968271 0.22817950735719988 0.41812968254089355 -0.026393122971057892 1.0445611476898193 0.043844735500969054 -0.05524951955344807 0.9682072303728422 0.23999980308016453 0.4216458201408386 -0.009769469499588013 1.043013334274292 0.05510917031871558 -0.07176457958812217 0.9626981389309293 0.25500025544346855 0.4175982177257538 0.012389495968818665 1.0370713472366333 0.01760425602578232 -0.04025192234336317 0.9608036467739972 0.2737265813290196
0.327254980802536 0.053220756351947784 0.9566709399223328 -0.042624990905169996 -0.4599504314859805 -0.30851203138302147 0.8315341101288629 0.3724210560321808 -0.050840698182582855 0.9971944689750671 0.49704658985137934 0.6970795392990112 -0.508867084980011 -0.08988386392593384 0.40635812282562256 -0.041564472019672394 1.0374507904052734 -0.08963834155315822 -0.09853117614251776 0.9594662946981257 0.248356621786018 0.41584518551826477 -0.025380410254001617 1.0576436519622803 -0.0820731928643164 -0.0004814974734603607 0.9634227018918926 0.2551087019674862 0.41899237036705017 -0.008667681366205215 1.056343674659729 -0.09196482268433533 -0.021465388410547764 0.958809368673622 0.26789229955849714 0.4157121777534485 0.015736352652311325 1.0492420196533203 -0.1560974881114644 0.016452892201876235 0.9507944208294931 0.26711950392420053
0.3274877369403839 0.05349544808268547 0.9564809203147888 -0.052876587219841835 -0.44257142384929055 -0.31175631633835704 0.8391320221517866 0.36926543712615967 -0.052869345992803574 0.995282769203186 0.5150229930877686 0.6824196577072144 -0.5028533935546875 -0.1272522509098053 0.4043673276901245 -0.04197171702980995 1.0439870357513428 -0.13737449601973786 -0.062331500863356856 0.952530568318652 0.26444004160399504 0.41512346267700195 -0.024028915911912918 1.0628113746643066 -0.129000079619446 0.03446654895457499 0.9548441393154394 0.26541232447030794 0.4179092347621918 -0.007200554013252258 1.0618624687194824 -0.1560265740421814 0.009640104274867322 0.948720771710851 0.2747574520359164 0.41301411390304565 0.019550178200006485 1.0564684867858887 -0.2645303077759617 0.06134043842869635 0.9268847321954368 0.2591249418276544
0.3270992338657379 0.05467111989855766 0.9565399885177612 -0.07809162798119056 -0.41897235817902334 -0.3206190423356961 0.8459120697880788 0.36417892575263977 -0.053657520562410355 0.9952327609062195 0.5328616499900818 0.6551769375801086 -0.5089598298072815 -0.16661804914474487 0.4018900394439697 -0.041190166026353836 1.0485239028930664 -0.1614336922859237 -0.019870608495943517 0.9438985250947713 0.2874019662594145 0.41444915533065796 -0.021478790789842606 1.0672554969787598 -0.17032813906264943 0.08206552182335926 0.9411273437463106 0.2802372502268783 0.4175119698047638 -0.0050575099885463715 1.0650907754898071 -0.2021863864212285 0.05160018310727219 0.9345311219572191 0.28828743337420804 0.41194766759872437 0.02390832081437111 1.05915105342865 -0.32743764416469057 0.10817165596101863 0.903588661648018 0.25418690896272034
0.32650384306907654 0.05559224262833595 0.9561903476715088 -0.12160399856022673 -0.3862661218524929 -0.33569402330395487 0.8504825024693081 0.3564005494117737 -0.054287154227495193 0.9974267482757568 0.5603976845741272 0.6121508479118347 -0.5176987648010254 -0.20787931978702545 0.39887967705726624 -0.03968917950987816 1.0531870126724243 -0.18663963630297925 0.04427815963035259 0.9288711570347288 0.31686505598576375 0.4147431254386902 -0.018463272601366043 1.0700803995132446 -0.2098180346166951 0.14930678850867488 0.9197148117404429 0.2963250566893513 0.41818782687187195 -0.003023546189069748 1.0662721395492554 -0.24151032536174064 0.11357465091581079 0.9134049056637561 0.3073516408294939 0.4139379858970642 0.028082426637411118 1.0578526258468628 -0.36431530183007177 0.17030239232598468 0.8812827577065308 0.24821789066604216
0.32560059428215027 0.05655588209629059 0.9556179046630859 -0.18665098529455101 -0.34285826856271817 -0.3575464344201106 0.8483927366706973 0.34410837292671204 -0.05398915708065033 1.0027070045471191 0.5996475219726562 0.5446289777755737 -0.5291693210601807 -0.25255119800567627 0.39571908116340637 -0.03663723170757294 1.0578670501708984 -0.19712846257069172 0.1299378145048867 0.9063033930749302 0.3505291689826954 0.4159623384475708 -0.015919223427772522 1.0703740119934082 -0.22214149171753486 0.22961569123474554 0.892601063151314 0.3181087323429822 0.42089590430259705 -0.0014258511364459991 1.0641112327575684 -0.2510316831002515 0.1926743879100209 0.8897799738923318 0.32886357301309865 0.41940125823020935 0.03009827435016632 1.0518953800201416 -0.3620122462546261 0.2458562220024892 0.864267614367581 0.2480794158859172
0.3236382305622101 0.057762689888477325 0.9555568695068359 -0.2762402311198786 -0.2824532113793341 -0.3851191838066398 0.8340232618898367 0.328545480966568 -0.049960553646087646 1.013488531112671 0.6372091174125671 0.44420784711837763 -0.5572559833526611 -0.2934451699256897 0.3929656147956848 -0.0327928364276886 1.061685562133789 -0.17971034812971654 0.23361687966625883 0.8723391068780982 0.3900664549659135 0.4179452955722809 -0.01416756957769394 1.0684287548065186 -0.20311437397676235 0.327710381917999 0.8563247353895375 0.34359633210132234 0.4249051809310913 -0.001529194414615631 1.058441162109375 -0.22256692085447766 0.2900326683554851 0.8611056715416736 0.3533300389096733 0.42638224363327026 0.027748117223381996 1.0414204597473145 -0.31467592900831093 0.3356017807890561 0.8490763048707458 0.25965359438242586
0.3215617537498474 0.05806409567594528 0.9548459053039551 -0.38804763802505304 -0.204870389215724 -0.41652846601470356 0.796210522352446 0.31341731548309326 -0.04093744605779648 1.0283076763153076 0.6674174070358276 0.30179980397224426 -0.5918678045272827 -0.3363977074623108 0.3911629915237427 -0.029376700520515442 1.064423680305481 -0.14651881343704642 0.3577754542788245 0.8167081967987141 0.42838848179106787 0.4205937683582306 -0.015203870832920074 1.063280701637268 -0.14787553356511507 0.4415102036570133 0.8039050044759648 0.37005177404800044 0.428385466337204 -0.005066804587841034 1.049946904182434 -0.17085112747616835 0.40865991381678607 0.8136338422610268 0.37657270395930054 0.431498646736145 0.019205007702112198 1.0273430347442627 -0.23512013987534233 0.44255341475225535 0.8186223848465665 0.2805751351325625
0.31905922293663025 0.05780492722988129 0.9542493224143982 -0.4859760446802228 -0.12725826430528753 -0.4378909239013361 0.7455763611779967 0.30386292934417725 -0.028902247548103333 1.0423213243484497 0.6812561750411987 0.1576891839504242 -0.6143513917922974 -0.3655087351799011 0.3909306526184082 -0.026508860290050507 1.0657215118408203 -0.11339736776445651 0.47193470550076566 0.7527397637150397 0.4447487026538994 0.4221091866493225 -0.01811429113149643 1.0573315620422363 -0.08914522404163916 0.5410988239010935 0.7439664877647667 0.3818104745465206 0.4296763837337494 -0.010501809418201447 1.041115641593933 -0.11138207381520535 0.5128754934783288 0.7587228474541315 0.3858657748247144 0.4320635199546814 0.008326992392539978 1.0142030715942383 -0.15142756113775027 0.5356512985303505 0.777531637059564 0.2925610716831294
0.3175275921821594 0.057617977261543274 0.9528416395187378 -0.5527178910418512 -0.07006479390975004 -0.45038046614330113 0.6976756714701515 0.3001306653022766 -0.017692551016807556 1.0513241291046143 0.6766500473022461 0.048081547021865845 -0.6302946209907532 -0.3775731921195984 0.3906528949737549 -0.023933865129947662 1.0661944150924683 -0.08880285823195835 0.55048833343595 0.695196279697763 0.45362854341703074 0.4221392869949341 -0.020313866436481476 1.0529026985168457 -0.049058704305850666 0.6109466131271194 0.6904497467786651 0.38420926410402473 0.4291245937347412 -0.015267230570316315 1.0342473983764648 -0.06400239249419308 0.5839555744221319 0.710407317809873 0.3875836751032246 0.42973703145980835 -0.000433214008808136 1.0052766799926758 -0.08798515080306583 0.5984769483063149 0.73739027736432 0.3005653629571535
0.3175275921821594 0.057617977261543274 0.9528416395187378 -0.5527178910418512 -0.07006479390975004 -0.45038046614330113 0.6976756714701515 0.3001306653022766 -0.017692551016807556 1.0513241291046143 0.6766500473022461 0.048081547021865845 -0.6302946209907532 -0.3775731921195984 0.3906528949737549 -0.023933865129947662 1.0661944150924683 -0.08880285823195835 0.55048833343595 0.695196279697763 0.45362854341703074 0.4221392869949341 -0.020313866436481476 1.0529026985168457 -0.049058704305850666 0.6109466131271194 0.6904497467786651 0.38420926410402473 0.4291245937347412 -0.015267230570316315 1.0342473983764648 -0.06400239249419308 0.5839555744221319 0.710407317809873 0.3875836751032246 0.42973703145980835 -0.000433214008808136 1.0052766799926758 -0.08798515080306583 0.5984769483063149 0.73739027736432 0.3005653629571535
0.31448614597320557 0.05801602452993393 0.9501950144767761 -0.6103481389059406 -0.018726554795001796 -0.45385154590724563 0.6489555479795746 0.29968494176864624 -0.003751307725906372 1.0586023330688477 -0.6501420548397635 0.053975679866589785 0.6597948843393053 0.3729246834736909 0.38966870307922363 -0.01980254054069519 1.0656752586364746 -0.07911814962097569 0.6238284253099684 0.634620350933769 0.4492613871197465 0.4204779267311096 -0.02178926020860672 1.0473182201385498 -0.009489411488175392 0.6684532165527344 0.6382034420967102 0.3818071484565735 0.4265231788158417 -0.01915264129638672 1.0263932943344116 -0.018869275977994118 0.6439087647109784 0.6634936068699728 0.38052822673477676 0.4240295886993408 -0.01031254231929779 0.9947933554649353 -0.009378783184149513 0.645314921161376 0.7001092499492197 0.3054960005496399
0.31448614597320557 0.05801602452993393 0.9501950144767761 -0.6103481389059406 -0.018726554795001796 -0.45385154590724563 0.6489555479795746 0.29968494176864624 -0.003751307725906372 1.0586023330688477 -0.6501420548397635 0.053975679866589785 0.6597948843393053 0.3729246834736909 0.38966870307922363 -0.01980254054069519 1.0656752586364746 -0.07911814962097569 0.6238284253099684 0.634620350933769 0.4492613871197465 0.4204779267311096 -0.02178926020860672 1.0473182201385498 -0.009489411488175392 0.6684532165527344 0.6382034420967102 0.3818071484565735 0.4265231788158417 -0.01915264129638672 1.0263932943344116 -0.018869275977994118 0.6439087647109784 0.6634936068699728 0.38052822673477676 0.4240295886993408 -0.01031254231929779 0.9947933554649353 -0.009378783184149513 0.645314921161376 0.7001092499492197 0.3054960005496399
0.31448614597320557 0.05801602452993393 0.9501950144767761 -0.6103481389059406 -0.018726554795001796 -0.45385154590724563 0.6489555479795746 0.29968494176864624 -0.003751307725906372 1.0586023330688477 -0.6501420548397635 0.053975679866589785 0.6597948843393053 0.3729246834736909 0.38966870307922363 -0.01980254054069519 1.0656752586364746 -0.07911814962097569 0.6238284253099684 0.634620350933769 0.4492613871197465 0.4204779267311096 -0.02178926020860672 1.0473182201385498 -0.009489411488175392 0.6684532165527344 0.6382034420967102 0.3818071484565735 0.4265231788158417 -0.01915264129638672 1.0263932943344116 -0.018869275977994118 0.6439087647109784 0.6634936068699728 0.38052822673477676 0.4240295886993408 -0.01031254231929779 0.9947933554649353 -0.009378783184149513 0.645314921161376 0.7001092499492197 0.3054960005496399
0.31448614597320557 0.05801602452993393 0.9501950144767761 -0.6103481389059406 -0.018726554795001796 -0.45385154590724563 0.6489555479795746 0.29968494176864624 -0.003751307725906372 1.0586023330688477 -0.6501420548397635 0.053975679866589785 0.6597948843393053 0.3729246834736909 0.38966870307922363 -0.01980254054069519 1.0656752586364746 -0.07911814962097569 0.6238284253099684 0.634620350933769 0.4492613871197465 0.4204779267311096 -0.02178926020860672 1.0473182201385498 -0.009489411488175392 0.6684532165527344 0.6382034420967102 0.3818071484565735 0.4265231788158417 -0.01915264129638672 1.0263932943344116 -0.018869275977994118 0.6439087647109784 0.6634936068699728 0.38052822673477676 0.4240295886993408 -0.01031254231929779 0.9947933554649353 -0.009378783184149513 0.645314921161376 0.7001092499492197 0.3054960005496399
0.31448614597320557 0.05801602452993393 0.9501950144767761 -0.6103481389059406 -0.018726554795001796 -0.45385154590724563 0.6489555479795746 0.29968494176864624 -0.003751307725906372 1.0586023330688477 -0.6501420548397635 0.053975679866589785 0.6597948843393053 0.3729246834736909 0.38966870307922363 -0.01980254054069519 1.0656752586364746 -0.07911814962097569 0.6238284253099684 0.634620350933769 0.4492613871197465 0.4204779267311096 -0.02178926020860672 1.0473182201385498 -0.009489411488175392 0.6684532165527344 0.6382034420967102 0.3818071484565735 0.4265231788158417 -0.01915264129638672 1.0263932943344116 -0.018869275977994118 0.6439087647109784 0.6634936068699728 0.38052822673477676 0.4240295886993408 -0.01031254231929779 0.9947933554649353 -0.009378783184149513 0.645314921161376 0.7001092499492197 0.3054960005496399
0.31568706035614014 0.049248434603214264 0.940380334854126 -0.7047811607184229 0.13696259652847595 -0.48395955360095116 0.5003075352782033 0.3120051324367523 0.013398047536611557 1.0598039627075195 -0.5770586100601794 0.2948934419286359 0.6441783941199467 0.4062947310045872 0.38642966747283936 -0.03581158071756363 1.0532435178756714 0.04861593246459961 0.7435151934623718 0.4856681227684021 0.45710840821266174 0.40937456488609314 -0.049852557480335236 1.0298367738723755 0.13611525297164917 0.7619940042495728 0.49533510208129883 0.3943105936050415 0.4128883481025696 -0.05021604895591736 1.005814790725708 0.11325594782829285 0.7540707588195801 0.5342615246772766 0.3648490011692047 0.409462571144104 -0.038293950259685516 0.9719197154045105 0.08930135518312456 0.7650317549705505 0.59598708152771 0.22704856097698214
0.3163411617279053 0.04754326492547989 0.9371415376663208 0.7131263613700867 -0.15408360958099365 0.487711638212204 -0.4794229567050934 0.31412890553474426 0.014431323856115341 1.0572268962860107 -0.5666888745682496 0.32931839219318565 0.6318687430878758 0.4137087909571473 0.38616880774497986 -0.038036949932575226 1.0500149726867676 0.06555229425430298 0.7544868588447571 0.4663291871547699 0.4571537375450134 0.4079333543777466 -0.053666405379772186 1.025820016860962 0.15598273277282715 0.7707738280296326 0.4778439402580261 0.39146167039871216 0.4116807281970978 -0.053476206958293915 1.0017725229263306 0.1285097599029541 0.7657375335693359 0.5181323885917664 0.35870611667633057 0.40720346570014954 -0.042763419449329376 0.9669472575187683 0.11772555857896803 0.7715544104576111 0.584161102771759 0.22271122038364408
0.31647902727127075 0.04624303802847862 0.9341089725494385 0.7226699590682983 -0.16710165143013 0.4814116358757019 -0.46697741746902466 0.31707414984703064 0.01420549675822258 1.0544110536575317 -0.5524252576812634 0.35037165396217035 0.6301558104777344 0.4182937683498553 0.3891488313674927 -0.03896590694785118 1.045333981513977 0.07591885328292847 0.7672088742256165 0.456152617931366 0.44446775317192083 0.409719854593277 -0.05609695240855217 1.0191515684127808 0.17509832978248596 0.7797273397445679 0.4700450301170349 0.37473130226135254 0.41253653168678284 -0.05550948157906532 0.9957470893859863 0.14454728364944458 0.7747461795806885 0.5096957683563232 0.3450862765312195 0.4053717255592346 -0.047005679458379745 0.9607350826263428 0.1596263200044632 0.7692992687225342 0.5749566555023193 0.2283042818307877
0.31681010127067566 0.04538698494434357 0.9316710233688354 0.729540228843689 -0.180601567029953 0.47321128845214844 -0.45959246158599854 0.3197157084941864 0.013034265488386154 1.0518078804016113 -0.5382052276458325 0.3646100903476608 0.6298071493371376 0.42513247022845213 0.3925826847553253 -0.04059453308582306 1.0400220155715942 0.08766630291938782 0.7764867544174194 0.4519839584827423 0.4302249550819397 0.41184550523757935 -0.05825381726026535 1.0125914812088013 0.19069561362266543 0.7862972021102905 0.46570774912834173 0.3584522902965546 0.41269809007644653 -0.05821968615055084 0.9900016188621521 0.16554304957389832 0.7761749029159546 0.5035456418991089 0.3414523899555207 0.403899610042572 -0.05051836371421814 0.954811692237854 0.19621878862380981 0.7645093202590942 0.567779541015625 0.23377349972724915
0.31730538606643677 0.044843047857284546 0.9292178153991699 0.730802059173584 -0.18776872754096985 0.46825510263442993 -0.4597918391227722 0.3207833170890808 0.011250030249357224 1.0489909648895264 -0.5307007488132531 0.36774372763371027 0.6297400900708396 0.43191314961763033 0.39493662118911743 -0.04216469079256058 1.0352323055267334 0.09347707033157349 0.7794094085693359 0.45472025871276855 0.4207287132740021 0.4135168790817261 -0.059638336300849915 1.007289171218872 0.19742938876152039 0.7880743741989136 0.46757152676582336 0.3483354151248932 0.4131529629230499 -0.059926241636276245 0.9851966500282288 0.17696452140808105 0.7739624381065369 0.5040019750595093 0.340070515871048 0.40346038341522217 -0.05255419760942459 0.9494807720184326 0.22044837474822998 0.7574370503425598 0.5671807527542114 0.23663856089115143
0.3183138370513916 0.04423144459724426 0.9262815117835999 0.7283107042312622 -0.1894257366657257 0.46895492076873785 -0.46234476566314703 0.32111018896102905 0.009695816785097122 1.0458333492279053 -0.5287537734076587 0.3666160217116882 0.6285118867336956 0.43701828842787377 0.3960602581501007 -0.04332751780748367 1.031542420387268 0.0933501124382019 0.7788751125335693 0.458565890789032 0.41756030917167664 0.4144785404205322 -0.06067439168691635 1.003421664237976 0.1984076201915741 0.7869347333908081 0.47141778469085693 0.34515708684921265 0.4135972261428833 -0.06109039485454559 0.9817582964897156 0.17985907196998596 0.7703710794448853 0.5069078207015991 0.34237921237945557 0.40379074215888977 -0.05385954678058624 0.9451544284820557 0.23271799087524417 0.750967264175415 0.5702730417251587 0.23807379603385928
0.3189378082752228 0.04376499354839325 0.9235978126525879 0.7266991138458252 -0.1877993941307068 0.46924945712089544 -0.4652362763881684 0.3212377429008484 0.008556604385375977 1.0430028438568115 -0.5285489523714981 0.3628958065708113 0.6293132120099111 0.4392126865698036 0.39670708775520325 -0.04395642876625061 1.028680443763733 0.09169661998748779 0.7773599028587341 0.46190005540847784 0.4170751869678498 0.41523873805999756 -0.06122937798500061 1.0003540515899658 0.19815444946289062 0.7853039503097534 0.4751511216163635 0.3438951373100281 0.414392352104187 -0.06156332790851593 0.9787410497665405 0.18011659383773804 0.7681471705436707 0.5107027292251587 0.341600239276886 0.40470176935195923 -0.05415390431880951 0.9418523907661438 0.23491498827934265 0.7483291625976562 0.5738790035247803 0.23554500937461853
0.31944766640663147 0.04310574755072594 0.9211377501487732 0.726938009262085 -0.18829303979873657 0.47040367126464844 -0.46349474787712097 0.32175910472869873 0.007705707103013992 1.0404973030090332 -0.5251661868078761 0.36212224186326974 0.6309091529569492 0.4416127386721839 0.3970226049423218 -0.044632669538259506 1.0262956619262695 0.0924910306930542 0.7779366374015808 0.4607795476913452 0.41706398129463196 0.415406197309494 -0.06212363764643669 0.9978556632995605 0.2002914547920227 0.7853374481201172 0.4743593633174896 0.34367379546165466 0.4145156741142273 -0.06257370114326477 0.976140022277832 0.18355527520179749 0.7677555084228516 0.5103929042816162 0.3411130905151367 0.4042797088623047 -0.055678192526102066 0.9395602345466614 0.2414417564868927 0.7456084489822388 0.5728223919868469 0.24010123312473297
0.3195537030696869 0.042124830186367035 0.9190177321434021 0.7303829193115234 -0.19047057628631592 0.4720138609409332 -0.45548292994499207 0.32248058915138245 0.007578860968351364 1.0385844707489014 -0.5195245176208799 0.36718604692119966 0.6315317375132096 0.4432110986675947 0.39681458473205566 -0.045167699456214905 1.0247324705123901 0.09577015042304993 0.7815797328948975 0.45344677567481995 0.4175490736961365 0.41474461555480957 -0.0632500946521759 0.9963178634643555 0.2048351764678955 0.788072407245636 0.4672241806983948 0.3445085287094116 0.41372552514076233 -0.0640684962272644 0.9743114113807678 0.19010546803474426 0.7703627347946167 0.5044134855270386 0.3405413031578064 0.40288612246513367 -0.05774114280939102 0.9381181001663208 0.24985440075397491 0.7465870380401611 0.5662179589271545 0.24408572912216187
0.3194360136985779 0.04198154807090759 0.9183051586151123 0.7352194786071777 -0.19529938697814941 0.4740564823150635 -0.44337451457977295 0.3232296407222748 0.009115435183048248 1.0382797718048096 -0.5141909652119777 0.37825445256759627 0.6288917608956982 0.4438766698297691 0.3963257074356079 -0.04527462273836136 1.0241734981536865 0.1050167977809906 0.7864670753479004 0.4441525936126709 0.41613638401031494 0.4133428931236267 -0.06402020901441574 0.9960482120513916 0.21388116478919983 0.7915297746658325 0.4568160474300384 0.3450430929660797 0.4120662212371826 -0.06517507135868073 0.974000096321106 0.19994854927062988 0.7741553783416748 0.4946800172328949 0.3405815362930298 0.4007495939731598 -0.05921474099159241 0.9382818341255188 0.2594524323940277 0.7497528791427612 0.5560792684555054 0.24765087664127347
0.3195004463195801 0.04178311675786972 0.9182473421096802 0.7411308884620667 -0.20296859741210938 0.47607657313346863 -0.4276444613933563 0.32492268085479736 0.01116139441728592 1.0386813879013062 -0.5068534130518776 0.39477726386361983 0.6251449305358796 0.44322061786479455 0.3959725499153137 -0.045776672661304474 1.0239418745040894 0.11881640553474426 0.7925475835800171 0.43267032504081726 0.41297391057014465 0.4116450548171997 -0.06529802829027176 0.9962525367736816 0.22711697220802307 0.7953957319259644 0.44344213604927063 0.34514158964157104 0.40959632396698 -0.06713555008172989 0.9743181467056274 0.21560925245285034 0.7771925330162048 0.48175546526908875 0.34263095259666443 0.39769142866134644 -0.06152412295341492 0.9392378926277161 0.2748763859272003 0.7518235445022583 0.5426231622695923 0.25448885560035706
0.32049620151519775 0.04139063507318497 0.9186108112335205 0.746859073638916 -0.21339666843414307 0.4780287742614746 -0.41006335616111755 0.328054815530777 0.01284092664718628 1.0393332242965698 -0.4973144626725461 0.4113611749903302 0.6227847513445418 0.44226663834276236 0.3962149918079376 -0.0470111146569252 1.0238789319992065 0.13609659671783447 0.7980189323425293 0.4196860194206238 0.41049647331237793 0.4103659391403198 -0.06732626259326935 0.9965478181838989 0.24372836947441098 0.7985305786132812 0.42881017923355097 0.3450612425804138 0.4070916771888733 -0.07012589275836945 0.9746595025062561 0.23730656504631042 0.7779840230941772 0.4678798019886017 0.34570935368537903 0.3945135474205017 -0.06467222422361374 0.9405720233917236 0.29474014043807983 0.7517088055610657 0.5278518199920654 0.2635045349597931
0.32146498560905457 0.04139535129070282 0.9186487793922424 0.7533743381500244 -0.22709515690803525 0.4808346331119537 -0.3868500292301178 0.3309512734413147 0.015438567847013474 1.0397541522979736 -0.48594198915002795 0.433114805082297 0.6155104097008735 0.444318571934617 0.3957955241203308 -0.04801920801401138 1.0237864255905151 0.15738940238952637 0.8041844367980957 0.40139302611351013 0.4091449975967407 0.40768033266067505 -0.06968528777360916 0.9968222379684448 0.26775628328323364 0.7998902201652527 0.40863439440727234 0.3485688865184784 0.40258461236953735 -0.07337641716003418 0.9759809374809265 0.26459479331970215 0.7761380672454834 0.445715218782425 0.3590784966945648 0.3899098336696625 -0.06792542338371277 0.942245602607727 0.31813573837280273 0.7515078783035278 0.5085393190383911 0.2746153175830841
0.3224269151687622 0.04188118875026703 0.9189835786819458 0.7605576515197754 -0.24031460285186768 0.4830911159515381 -0.36114269495010376 0.3342616856098175 0.018748562783002853 1.0403950214385986 -0.47207850335297147 0.45633822296238524 0.6076857302480096 0.4467838039815174 0.39544105529785156 -0.04831388592720032 1.0240724086761475 0.1800658404827118 0.8104208707809448 0.38151711225509644 0.40649616718292236 0.4037988781929016 -0.07177853584289551 0.9981630444526672 0.29660385847091675 0.7971882224082947 0.3841909170150757 0.3590466380119324 0.3974032402038574 -0.07579419016838074 0.9786193370819092 0.2917816638946533 0.7729135751724243 0.4191013276576996 0.37659308314323425 0.3845234513282776 -0.07066605985164642 0.9451903104782104 0.3442276120185852 0.7493430972099304 0.4841967225074768 0.2924826145172119
0.3224269151687622 0.04188118875026703 0.9189835786819458 0.7605576515197754 -0.24031460285186768 0.4830911159515381 -0.36114269495010376 0.3342616856098175 0.018748562783002853 1.0403950214385986 -0.47207850335297147 0.45633822296238524 0.6076857302480096 0.4467838039815174 0.39544105529785156 -0.04831388592720032 1.0240724086761475 0.1800658404827118 0.8104208707809448 0.38151711225509644 0.40649616718292236 0.4037988781929016 -0.07177853584289551 0.9981630444526672 0.29660385847091675 0.7971882224082947 0.3841909170150757 0.3590466380119324 0.3974032402038574 -0.07579419016838074 0.9786193370819092 0.2917816638946533 0.7729135751724243 0.4191013276576996 0.37659308314323425 0.3845234513282776 -0.07066605985164642 0.9451903104782104 0.3442276120185852 0.7493430972099304 0.4841967225074768 0.2924826145172119
0.3231983780860901 0.04323769733309746 0.9200948476791382 0.7836410999298096 -0.25788024067878723 0.4791719317436219 -0.2996641993522644 0.3428298830986023 0.027773354202508926 1.0415743589401245 -0.44139377624393056 0.5057658961420748 0.5951111537596602 0.4418314829365902 0.3930668234825134 -0.047205980867147446 1.0266532897949219 0.23487064242362976 0.8157275915145874 0.33142808079719543 0.41180065274238586 0.3911988139152527 -0.07337485253810883 1.0070855617523193 0.3581100404262543 0.7758514881134033 0.31197217106819153 0.4153129756450653 0.38548851013183594 -0.07723313570022583 0.9886855483055115 0.34236598014831543 0.7617392539978027 0.34520119428634644 0.4282230734825134 0.3704463243484497 -0.07443411648273468 0.9567383527755737 0.404344767332077 0.7349491119384766 0.4056564271450043 0.3630397319793701
0.3235805034637451 0.04363296180963516 0.920913577079773 0.8000814914703369 -0.2647209167480469 0.47246199846267695 -0.25801581144332886 0.34828731417655945 0.03332752361893654 1.0419625043869019 -0.4235266659299798 0.5376119665304275 0.5827720059187949 0.43815007124097033 0.38956260681152344 -0.0461643785238266 1.0301913022994995 0.2712097465991974 0.8082143068313599 0.29260677099227905 0.43314701318740845 0.3823029398918152 -0.07189999520778656 1.0153928995132446 0.3890029489994049 0.7527390718460083 0.25545087456703186 0.4656239449977875 0.3776911795139313 -0.07631658762693405 0.9971206784248352 0.36898648738861084 0.7475720643997192 0.28863802552223206 0.47082170844078064 0.36158329248428345 -0.07496846467256546 0.9660266637802124 0.43631410598754883 0.7200206518173218 0.3445766270160675 0.4152919352054596
0.32406365871429443 0.04370162636041641 0.9218916296958923 0.8207731246948242 -0.26660916209220886 0.460426390171051 -0.20798714458942413 0.3541572093963623 0.04020676389336586 1.042100191116333 -0.40978342294692993 0.5725069642066956 0.563827633857727 0.431754469871521 0.3832623064517975 -0.04323916882276535 1.036287546157837 0.31065303087234497 0.782171905040741 0.2387211173772812 0.48447319865226746 0.3723280429840088 -0.0665457546710968 1.0265089273452759 0.4113492965698242 0.7149937152862549 0.1820879876613617 0.5351821184158325 0.36904066801071167 -0.0724974051117897 1.0085276365280151 0.3894791007041931 0.7221243977546692 0.2154896855354309 0.5295345783233643 0.35317325592041016 -0.07300499826669693 0.9780060648918152 0.45986813306808466 0.7001968026161194 0.26768994331359863 0.4760125875473022
0.32438722252845764 0.0435209795832634 0.9237788319587708 0.8400737047195435 -0.264193058013916 0.4471611380577087 -0.15660499036312103 0.3601883053779602 0.04683500900864601 1.0423829555511475 -0.3967989385128021 0.6048903465270996 0.5453013777732849 0.42344388365745544 0.3706686794757843 -0.03694230318069458 1.0453333854675293 0.34458935260772705 0.7139476537704468 0.16877706348896027 0.5857058167457581 0.35866838693618774 -0.05600035935640335 1.0397034883499146 0.41758793592453003 0.6436728835105896 0.09654814004898071 0.6340221166610718 0.3575170338153839 -0.06490831077098846 1.0223112106323242 0.39891085028648376 0.6711909770965576 0.13268695771694183 0.6105466485023499 0.3443177044391632 -0.06763940304517746 0.992790699005127 0.4672756791114807 0.6646998524665833 0.1781286746263504 0.5550655722618103
0.32438722252845764 0.0435209795832634 0.9237788319587708 0.8400737047195435 -0.264193058013916 0.4471611380577087 -0.15660499036312103 0.3601883053779602 0.04683500900864601 1.0423829555511475 -0.3967989385128021 0.6048903465270996 0.5453013777732849 0.42344388365745544 0.3706686794757843 -0.03694230318069458 1.0453333854675293 0.34458935260772705 0.7139476537704468 0.16877706348896027 0.5857058167457581 0.35866838693618774 -0.05600035935640335 1.0397034883499146 0.41758793592453003 0.6436728835105896 0.09654814004898071 0.6340221166610718 0.3575170338153839 -0.06490831077098846 1.0223112106323242 0.39891085028648376 0.6711909770965576 0.13268695771694183 0.6105466485023499 0.3443177044391632 -0.06763940304517746 0.992790699005127 0.4672756791114807 0.6646998524665833 0.1781286746263504 0.5550655722618103
0.32438722252845764 0.0435209795832634 0.9237788319587708 0.8400737047195435 -0.264193058013916 0.4471611380577087 -0.15660499036312103 0.3601883053779602 0.04683500900864601 1.0423829555511475 -0.3967989385128021 0.6048903465270996 0.5453013777732849 0.42344388365745544 0.3706686794757843 -0.03694230318069458 1.0453333854675293 0.34458935260772705 0.7139476537704468 0.16877706348896027 0.5857058167457581 0.35866838693618774 -0.05600035935640335 1.0397034883499146 0.41758793592453003 0.6436728835105896 0.09654814004898071 0.6340221166610718 0.3575170338153839 -0.06490831077098846 1.0223112106323242 0.39891085028648376 0.6711909770965576 0.13268695771694183 0.6105466485023499 0.3443177044391632 -0.06763940304517746 0.992790699005127 0.4672756791114807 0.6646998524665833 0.1781286746263504 0.5550655722618103
0.32438722252845764 0.0435209795832634 0.9237788319587708 0.8400737047195435 -0.264193058013916 0.4471611380577087 -0.15660499036312103 0.3601883053779602 0.04683500900864601 1.0423829555511475 -0.3967989385128021 0.6048903465270996 0.5453013777732849 0.42344388365745544 0.3706686794757843 -0.03694230318069458 1.0453333854675293 0.34458935260772705 0.7139476537704468 0.16877706348896027 0.5857058167457581 0.35866838693618774 -0.05600035935640335 1.0397034883499146 0.41758793592453003 0.6436728835105896 0.09654814004898071 0.6340221166610718 0.3575170338153839 -0.06490831077098846 1.0223112106323242 0.39891085028648376 0.6711909770965576 0.13268695771694183 0.6105466485023499 0.3443177044391632 -0.06763940304517746 0.992790699005127 0.4672756791114807 0.6646998524665833 0.1781286746263504 0.5550655722618103
0.32438722252845764 0.0435209795832634 0.9237788319587708 0.8400737047195435 -0.264193058013916 0.4471611380577087 -0.15660499036312103 0.3601883053779602 0.04683500900864601 1.0423829555511475 -0.3967989385128021 0.6048903465270996 0.5453013777732849 0.42344388365745544 0.3706686794757843 -0.03694230318069458 1.0453333854675293 0.34458935260772705 0.7139476537704468 0.16877706348896027 0.5857058167457581 0.35866838693618774 -0.05600035935640335 1.0397034883499146 0.41758793592453003 0.6436728835105896 0.09654814004898071 0.6340221166610718 0.3575170338153839 -0.06490831077098846 1.0223112106323242 0.39891085028648376 0.6711909770965576 0.13268695771694183 0.6105466485023499 0.3443177044391632 -0.06763940304517746 0.992790699005127 0.4672756791114807 0.6646998524665833 0.1781286746263504 0.5550655722618103
0.3247950077056885 0.04376814514398575 0.9256972670555115 0.8548455238342285 -0.2621786892414093 0.4356054067611695 -0.10368016362190248 0.36593300104141235 0.05315960571169853 1.0421875715255737 -0.3823794424533844 0.6353318095207214 0.5247477293014526 0.41806620359420776 0.3528650104999542 -0.02411380410194397 1.0529375076293945 0.3558891713619232 0.5927169322967529 0.08301505446434021 0.7177313566207886 0.3426823616027832 -0.038976944983005524 1.0500788688659668 0.4006860554218292 0.5318534970283508 0.0029469430446624756 0.7460389137268066 0.34357893466949463 -0.05210575461387634 1.0348212718963623 0.3931570053100586 0.5873280167579651 0.041968852281570435 0.7061954736709595 0.3363186717033386 -0.05794434994459152 1.0075470209121704 0.45188939571380615 0.6189770698547363 0.08250334858894348 0.6370687484741211
0.3238283097743988 0.05143462121486664 0.9416130781173706 0.872519850730896 -0.25228461623191833 0.39941236376762396 0.12462522089481355 0.3694167733192444 0.06089280545711517 1.0522938966751099 -0.25196409225463867 0.6391733884811401 0.4714636206626892 0.5528956651687622 0.32195910811424255 0.0606972761452198 1.0166950225830078 0.030044516548514363 -0.31895679235458374 -0.1828491389751434 0.9294784069061279 0.31038007140159607 0.051671355962753296 1.020869255065918 0.028047222644090652 -0.2839215397834778 -0.22527679800987244 0.9315859079360962 0.304438054561615 0.04066861793398857 1.0289974212646484 0.04741614311933518 -0.1405118703842163 -0.26353877782821655 0.953181803226471 0.31107550859451294 0.027635226026177406 1.0362396240234375 0.08458730578422546 0.0727960467338562 -0.34196141362190247 0.9330639839172363
0.3238283097743988 0.05143462121486664 0.9416130781173706 0.872519850730896 -0.25228461623191833 0.39941236376762396 0.12462522089481355 0.3694167733192444 0.06089280545711517 1.0522938966751099 -0.25196409225463867 0.6391733884811401 0.4714636206626892 0.5528956651687622 0.32195910811424255 0.0606972761452198 1.0166950225830078 0.030044516548514363 -0.31895679235458374 -0.1828491389751434 0.9294784069061279 0.31038007140159607 0.051671355962753296 1.020869255065918 0.028047222644090652 -0.2839215397834778 -0.22527679800987244 0.9315859079360962 0.304438054561615 0.04066861793398857 1.0289974212646484 0.04741614311933518 -0.1405118703842163 -0.26353877782821655 0.953181803226471 0.31107550859451294 0.027635226026177406 1.0362396240234375 0.08458730578422546 0.0727960467338562 -0.34196141362190247 0.9330639839172363
0.32297390699386597 0.05561518296599388 0.9479855298995972 0.878211259841919 -0.23815499246120453 0.38242703676223755 0.16055157780647278 0.3654634356498718 0.059160422533750534 1.054137945175171 -0.1539035439491272 0.5226534008979797 0.5142290592193604 0.6623561382293701 0.33557572960853577 0.06783609092235565 1.0101186037063599 -0.056076861917972565 -0.5274381041526794 -0.16809043288230896 0.8309091925621033 0.31864258646965027 0.05972691625356674 1.0147367715835571 -0.05517689138650894 -0.4301045536994934 -0.20350384712219238 0.8778108358383179 0.31037479639053345 0.05426687374711037 1.0196125507354736 -0.08279427140951157 -0.3013276755809784 -0.26393094658851624 0.9125170707702637 0.31232935190200806 0.044695403426885605 1.0306007862091064 -0.053500086069107056 -0.10645143687725067 -0.3603353500366211 0.9251834154129028
0.32181864976882935 0.057146184146404266 0.9496197700500488 0.8806344270706177 -0.23081539571285248 0.3763146698474884 0.17203056812286377 0.36373698711395264 0.05936143919825554 1.0525420904159546 -0.10661008208990097 0.46640563011169434 0.5293846726417542 0.7006083130836487 0.34005287289619446 0.07009899616241455 1.0107930898666382 -0.08019404858350754 -0.5703821182250977 -0.16267532110214233 0.8011053800582886 0.3223205804824829 0.062397513538599014 1.0161081552505493 -0.07776149362325668 -0.4562658965587616 -0.2019762098789215 0.8631224632263184 0.3132272958755493 0.05713936313986778 1.018775463104248 -0.12333494424819945 -0.34235462546348566 -0.25650888681411743 0.8954245448112488 0.3128492832183838 0.048763640224933624 1.028428316116333 -0.09887152910232544 -0.1672709882259369 -0.35402944684028625 0.9148268699645996
0.32181864976882935 0.057146184146404266 0.9496197700500488 0.8806344270706177 -0.23081539571285248 0.3763146698474884 0.17203056812286377 0.36373698711395264 0.05936143919825554 1.0525420904159546 -0.10661008208990097 0.46640563011169434 0.5293846726417542 0.7006083130836487 0.34005287289619446 0.07009899616241455 1.0107930898666382 -0.08019404858350754 -0.5703821182250977 -0.16267532110214233 0.8011053800582886 0.3223205804824829 0.062397513538599014 1.0161081552505493 -0.07776149362325668 -0.4562658965587616 -0.2019762098789215 0.8631224632263184 0.3132272958755493 0.05713936313986778 1.018775463104248 -0.12333494424819945 -0.34235462546348566 -0.25650888681411743 0.8954245448112488 0.3128492832183838 0.048763640224933624 1.028428316116333 -0.09887152910232544 -0.1672709882259369 -0.35402944684028625 0.9148268699645996
0.32031962275505066 0.061613526195287704 0.9511109590530396 0.8895836472511292 -0.19861643016338348 0.3772905468940735 0.1638423502445221 0.362867146730423 0.06578198820352554 1.0518665313720703 -0.09104257822036743 0.4295395016670227 0.5673686265945435 0.6966347694396973 0.34171274304389954 0.07566999644041061 1.0124319791793823 -0.07191463559865952 -0.6067661046981812 -0.13549792766571045 0.7799381017684937 0.326307475566864 0.06702984869480133 1.0171937942504883 -0.08515167981386183 -0.5063292384147644 -0.17662298679351804 0.8397524356842041 0.31720301508903503 0.06055395305156708 1.0227867364883423 -0.1394151747226715 -0.3674838840961456 -0.2230560481548309 0.8920565843582153 0.31453749537467957 0.05215468257665634 1.0301023721694946 -0.11672334372997285 -0.20744977891445163 -0.31592407822608953 0.9184401035308838
0.32126104831695557 0.06343722343444824 0.950105607509613 0.8921952247619629 -0.180818572640419 0.38630104064941406 0.14853918552398682 0.36505526304244995 0.07244836539030075 1.0531578063964844 -0.1443539559841156 0.471234530210495 0.5780127048492432 0.6503854990005493 0.3389964699745178 0.07830485701560974 1.0145851373672485 -0.0466076023876667 -0.5745837092399597 -0.12566161155700684 0.8073973655700684 0.32633891701698303 0.06857340037822723 1.017820119857788 -0.06681441515684128 -0.5063673257827759 -0.1644017994403839 0.8438602685928345 0.31808215379714966 0.061420511454343796 1.0233290195465088 -0.12707141041755676 -0.3698603808879852 -0.20590019226074216 0.8970291614532471 0.3157712519168854 0.05203051120042801 1.0322660207748413 -0.09232567250728607 -0.18030013144016266 -0.2974225580692291 0.9330101013183594
0.32171720266342163 0.06475391983985901 0.9489855170249939 0.8912538886070251 -0.16840533912181854 0.3999396860599518 0.13173611462116241 0.3657800555229187 0.08104322105646133 1.0546507835388184 -0.2156147062778473 0.524278998374939 0.5689297318458557 0.5957857966423035 0.3323095440864563 0.08007369935512543 1.020496129989624 -0.012115201912820341 -0.47447687387466436 -0.122180312871933 0.8716633319854736 0.3224930465221405 0.06986865401268005 1.0237469673156738 -0.03338410705327988 -0.44018590450286865 -0.16464921832084656 0.8820501565933228 0.3165411055088043 0.0613560788333416 1.0284861326217651 -0.0883227288722992 -0.31575483083724976 -0.2017117440700531 0.9229357242584229 0.3159409761428833 0.05057413503527641 1.0371956825256348 -0.0483369566500187 -0.10238396376371385 -0.28451293706893926 0.9519630074501038
0.32098761200904846 0.06578697264194489 0.947630763053894 0.8830385208129883 -0.17064093053340912 0.41782039403915405 0.12865029275417328 0.3641221225261688 0.09114556014537811 1.0549861192703247 -0.28338390588760376 0.5799502730369568 0.5286574363708496 0.5512464642524719 0.3241160213947296 0.08163204789161682 1.0321152210235596 0.018368249759078026 -0.29557690024375916 -0.13102954626083374 0.9461122155189514 0.31671977043151855 0.07143869251012802 1.0370911359786987 0.00419249152764678 -0.2904295325279236 -0.18365815281867978 0.9390969276428223 0.313768208026886 0.06080798804759979 1.040099859237671 -0.03453302010893822 -0.1902180016040802 -0.21631354093551636 0.9569917321205139 0.3153791129589081 0.04888051003217697 1.0444451570510864 -0.0040185777470469475 0.009325569495558739 -0.2838694453239441 0.9588093161582947
0.32104551792144775 0.06599720567464828 0.9476142525672913 0.8790059685707092 -0.1698496788740158 0.42458096146583557 0.13502122461795807 0.36582183837890625 0.10086812824010849 1.053981065750122 -0.3307609260082245 0.6298665404319763 0.48840224742889404 0.5053008794784546 0.3246890604496002 0.08206035196781158 1.0487414598464966 0.0453181155025959 -0.08341293036937714 -0.13900256156921387 0.9857317209243774 0.31927114725112915 0.07136128097772598 1.052773356437683 0.03838393837213516 -0.12260890007019044 -0.20083749294281006 0.971163272857666 0.31853944063186646 0.058703888207674026 1.0544919967651367 0.009728558361530304 -0.035005465149879456 -0.2268421649932861 0.9732537269592285 0.3215695321559906 0.04495970904827118 1.0546684265136719 0.042428158223629 0.16451112926006317 -0.2761869728565216 0.945968747138977
0.3203408420085907 0.06654338538646698 0.947760820388794 0.8740101456642151 -0.1729850023984909 0.43068942427635193 0.14383698999881744 0.3668220043182373 0.11003206670284271 1.0522385835647583 -0.36590880155563354 0.6720441579818726 0.44478994607925415 0.4654344916343689 0.3331122398376465 0.08079860359430313 1.067768931388855 0.07892373949289322 0.16327691078186035 -0.14979740977287292 0.9719425439834595 0.32812944054603577 0.06837215274572372 1.0709991455078125 0.08740211278200148 0.0890170857310295 -0.2211230099201202 0.9672340154647827 0.3288944959640503 0.053652748465538025 1.070777177810669 0.06820017099380493 0.17684459686279297 -0.23763406276702878 0.9526829719543457 0.3302423059940338 0.03886789083480835 1.0637824535369873 0.09944755584001543 0.34143745899200445 -0.26296359300613403 0.8968728184700012
0.3193925619125366 0.06765821576118469 0.9482370615005493 0.8684914112091064 -0.17763541638851166 0.4384370446205139 0.1481265425682068 0.36636707186698914 0.11751137673854828 1.0512068271636963 -0.38840532302856445 0.6993052363395691 0.406434029340744 0.4415031373500824 0.3484724462032318 0.07595328241586685 1.0831176042556763 0.12352206557989119 0.3967702388763427 -0.15149661898612976 0.8968638181686401 0.34370362758636475 0.06002603471279144 1.0871598720550537 0.15382066369056702 0.3217332065105438 -0.22845536470413205 0.9058892130851746 0.34358903765678406 0.044480130076408386 1.0832961797714233 0.13749311864376068 0.40094423294067383 -0.23256444931030273 0.8753589391708374 0.3394535183906555 0.030708100646734238 1.0690877437591553 0.1634385585784912 0.5079657435417175 -0.23585343360900882 0.812177300453186
0.31924954056739807 0.06910107284784317 0.9494452476501465 0.8617210984230042 -0.18286578357219696 0.4484443664550781 0.15130946040153503 0.36497750878334045 0.12299346178770065 1.0516009330749512 -0.40256503224372864 0.7109594941139221 0.37838685512542725 0.4350880980491638 0.3620554506778717 0.07145078480243683 1.0908645391464233 0.15750165283679962 0.5438793301582336 -0.14831027388572693 0.8107975721359253 0.35479748249053955 0.05332009866833687 1.095158338546753 0.20014482736587524 0.4643048048019409 -0.22197306156158447 0.8337212800979614 0.3515661656856537 0.03807447850704193 1.0887973308563232 0.18303357064723969 0.5223056077957153 -0.21618211269378662 0.804338812828064 0.3454475402832031 0.02428486943244934 1.0711499452590942 0.21289440989494324 0.6089297533035278 -0.2083086371421814 0.73517906665802
0.31897252798080444 0.07067486643791199 0.9502353668212891 0.8549375534057617 -0.18780024349689484 0.4589639008045196 0.1522008329629898 0.36216431856155396 0.12719504535198212 1.052280068397522 -0.41481471061706543 0.7123676538467407 0.359384685754776 0.43738314509391785 0.37072086334228516 0.06736067682504654 1.093891978263855 0.18566255271434784 0.6315215826034546 -0.14043527841567993 0.7395864129066467 0.3603239953517914 0.04852103069424629 1.0988506078720093 0.23331959545612335 0.5473654270172119 -0.2095787525177002 0.775905966758728 0.354385107755661 0.03398982435464859 1.091336727142334 0.21284548938274384 0.5883966684341431 -0.19605252146720886 0.7550164461135864 0.34804630279541016 0.019503504037857056 1.0713019371032715 0.25142702460289 0.66995769739151 -0.18191106617450714 0.674425482749939
0.3186666667461395 0.07245934009552002 0.9502379894256592 0.8493655920028687 -0.1894979327917099 0.47006282210350037 0.1473415642976761 0.358381986618042 0.13055378198623657 1.0529927015304565 -0.4312521815299988 0.7106694579124451 0.3460327088832855 0.43500784039497375 0.3758617639541626 0.06491794437170029 1.0946018695831299 0.20212721824645996 0.6872328519821167 -0.12837889790534973 0.6858384609222412 0.36374375224113464 0.044648945331573486 1.1003466844558716 0.2581617534160614 0.6098037958145142 -0.18892553448677063 0.7251200675964355 0.3564710021018982 0.030733224004507065 1.0920511484146118 0.2334671914577484 0.6404969096183777 -0.1709284484386444 0.7113652229309082 0.3486679792404175 0.016191568225622177 1.0703125 0.27847328782081604 0.709682822227478 -0.1508415937423706 0.6293249130249023
0.3186666667461395 0.07245934009552002 0.9502379894256592 0.8493655920028687 -0.1894979327917099 0.47006282210350037 0.1473415642976761 0.358381986618042 0.13055378198623657 1.0529927015304565 -0.4312521815299988 0.7106694579124451 0.3460327088832855 0.43500784039497375 0.3758617639541626 0.06491794437170029 1.0946018695831299 0.20212721824645996 0.6872328519821167 -0.12837889790534973 0.6858384609222412 0.36374375224113464 0.044648945331573486 1.1003466844558716 0.2581617534160614 0.6098037958145142 -0.18892553448677063 0.7251200675964355 0.3564710021018982 0.030733224004507065 1.0920511484146118 0.2334671914577484 0.6404969096183777 -0.1709284484386444 0.7113652229309082 0.3486679792404175 0.016191568225622177 1.0703125 0.27847328782081604 0.709682822227478 -0.1508415937423706 0.6293249130249023
0.31740671396255493 0.07386474311351776 0.9508395791053772 0.8442716002464294 -0.19404737651348114 0.4787571430206299 0.14262805879116058 0.35222241282463074 0.13393056392669678 1.0549815893173218 -0.4561301469802856 0.7079541683197021 0.32594627141952515 0.42954093217849726 0.37875327467918396 0.06475433707237244 1.0954759120941162 0.20205704867839813 0.720550537109375 -0.12865135073661804 0.6507139205932617 0.36597830057144165 0.04054359346628189 1.101554274559021 0.2797835171222687 0.6705065369606018 -0.1654350757598877 0.6669133305549622 0.3580435812473297 0.025581158697605133 1.0922677516937256 0.2586803734302521 0.6996719837188721 -0.13827234506607056 0.65147864818573 0.3477000892162323 0.011366698890924454 1.068907380104065 0.30883100628852844 0.7461782097816467 -0.10855473577976227 0.5797046422958374
0.3166272044181824 0.07452807575464249 0.9512654542922974 0.8415696620941162 -0.19867374002933502 0.4823063611984253 0.14024946093559265 0.34966063499450684 0.1346239447593689 1.056342601776123 -0.4622802734375 0.707709789276123 0.3169821798801422 0.43007692694664 0.37879297137260437 0.06482860445976257 1.0961631536483765 0.20029331743717194 0.7274525761604309 -0.13125470280647278 0.6430144309997559 0.367479145526886 0.037977851927280426 1.1015599966049194 0.2900503873825073 0.696860134601593 -0.15657104551792145 0.6369789242744446 0.3581578731536865 0.02340114116668701 1.0921144485473633 0.26818880438804626 0.7191128730773926 -0.1277434527873993 0.6281981468200684 0.34598901867866516 0.009064018726348877 1.0682734251022339 0.32417622208595276 0.7561112642288208 -0.09058317542076111 0.5612488985061646
0.3157539963722229 0.0747731551527977 0.9516262412071228 0.8408865928649902 -0.20308302342891696 0.48249551653862005 0.13735099136829376 0.3482952117919922 0.13535234332084656 1.0569441318511963 -0.4672747552394867 0.7105188369750977 0.3098929226398468 0.42518696188926697 0.3793732523918152 0.06376457959413528 1.0963181257247925 0.20125125348567963 0.7375365495681763 -0.13058075308799744 0.6312580108642578 0.36838507652282715 0.03526414558291435 1.1011452674865723 0.29877808690071106 0.7147695422172546 -0.14887578785419464 0.6145505905151367 0.357593297958374 0.021107591688632965 1.0917052030563354 0.2771183252334595 0.7279165983200073 -0.12083360552787781 0.6154202818870544 0.34438902139663696 0.006057575345039368 1.0671212673187256 0.34149086475372314 0.7624670267105103 -0.07328225672245026 0.5446631908416748
0.3157539963722229 0.0747731551527977 0.9516262412071228 0.8408865928649902 -0.20308302342891696 0.48249551653862005 0.13735099136829376 0.3482952117919922 0.13535234332084656 1.0569441318511963 -0.4672747552394867 0.7105188369750977 0.3098929226398468 0.42518696188926697 0.3793732523918152 0.06376457959413528 1.0963181257247925 0.20125125348567963 0.7375365495681763 -0.13058075308799744 0.6312580108642578 0.36838507652282715 0.03526414558291435 1.1011452674865723 0.29877808690071106 0.7147695422172546 -0.14887578785419464 0.6145505905151367 0.357593297958374 0.021107591688632965 1.0917052030563354 0.2771183252334595 0.7279165983200073 -0.12083360552787781 0.6154202818870544 0.34438902139663696 0.006057575345039368 1.0671212673187256 0.34149086475372314 0.7624670267105103 -0.07328225672245026 0.5446631908416748
0.3157539963722229 0.0747731551527977 0.9516262412071228 0.8408865928649902 -0.20308302342891696 0.48249551653862005 0.13735099136829376 0.3482952117919922 0.13535234332084656 1.0569441318511963 -0.4672747552394867 0.7105188369750977 0.3098929226398468 0.42518696188926697 0.3793732523918152 0.06376457959413528 1.0963181257247925 0.20125125348567963 0.7375365495681763 -0.13058075308799744 0.6312580108642578 0.36838507652282715 0.03526414558291435 1.1011452674865723 0.29877808690071106 0.7147695422172546 -0.14887578785419464 0.6145505905151367 0.357593297958374 0.021107591688632965 1.0917052030563354 0.2771183252334595 0.7279165983200073 -0.12083360552787781 0.6154202818870544 0.34438902139663696 0.006057575345039368 1.0671212673187256 0.34149086475372314 0.7624670267105103 -0.07328225672245026 0.5446631908416748
0.3157539963722229 0.0747731551527977 0.9516262412071228 0.8408865928649902 -0.20308302342891696 0.48249551653862005 0.13735099136829376 0.3482952117919922 0.13535234332084656 1.0569441318511963 -0.4672747552394867 0.7105188369750977 0.3098929226398468 0.42518696188926697 0.3793732523918152 0.06376457959413528 1.0963181257247925 0.20125125348567963 0.7375365495681763 -0.13058075308799744 0.6312580108642578 0.36838507652282715 0.03526414558291435 1.1011452674865723 0.29877808690071106 0.7147695422172546 -0.14887578785419464 0.6145505905151367 0.357593297958374 0.021107591688632965 1.0917052030563354 0.2771183252334595 0.7279165983200073 -0.12083360552787781 0.6154202818870544 0.34438902139663696 0.006057575345039368 1.0671212673187256 0.34149086475372314 0.7624670267105103 -0.07328225672245026 0.5446631908416748
0.3157539963722229 0.0747731551527977 0.9516262412071228 0.8408865928649902 -0.20308302342891696 0.48249551653862005 0.13735099136829376 0.3482952117919922 0.13535234332084656 1.0569441318511963 -0.4672747552394867 0.7105188369750977 0.3098929226398468 0.42518696188926697 0.3793732523918152 0.06376457959413528 1.0963181257247925 0.20125125348567963 0.7375365495681763 -0.13058075308799744 0.6312580108642578 0.36838507652282715 0.03526414558291435 1.1011452674865723 0.29877808690071106 0.7147695422172546 -0.14887578785419464 0.6145505905151367 0.357593297958374 0.021107591688632965 1.0917052030563354 0.2771183252334595 0.7279165983200073 -0.12083360552787781 0.6154202818870544 0.34438902139663696 0.006057575345039368 1.0671212673187256 0.34149086475372314 0.7624670267105103 -0.07328225672245026 0.5446631908416748
0.3140546679496765 0.0757451057434082 0.9513986110687256 0.8413867950439453 -0.2094680219888687 0.4906424880027771 0.08637958765029907 0.34324395656585693 0.1333179771900177 1.060126543045044 -0.4947870075702667 0.7052138447761536 0.32332712411880493 0.3915598392486572 0.37843000888824463 0.057278554886579514 1.0964391231536865 0.19396831095218658 0.7744289040565491 -0.08616498112678528 0.5959964990615845 0.36271271109580994 0.025816600769758224 1.0994216203689575 0.3099428117275238 0.7280889749526978 -0.09205496311187744 0.6044401526451111 0.3511882424354553 0.009671226143836975 1.0874216556549072 0.3050757646560669 0.7273319959640503 -0.06086084246635437 0.6117295026779175 0.3412210941314697 -0.006003953516483307 1.0583765506744385 0.38015618920326233 0.7748162746429443 0.012971654534339905 0.5049484372138977
0.3152672350406647 0.07645606994628906 0.9518277645111084 0.8431875705718994 -0.20943643152713776 0.490790456533432 0.06554324924945831 0.3458254337310791 0.12927870452404022 1.062606692314148 -0.4829630851745605 0.7014214992523193 0.34609776735305786 0.39366340637207026 0.3584347665309906 0.05984086915850639 1.1002908945083618 0.18782004714012143 0.6490783095359802 -0.08844980597496033 0.7318453788757324 0.3448807895183563 0.03263164684176445 1.1024515628814697 0.2866741120815277 0.6182580590248108 -0.10260793566703795 0.7246010303497314 0.3421206474304199 0.01094597578048706 1.088570237159729 0.30182430148124695 0.6652138233184814 -0.05941122770309448 0.6803402900695801 0.3407895863056183 -0.006147176027297974 1.0585894584655762 0.37216007709503174 0.757775068283081 0.01699790358543396 0.5357096195220947
0.31653496623039246 0.0770481526851654 0.9521802067756653 0.846626877784729 -0.2084193378686905 0.48783993721008295 0.042385682463645935 0.3488350808620453 0.12375296652317047 1.0650782585144043 -0.4661810994148254 0.693251371383667 0.3769617974758148 0.3999718129634857 0.32715025544166565 0.06647693365812302 1.0929522514343262 0.16848649084568024 0.3995063900947571 -0.09950697422027588 0.8956032991409302 0.31643790006637573 0.04541671648621559 1.0945099592208862 0.2428642362356186 0.3831287920475006 -0.12862718105316162 0.8818641901016235 0.3243974447250366 0.01759912818670273 1.0868263244628906 0.28438904881477356 0.51596999168396 -0.08168807625770569 0.8038811683654785 0.3391319215297699 -0.004378274083137512 1.0599126815795898 0.35371047258377075 0.722032368183136 0.005286842584609985 0.5945841073989868
0.31815823912620544 0.07773454487323761 0.9520344734191895 0.851352870464325 -0.20454041659832004 0.4827985763549805 0.016343653202056885 0.35166987776756287 0.11486217379570007 1.0677664279937744 -0.44213956594467163 0.6755645871162415 0.41897693276405334 0.4154316484928131 0.3016432225704193 0.07415880262851715 1.0676701068878174 0.13753890991210938 0.09610297530889511 -0.10296633839607239 0.9804311990737915 0.2928336560726166 0.05834503471851349 1.0667177438735962 0.1852537840604782 0.05839448422193527 -0.1423220932483673 0.9705748558044434 0.3010658323764801 0.03231018781661987 1.0714926719665527 0.23540964722633362 0.23489627242088318 -0.1261027753353119 0.9346144199371338 0.334627628326416 5.917251110076904e-05 1.0608428716659546 0.32793644070625305 0.6449158787727356 -0.02539384365081787 0.6898523569107056
0.3192079961299896 0.08026672899723053 0.9518117904663086 0.8614040613174438 -0.19199199974536896 0.47023048996925354 -0.0023543834686279297 0.3522593379020691 0.10313653200864792 1.070052146911621 -0.4043540060520172 0.6291323304176331 0.48423129320144653 0.4541044235229492 0.2971259653568268 0.07849650084972382 1.0459789037704468 0.12403101474046707 -0.10788991302251816 -0.09216874837875366 0.9820800423622131 0.289938747882843 0.06597888469696045 1.041833758354187 0.14333036541938782 -0.17373660206794736 -0.13737747073173523 0.9645721912384033 0.2920870780944824 0.04818614944815636 1.0474669933319092 0.16995999217033386 -0.040757112205028534 -0.160060852766037 0.9715107679367065 0.3283461332321167 0.010928735136985779 1.060557246208191 0.2893809378147125 0.5295725464820862 -0.07563388347625732 0.7937828898429871
0.3200632333755493 0.08151710778474808 0.9511958956718445 0.8698992133140564 -0.18477515876293182 0.45722442865371704 -0.008917853236198425 0.35377833247184753 0.09120123088359833 1.068963646888733 -0.35258740186691284 0.5778616070747375 0.5455864667892456 0.49405840039253235 0.3007253408432007 0.07962760329246521 1.034835696220398 0.12371465563774109 -0.22362419962882996 -0.08821332454681396 0.962759256362915 0.2940768003463745 0.06908615678548813 1.0294197797775269 0.11995109915733336 -0.2908439636230468 -0.13636499643325806 0.9393754601478577 0.29407042264938354 0.05733371526002884 1.0315076112747192 0.11126866191625595 -0.1987667828798294 -0.18233296275138855 0.9564862251281738 0.3225419521331787 0.02122606709599495 1.057757019996643 0.24707908928394318 0.41883522272109985 -0.12231990694999695 0.8651977181434631
0.31931912899017334 0.08081568777561188 0.950498640537262 0.8764415383338928 -0.18128506839275357 0.44584026932716364 -0.014577984809875487 0.3547734022140503 0.08340953290462494 1.0667775869369507 -0.3148117661476135 0.5407572984695435 0.5878420472145081 0.5127541422843933 0.3048064708709717 0.07909689843654633 1.0283011198043823 0.12132123857736588 -0.3119144141674042 -0.09603729844093323 0.937425971031189 0.2971896529197693 0.06877148896455765 1.0263200998306274 0.1091279089450836 -0.32922011613845825 -0.1421709656715393 0.9270883202552795 0.29659661650657654 0.059806935489177704 1.0255138874053955 0.07532980293035506 -0.25429490208625793 -0.19467172026634214 0.9443317651748657 0.3183233439922333 0.026362258940935135 1.0539411306381226 0.21592454612255096 0.34365999698638916 -0.15093201398849487 0.9013845324516296
0.3177573084831238 0.08002480864524841 0.9511855840682983 0.8809370994567871 -0.17428018152713776 0.43949446082115173 -0.020518094301223755 0.354208379983902 0.08121762424707413 1.0666743516921997 -0.30498746037483215 0.5253124833106995 0.6068673729896545 0.5125831961631775 0.3055976331233978 0.07711463421583176 1.0297131538391113 0.1300375759601593 -0.3211590349674225 -0.09253895282745361 0.9334793090820312 0.2966971695423126 0.06716996431350708 1.0304217338562012 0.11231145262718202 -0.3018044829368592 -0.13812419772148132 0.9366012811660767 0.29619380831718445 0.059573039412498474 1.0285539627075195 0.0685574933886528 -0.22877579927444455 -0.19287961721420285 0.9517137408256531 0.31696003675460815 0.027812108397483826 1.0535809993743896 0.19913603365421298 0.32332634925842285 -0.1553940773010254 0.9119526147842407
0.31630048155784607 0.07862688601016998 0.950854480266571 0.8835585117340088 -0.16782476007938385 0.4366264939308167 -0.022729977965354923 0.35312390327453613 0.08210153132677078 1.066489338874817 -0.3150801658630371 0.5239170789718628 0.6115998029708862 0.5021765232086182 0.30438971519470215 0.07240169495344162 1.0411267280578613 0.14855732023715973 -0.1961749643087387 -0.07745099067687988 0.9661509990692139 0.29554641246795654 0.06264184415340424 1.042914628982544 0.13412357866764069 -0.17386014759540558 -0.12607964873313904 0.9674128293991089 0.29725366830825806 0.05409597232937813 1.0440658330917358 0.09616588056087495 -0.06409744173288345 -0.17498582601547244 0.9777646660804749 0.32154443860054016 0.023806162178516388 1.0562752485275269 0.2026039659976959 0.38743576407432556 -0.1358601152896881 0.8890373706817627
0.3142760992050171 0.07650196552276611 0.9486747980117798 0.8858146667480469 -0.16672839224338531 0.4326797127723694 -0.01795591413974762 0.35242486000061035 0.08876211196184158 1.0646473169326782 -0.34061118642490357 0.5456138202290194 0.5962708648064425 0.4803650930395196 0.311120867729187 0.06532815098762512 1.0595099925994873 0.1651918590068817 0.023226529359817505 -0.0675588846206665 0.983670711517334 0.30253419280052185 0.05413220077753067 1.0632779598236084 0.1675065755844116 0.06619979441165924 -0.11390650272369383 0.9770283699035645 0.3112310767173767 0.04239935055375099 1.0660604238510132 0.1328330934047699 0.22202742099761963 -0.14356839656829834 0.9552211761474609 0.3316424489021301 0.016749635338783264 1.0571109056472778 0.2111863046884537 0.4968881011009217 -0.10861995816230775 0.8346881866455078
0.3119181990623474 0.07582807540893555 0.9482386112213135 0.8839085102081299 -0.17147667706012726 0.4350142478942871 -0.008005991578102112 0.3497658371925354 0.09804575890302658 1.0642883777618408 -0.3716183602809906 0.5852900743484497 0.5505968928337097 0.4649500250816345 0.3239441215991974 0.05910448729991913 1.0777112245559692 0.1784011274576187 0.28160640597343445 -0.05106288194656372 0.9414157271385193 0.32257384061813354 0.043393269181251526 1.0840295553207397 0.2077474743127823 0.34506213665008545 -0.10135814547538757 0.9096701145172119 0.33285996317863464 0.02740667015314102 1.0785675048828125 0.18590153753757477 0.46779394149780273 -0.1005135178565979 0.8581995964050293 0.3430294990539551 0.0071244388818740845 1.0561120510101318 0.24996034801006317 0.6284708976745605 -0.06549564003944397 0.7336583137512207
0.31030458211898804 0.07549849152565002 0.9491974711418152 0.8801764845848083 -0.17527417838573456 0.44106161594390864 -0.005737558007240295 0.3464333117008209 0.1043553277850151 1.0650705099105835 -0.394601970911026 0.6091784834861755 0.5130949020385742 0.4581753611564636 0.3388232886791229 0.05233416706323624 1.0882140398025513 0.19498321413993835 0.4765947461128235 -0.027555346488952637 0.856784462928772 0.3400322198867798 0.03389516472816467 1.0915738344192505 0.23867790400981906 0.5054517984390259 -0.08683800697326662 0.8246275186538696 0.3434314429759979 0.016910724341869354 1.0798965692520142 0.2281467616558075 0.5701509118080139 -0.06868469715118408 0.7862311005592346 0.3473133146762848 -0.00015591084957122803 1.053681492805481 0.28836631774902344 0.6923332810401917 -0.03080645203590393 0.6607347726821899
0.30988678336143494 0.0759701281785965 0.9496652483940125 0.8754884004592896 -0.17634476721286774 0.4496385455131531 -0.015742972493171692 0.34324726462364197 0.10715048015117645 1.0661624670028687 -0.41490593552589417 0.6146790385246277 0.4962905049324035 0.45135194063186646 0.35257384181022644 0.04622501879930496 1.0911595821380615 0.2101212739944458 0.5915353298187256 -0.004132330417633057 0.7784073352813721 0.3533036708831787 0.025302525609731674 1.0921756029129028 0.26379087567329407 0.6066020131111145 -0.06102296710014343 0.7474788427352905 0.34986117482185364 0.009025618433952332 1.0784212350845337 0.2574853003025055 0.6349990367889404 -0.03182154893875122 0.7276433706283569 0.34785327315330505 -0.00515708327293396 1.0512573719024658 0.3150577247142792 0.7242127656936646 0.009415268898010254 0.6133236885070801
0.3101651966571808 0.07590454816818237 0.9485902190208435 0.8716411590576172 -0.17944957315921783 0.4553673267364502 -0.02608036994934082 0.34139811992645264 0.10955756902694702 1.065489649772644 -0.4416086673736572 0.6264329552650452 0.47534307837486267 0.43198665976524353 0.3663451075553894 0.04007212817668915 1.0888721942901611 0.22091180086135864 0.6904866695404053 0.02227601408958435 0.6884256601333618 0.36500149965286255 0.01729463040828705 1.08841872215271 0.2820979952812195 0.6907593607902527 -0.030004441738128662 0.6651105284690857 0.3570067286491394 0.0029300302267074585 1.0747003555297852 0.27091675996780396 0.6933259963989258 -0.0005259513854980469 0.6677595973014832 0.35001012682914734 -0.009070351719856262 1.047258973121643 0.32524389028549194 0.754706084728241 0.04457494616508484 0.5680214166641235
0.3106156587600708 0.07585678994655609 0.9478124380111694 0.8673790693283081 -0.18440817296504974 0.4609111547470093 -0.034758880734443665 0.33940741419792175 0.10990384966135025 1.0654592514038086 -0.46049410104751587 0.6316198110580444 0.4595615863800049 0.4216691255569458 0.37823763489723206 0.034972064197063446 1.084395408630371 0.2275126427412033 0.7701264023780823 0.0485711395740509 0.593956470489502 0.3741266131401062 0.010786831378936768 1.0835179090499878 0.29487383365631104 0.7545812129974365 0.00013834238052368164 0.5862224102020264 0.3634295165538788 -0.0021938756108283997 1.0705556869506836 0.27962571382522583 0.7442337870597839 0.028767555952072144 0.6058861017227173 0.35210779309272766 -0.012193545699119568 1.043567419052124 0.33057355880737305 0.780165433883667 0.07408913969993591 0.5259029865264893
0.3108398914337158 0.07529908418655396 0.9477207660675049 0.8633559942245483 -0.18769539892673495 0.4662999510765076 -0.04417282342910767 0.33705416321754456 0.10820569097995758 1.0662503242492676 -0.46998268365859985 0.6285827159881592 0.4534498453140259 0.42235463857650757 0.3821011185646057 0.031387846916913986 1.0820749998092651 0.2308042198419571 0.7980043888092041 0.06540615856647491 0.5528478026390076 0.37689322233200073 0.006598994135856628 1.0809725522994995 0.30092209577560425 0.7768884301185608 0.018909543752670288 0.5527502298355103 0.36631518602371216 -0.006018489599227905 1.067825436592102 0.2841823697090149 0.7675178647041321 0.04970461130142212 0.5724388360977173 0.35344240069389343 -0.014877751469612122 1.0410277843475342 0.33199411630630493 0.7950919270515442 0.09693363308906555 0.4982094466686249
0.3108398914337158 0.07529908418655396 0.9477207660675049 0.8633559942245483 -0.18769539892673495 0.4662999510765076 -0.04417282342910767 0.33705416321754456 0.10820569097995758 1.0662503242492676 -0.46998268365859985 0.6285827159881592 0.4534498453140259 0.42235463857650757 0.3821011185646057 0.031387846916913986 1.0820749998092651 0.2308042198419571 0.7980043888092041 0.06540615856647491 0.5528478026390076 0.37689322233200073 0.006598994135856628 1.0809725522994995 0.30092209577560425 0.7768884301185608 0.018909543752670288 0.5527502298355103 0.36631518602371216 -0.006018489599227905 1.067825436592102 0.2841823697090149 0.7675178647041321 0.04970461130142212 0.5724388360977173 0.35344240069389343 -0.014877751469612122 1.0410277843475342 0.33199411630630493 0.7950919270515442 0.09693363308906555 0.4982094466686249
0.3127883970737457 0.07518059015274048 0.9470917582511902 0.8536220788955688 -0.19796063005924228 0.47879099845886236 -0.05385419726371766 0.3346567749977112 0.10547835379838943 1.0670459270477295 -0.4722773134708405 0.6194913983345032 0.44680678844451904 0.43994131684303284 0.37878522276878357 0.027342483401298523 1.082661747932434 0.24063269793987274 0.7901784777641296 0.07632976770401001 0.5584691166877747 0.37212979793548584 0.003004409372806549 1.0813992023468018 0.3118264079093933 0.7604946494102478 0.027215898036956787 0.5689213275909424 0.3640436828136444 -0.009967692196369171 1.0665463209152222 0.295703649520874 0.7640436887741089 0.0640825629234314 0.5698158740997314 0.3520938754081726 -0.017715349793434143 1.0392210483551025 0.33857250213623047 0.794793963432312 0.1160416156053543 0.490107774734497
0.3127883970737457 0.07518059015274048 0.9470917582511902 0.8536220788955688 -0.19796063005924228 0.47879099845886236 -0.05385419726371766 0.3346567749977112 0.10547835379838943 1.0670459270477295 -0.4722773134708405 0.6194913983345032 0.44680678844451904 0.43994131684303284 0.37878522276878357 0.027342483401298523 1.082661747932434 0.24063269793987274 0.7901784777641296 0.07632976770401001 0.5584691166877747 0.37212979793548584 0.003004409372806549 1.0813992023468018 0.3118264079093933 0.7604946494102478 0.027215898036956787 0.5689213275909424 0.3640436828136444 -0.009967692196369171 1.0665463209152222 0.295703649520874 0.7640436887741089 0.0640825629234314 0.5698158740997314 0.3520938754081726 -0.017715349793434143 1.0392210483551025 0.33857250213623047 0.794793963432312 0.1160416156053543 0.490107774734497
0.3127883970737457 0.07518059015274048 0.9470917582511902 0.8536220788955688 -0.19796063005924228 0.47879099845886236 -0.05385419726371766 0.3346567749977112 0.10547835379838943 1.0670459270477295 -0.4722773134708405 0.6194913983345032 0.44680678844451904 0.43994131684303284 0.37878522276878357 0.027342483401298523 1.082661747932434 0.24063269793987274 0.7901784777641296 0.07632976770401001 0.5584691166877747 0.37212979793548584 0.003004409372806549 1.0813992023468018 0.3118264079093933 0.7604946494102478 0.027215898036956787 0.5689213275909424 0.3640436828136444 -0.009967692196369171 1.0665463209152222 0.295703649520874 0.7640436887741089 0.0640825629234314 0.5698158740997314 0.3520938754081726 -0.017715349793434143 1.0392210483551025 0.33857250213623047 0.794793963432312 0.1160416156053543 0.490107774734497
0.3135497272014618 0.07547727972269058 0.946821928024292 0.8505020141601562 -0.20234929025173187 0.48246073722839355 -0.05415414273738861 0.3344686031341553 0.1046568751335144 1.067207932472229 -0.4714703857898712 0.6171731352806091 0.44606807827949524 0.4447879493236542 0.37336450815200806 0.02709290385246277 1.0846787691116333 0.24465714395046234 0.7683944702148438 0.073676198720932 0.5867577791213989 0.3664752244949341 0.0034620389342308044 1.083391547203064 0.3149465322494507 0.7369799613952637 0.02268323302268982 0.5976243019104004 0.3597974181175232 -0.010131247341632843 1.0678036212921143 0.3008033037185669 0.7472319602966309 0.061145395040512085 0.5894259214401245 0.3506145775318146 -0.018038764595985413 1.03935706615448 0.3423849940299988 0.7895810008049011 0.11674422025680542 0.49568670988082886
0.3135497272014618 0.07547727972269058 0.946821928024292 0.8505020141601562 -0.20234929025173187 0.48246073722839355 -0.05415414273738861 0.3344686031341553 0.1046568751335144 1.067207932472229 -0.4714703857898712 0.6171731352806091 0.44606807827949524 0.4447879493236542 0.37336450815200806 0.02709290385246277 1.0846787691116333 0.24465714395046234 0.7683944702148438 0.073676198720932 0.5867577791213989 0.3664752244949341 0.0034620389342308044 1.083391547203064 0.3149465322494507 0.7369799613952637 0.02268323302268982 0.5976243019104004 0.3597974181175232 -0.010131247341632843 1.0678036212921143 0.3008033037185669 0.7472319602966309 0.061145395040512085 0.5894259214401245 0.3506145775318146 -0.018038764595985413 1.03935706615448 0.3423849940299988 0.7895810008049011 0.11674422025680542 0.49568670988082886
0.3135497272014618 0.07547727972269058 0.946821928024292 0.8505020141601562 -0.20234929025173187 0.48246073722839355 -0.05415414273738861 0.3344686031341553 0.1046568751335144 1.067207932472229 -0.4714703857898712 0.6171731352806091 0.44606807827949524 0.4447879493236542 0.37336450815200806 0.02709290385246277 1.0846787691116333 0.24465714395046234 0.7683944702148438 0.073676198720932 0.5867577791213989 0.3664752244949341 0.0034620389342308044 1.083391547203064 0.3149465322494507 0.7369799613952637 0.02268323302268982 0.5976243019104004 0.3597974181175232 -0.010131247341632843 1.0678036212921143 0.3008033037185669 0.7472319602966309 0.061145395040512085 0.5894259214401245 0.3506145775318146 -0.018038764595985413 1.03935706615448 0.3423849940299988 0.7895810008049011 0.11674422025680542 0.49568670988082886
0.3135497272014618 0.07547727972269058 0.946821928024292 0.8505020141601562 -0.20234929025173187 0.48246073722839355 -0.05415414273738861 0.3344686031341553 0.1046568751335144 1.067207932472229 -0.4714703857898712 0.6171731352806091 0.44606807827949524 0.4447879493236542 0.37336450815200806 0.02709290385246277 1.0846787691116333 0.24465714395046234 0.7683944702148438 0.073676198720932 0.5867577791213989 0.3664752244949341 0.0034620389342308044 1.083391547203064 0.3149465322494507 0.7369799613952637 0.02268323302268982 0.5976243019104004 0.3597974181175232 -0.010131247341632843 1.0678036212921143 0.3008033037185669 0.7472319602966309 0.061145395040512085 0.5894259214401245 0.3506145775318146 -0.018038764595985413 1.03935706615448 0.3423849940299988 0.7895810008049011 0.11674422025680542 0.49568670988082886
0.3170183002948761 0.07814349234104156 0.947846531867981 0.8593640923500061 -0.19591788947582245 0.4663019478321076 -0.07531403005123138 0.3358057141304016 0.06838226318359375 1.0680700540542603 -0.31560271978378296 0.4659157395362854 0.5907801389694214 0.5781837701797485 0.2947545647621155 0.0556349903345108 1.0495977401733398 0.22458744049072266 -0.02270936220884323 -0.04290089011192322 0.973244309425354 0.28632140159606934 0.04597500339150429 1.0502331256866455 0.22495004534721377 0.010480187833309174 -0.09271782636642457 0.9698923230171204 0.29339393973350525 0.026213668286800385 1.0533390045166016 0.24624502658843997 0.16022539138793948 -0.09525102376937868 0.9511143565177917 0.3231602609157562 -0.002662450075149536 1.0483325719833374 0.3263143002986908 0.5222176909446716 -0.00931251049041748 0.7878586053848267
0.31445953249931335 0.07722630351781845 0.9491057991981506 0.8580288887023926 -0.19143424928188327 0.46961560845375067 -0.08124373853206635 0.3323534429073334 0.06573307514190674 1.0689234733581543 -0.3084246516227722 0.4507493376731873 0.6011141538619995 0.5834046602249146 0.29393741488456726 0.05244273319840431 1.0556652545928955 0.22863407433032992 0.019849054515361786 -0.03384441137313843 0.972721517086029 0.28711915016174316 0.041194669902324677 1.0572624206542969 0.23818176984786987 0.05460979789495468 -0.0844217836856842 0.9660022258758545 0.2982861399650574 0.020442411303520203 1.0605839490890503 0.24899409711360931 0.22136937081813812 -0.07822272181510925 0.9396162033081055 0.3235033452510834 -0.004587329924106598 1.0492628812789917 0.323099285364151 0.5290911793708801 -0.0011931061744689941 0.7846451997756958
0.31114423274993896 0.07618698477745056 0.9503357410430908 0.8560916781425476 -0.18794851005077362 0.473707377910614 -0.0859287679195404 0.32879799604415894 0.06648758053779602 1.070504903793335 -0.31352677941322327 0.45262759923934937 0.6003966331481934 0.5799596309661865 0.2986169457435608 0.045990098267793655 1.0705125331878662 0.23222626745700833 0.16293209791183472 -0.013952821493148802 0.958816647529602 0.29412180185317993 0.031788647174835205 1.071940541267395 0.26117247343063354 0.1883753687143326 -0.06559589505195618 0.9444580078125 0.30864417552948 0.011703602969646454 1.0695927143096924 0.2566996216773987 0.3382699489593506 -0.046320438385009766 0.904175341129303 0.32527437806129456 -0.007641389966011047 1.0500237941741943 0.32205960154533386 0.5576636791229248 0.01545533537864685 0.764885663986206
0.30813276767730713 0.07557323575019836 0.9510402083396912 0.8537433743476868 -0.19013802707195282 0.47687539458274847 -0.08694647252559662 0.3266054093837738 0.07321664690971375 1.072271704673767 -0.3352242112159729 0.483201265335083 0.5781446695327759 0.5655882358551025 0.31060776114463806 0.037210024893283844 1.0849183797836304 0.2400330454111099 0.36093056201934814 0.0209941565990448 0.9009287357330322 0.30964362621307373 0.019609160721302032 1.0857133865356445 0.28670087456703186 0.3760260641574859 -0.03541034460067749 0.8804278373718262 0.3211475610733032 0.003075145184993744 1.0751674175262451 0.26807335019111633 0.47221043705940247 -0.010942131280899048 0.8396632671356201 0.32981154322624207 -0.011448413133621216 1.049715518951416 0.32244208455085754 0.6193903684616089 0.04144328832626343 0.714611291885376
0.30813276767730713 0.07557323575019836 0.9510402083396912 0.8537433743476868 -0.19013802707195282 0.47687539458274847 -0.08694647252559662 0.3266054093837738 0.07321664690971375 1.072271704673767 -0.3352242112159729 0.483201265335083 0.5781446695327759 0.5655882358551025 0.31060776114463806 0.037210024893283844 1.0849183797836304 0.2400330454111099 0.36093056201934814 0.0209941565990448 0.9009287357330322 0.30964362621307373 0.019609160721302032 1.0857133865356445 0.28670087456703186 0.3760260641574859 -0.03541034460067749 0.8804278373718262 0.3211475610733032 0.003075145184993744 1.0751674175262451 0.26807335019111633 0.47221043705940247 -0.010942131280899048 0.8396632671356201 0.32981154322624207 -0.011448413133621216 1.049715518951416 0.32244208455085754 0.6193903684616089 0.04144328832626343 0.714611291885376
0.3079858124256134 0.07750405371189117 0.9479722380638123 0.8478922843933105 -0.18881841003894806 0.48493063449859614 -0.10133366286754608 0.3241695761680603 0.088740274310112 1.071286916732788 -0.41479623317718506 0.5382436513900757 0.523750901222229 0.5137342214584351 0.3419107496738434 0.02736404538154602 1.0897247791290283 0.24536548554897308 0.6117828488349915 0.08300614356994629 0.7474139332771301 0.3447052240371704 0.004159294068813324 1.0863292217254639 0.3111354112625122 0.6316292881965637 0.03793308138847351 0.709084153175354 0.34554523229599 -0.009278640151023865 1.0692814588546753 0.29515540599823 0.6600397825241089 0.07195180654525757 0.6870617270469666 0.34313929080963135 -0.01581960916519165 1.0412415266036987 0.32150089740753174 0.7273499965667725 0.11342208087444305 0.595596194267273
0.309185653924942 0.07790307700634003 0.9467175602912903 0.8449441194534302 -0.18459330499172208 0.48827326297760004 -0.11655056476593016 0.32302871346473694 0.0925537645816803 1.0708937644958496 -0.45126429200172424 0.5507137179374695 0.5043416023254395 0.48858422040939326 0.35938483476638794 0.024299051612615585 1.086282730102539 0.23801128566265106 0.699295163154602 0.11239886283874512 0.6646077036857605 0.3592306077480316 -0.0006550699472427368 1.081107497215271 0.3113967478275299 0.704156756401062 0.0733957290649414 0.6338836550712585 0.3564987778663635 -0.013204105198383331 1.0636787414550781 0.2958347797393799 0.717429518699646 0.11144939064979555 0.6207703351974487 0.35032394528388977 -0.01816004514694214 1.0356245040893555 0.3193417191505432 0.7650851607322693 0.15485814213752747 0.5372937917709351
0.3097924590110779 0.0788312554359436 0.9460030794143677 0.8414816856384277 -0.18031834065914154 0.49168384075164795 -0.132818803191185 0.3206043839454651 0.09463679045438766 1.070937991142273 -0.47748515009880066 0.5508896112442017 0.493094265460968 0.4747491478919983 0.36869239807128906 0.023784611374139786 1.083452820777893 0.22340445220470428 0.7498058676719666 0.13841789960861206 0.6072249412536621 0.36877304315567017 -0.003141164779663086 1.076325535774231 0.30635929107666016 0.7522516250610352 0.10676625370979309 0.5734654664993286 0.3645729124546051 -0.014962255954742432 1.0588725805282593 0.2891748547554016 0.7579614520072937 0.14657290279865265 0.566028892993927 0.35529738664627075 -0.019032582640647888 1.0311579704284668 0.314353883266449 0.7854934334754944 0.18823105096817017 0.49874931573867803
0.3097924590110779 0.0788312554359436 0.9460030794143677 0.8414816856384277 -0.18031834065914154 0.49168384075164795 -0.132818803191185 0.3206043839454651 0.09463679045438766 1.070937991142273 -0.47748515009880066 0.5508896112442017 0.493094265460968 0.4747491478919983 0.36869239807128906 0.023784611374139786 1.083452820777893 0.22340445220470428 0.7498058676719666 0.13841789960861206 0.6072249412536621 0.36877304315567017 -0.003141164779663086 1.076325535774231 0.30635929107666016 0.7522516250610352 0.10676625370979309 0.5734654664993286 0.3645729124546051 -0.014962255954742432 1.0588725805282593 0.2891748547554016 0.7579614520072937 0.14657290279865265 0.566028892993927 0.35529738664627075 -0.019032582640647888 1.0311579704284668 0.314353883266449 0.7854934334754944 0.18823105096817017 0.49874931573867803
0.3099343776702881 0.079838827252388 0.9457205533981323 0.8303367495536804 -0.17035716772079468 0.5016237497329712 -0.17289571464061737 0.3128247559070587 0.09136027097702026 1.0723203420639038 -0.5102064609527588 0.5252127051353455 0.4903436601161957 0.4726563096046448 0.3735591173171997 0.021620959043502808 1.0815293788909912 0.19469667971134186 0.792243480682373 0.19141902029514313 0.5457126498222351 0.3758929967880249 -0.006934240460395813 1.0708452463150024 0.29124951362609863 0.7909373044967651 0.1669362634420395 0.5115898847579956 0.3730764389038086 -0.017297059297561646 1.0522979497909546 0.270102322101593 0.7933496832847595 0.20716184377670288 0.5047028660774231 0.3624189496040344 -0.020177021622657776 1.0242966413497925 0.29461660981178284 0.8087280988693237 0.2501643896102905 0.4433712363243103
0.3093082308769226 0.08019053936004639 0.9457412958145142 0.8207165598869324 -0.15844720602035522 0.508405327796936 -0.20698525011539456 0.3066682815551758 0.08613142371177673 1.0730394124984741 0.5240086317062378 -0.4935489594936371 -0.502240002155304 -0.47914472222328186 0.3714831471443176 0.019406557083129883 1.0815690755844116 0.17842060327529907 0.7898767590522766 0.22710685431957245 0.541002094745636 0.3761116862297058 -0.00886562466621399 1.0691159963607788 0.2791476249694824 0.7897195816040039 0.20396138727664948 0.5067735910415649 0.3749452829360962 -0.018183812499046326 1.0499237775802612 0.2549474239349365 0.7930011749267578 0.2444170117378235 0.4963984489440918 0.3657771646976471 -0.020120874047279358 1.0210750102996826 0.2744269073009491 0.8119667768478394 0.2899784445762634 0.4258078932762146
0.30878394842147827 0.0805920958518982 0.9457528591156006 0.807155191898346 -0.14049941301345825 0.5144243836402893 -0.2532352805137634 0.29976320266723633 0.07813775539398193 1.0732029676437378 0.5385343432426453 -0.4476531445980072 -0.5218489766120911 -0.4870947301387787 0.36930882930755615 0.016302309930324554 1.0810688734054565 0.15827113389968872 0.7798871994018555 0.27415329217910767 0.5399687886238098 0.37604114413261414 -0.0110587477684021 1.0672094821929932 0.2628127336502075 0.7794387340545654 0.2511403560638428 0.5102288126945496 0.37689611315727234 -0.01901944726705551 1.0473345518112183 0.23682296276092527 0.7819842100143433 0.29074642062187195 0.4978777468204498 0.3697693943977356 -0.019579418003559113 1.0177041292190552 0.2502489686012268 0.8048576712608337 0.3365808129310608 0.41987282037734985
0.3078818917274475 0.08127177506685257 0.9457089900970459 0.7891582250595093 -0.11656992882490158 0.5184509754180908 -0.30797630548477173 0.29251089692115784 0.06694108992815018 1.072188377380371 -0.5478757192542222 0.38228380055902667 0.553297025216823 0.4975478747617867 0.3661116361618042 0.012618325650691986 1.0801615715026855 0.13659751415252686 0.7585604786872864 0.3289870023727417 0.5456141233444214 0.37297964096069336 -0.013765186071395874 1.0659481287002563 0.24666428565979004 0.7507010102272034 0.3048885464668274 0.5316463708877563 0.377147376537323 -0.01996074616909027 1.0452380180358887 0.21835952997207642 0.7565673589706421 0.34414875507354736 0.5113576650619507 0.3736690282821655 -0.018235303461551666 1.0146026611328125 0.2224302887916565 0.7887694239616394 0.3891969919204712 0.42058682441711426
0.30736568570137024 0.08272455632686615 0.9472319483757019 0.7676444053649902 -0.08397173881530762 0.5167406797409058 -0.3696618378162384 0.2875843644142151 0.0533931739628315 1.0709319114685059 -0.5468676686286926 0.3004782199859619 0.5954341292381287 0.506070077419281 0.357025682926178 0.00623147189617157 1.0806057453155518 0.13509002327919006 0.6896610260009766 0.38647788763046265 0.5972883105278015 0.3640401065349579 -0.017837904393672943 1.0663433074951172 0.24464333057403567 0.678965151309967 0.3594268560409546 0.5915812849998474 0.37491318583488464 -0.021471649408340454 1.0447897911071777 0.21136243641376495 0.7022942304611206 0.40085941553115845 0.5490176677703857 0.3782804310321808 -0.01558735966682434 1.0134614706039429 0.19558659195899963 0.7602921724319458 0.4461802840232849 0.4296801686286926
0.30539849400520325 0.08334918320178986 0.9495794177055359 0.7441257238388062 -0.044446974992752075 0.5043933391571045 -0.43576240539550776 0.28549808263778687 0.037901513278484344 1.0687685012817383 -0.5366148352622986 0.21056483685970306 0.6446589231491089 0.502117395401001 0.34467989206314087 -0.004067070782184601 1.0768742561340332 0.16648752987384796 0.5755866169929504 0.44624316692352295 0.6647173166275024 0.3514081537723541 -0.024289876222610474 1.06260347366333 0.26745378971099854 0.5658510327339172 0.41213399171829224 0.662138044834137 0.370828777551651 -0.02460448443889618 1.0423649549484253 0.22153350710868835 0.6242955923080444 0.4599333107471466 0.5913032293319702 0.3829568028450012 -0.012456327676773071 1.0124812126159668 0.17345967888832092 0.7227541208267212 0.5056078433990479 0.43806278705596924
0.30191677808761597 0.08252128958702087 0.9520800113677979 0.7225624918937683 -0.007925093173980713 0.4797961413860321 -0.497630774974823 0.2875315248966217 0.02266678214073181 1.0658166408538818 -0.5108564474674651 0.12510628915529004 0.6978885938438355 0.4861334513124156 0.33211198449134827 -0.01628202199935913 1.0655945539474487 0.2357851266860962 0.4338436722755432 0.49430209398269653 0.7154373526573181 0.3376357853412628 -0.03181833028793335 1.0512851476669312 0.32315608859062195 0.4244496524333954 0.450595498085022 0.7158048152923584 0.36525899171829224 -0.029340416193008423 1.0355726480484009 0.2582310140132904 0.5304350852966309 0.5093533992767334 0.6265100240707397 0.38685929775238037 -0.009677745401859283 1.0103524923324585 0.16434767842292786 0.6823338270187378 0.5584020018577576 0.442264199256897
0.2980242669582367 0.08134317398071289 0.9534804821014404 -0.7041003691771028 -0.01957180906393427 -0.4515137664536767 0.5477179298432288 0.2936643660068512 0.009028919041156769 1.0601131916046143 -0.45682020801069206 0.043255798421851725 0.7554309871989536 0.46772684657982877 0.3266224265098572 -0.023617878556251526 1.0519068241119385 0.30779895186424255 0.32635119557380676 0.5249650478363037 0.7233025431632996 0.33335644006729126 -0.035203032195568085 1.038534164428711 0.37867680191993713 0.33071932196617126 0.4760130047798157 0.7215541005134583 0.36416733264923096 -0.030748113989830017 1.0272753238677979 0.2950282394886017 0.46373680233955383 0.5439229011535645 0.6340777277946472 0.3904174268245697 -0.006527923047542572 1.006078839302063 0.1629837155342102 0.652556300163269 0.6028664112091064 0.429137259721756
0.2980242669582367 0.08134317398071289 0.9534804821014404 -0.7041003691771028 -0.01957180906393427 -0.4515137664536767 0.5477179298432288 0.2936643660068512 0.009028919041156769 1.0601131916046143 -0.45682020801069206 0.043255798421851725 0.7554309871989536 0.46772684657982877 0.3266224265098572 -0.023617878556251526 1.0519068241119385 0.30779895186424255 0.32635119557380676 0.5249650478363037 0.7233025431632996 0.33335644006729126 -0.035203032195568085 1.038534164428711 0.37867680191993713 0.33071932196617126 0.4760130047798157 0.7215541005134583 0.36416733264923096 -0.030748113989830017 1.0272753238677979 0.2950282394886017 0.46373680233955383 0.5439229011535645 0.6340777277946472 0.3904174268245697 -0.006527923047542572 1.006078839302063 0.1629837155342102 0.652556300163269 0.6028664112091064 0.429137259721756
0.29216140508651733 0.07773628830909729 0.9543706178665161 -0.6746581433640243 -0.044639134265609066 -0.4065555117639114 0.6144560902624533 0.30311816930770874 -0.011772893369197845 1.0438482761383057 -0.350716958401005 -0.0770551202485339 0.8143188627800708 0.45600985681363515 0.32745233178138733 -0.03130089491605759 1.0334384441375732 0.3897606432437897 0.24161431193351743 0.5621747374534607 0.6882360577583313 0.33691444993019104 -0.038763806223869324 1.022495985031128 0.4396197199821472 0.26872193813323975 0.5104987025260925 0.6884143352508545 0.36836251616477966 -0.031214945018291473 1.0152575969696045 0.3270898461341858 0.41536372900009155 0.5911955833435059 0.6090756058692932 0.3903006613254547 -0.006939731538295746 0.9967491626739502 0.20018017350941236 0.5882453619442762 0.6522014342998281 0.4341989818788275
0.29216140508651733 0.07773628830909729 0.9543706178665161 -0.6746581433640243 -0.044639134265609066 -0.4065555117639114 0.6144560902624533 0.30311816930770874 -0.011772893369197845 1.0438482761383057 -0.350716958401005 -0.0770551202485339 0.8143188627800708 0.45600985681363515 0.32745233178138733 -0.03130089491605759 1.0334384441375732 0.3897606432437897 0.24161431193351743 0.5621747374534607 0.6882360577583313 0.33691444993019104 -0.038763806223869324 1.022495985031128 0.4396197199821472 0.26872193813323975 0.5104987025260925 0.6884143352508545 0.36836251616477966 -0.031214945018291473 1.0152575969696045 0.3270898461341858 0.41536372900009155 0.5911955833435059 0.6090756058692932 0.3903006613254547 -0.006939731538295746 0.9967491626739502 0.20018017350941236 0.5882453619442762 0.6522014342998281 0.4341989818788275
0.29216140508651733 0.07773628830909729 0.9543706178665161 -0.6746581433640243 -0.044639134265609066 -0.4065555117639114 0.6144560902624533 0.30311816930770874 -0.011772893369197845 1.0438482761383057 -0.350716958401005 -0.0770551202485339 0.8143188627800708 0.45600985681363515 0.32745233178138733 -0.03130089491605759 1.0334384441375732 0.3897606432437897 0.24161431193351743 0.5621747374534607 0.6882360577583313 0.33691444993019104 -0.038763806223869324 1.022495985031128 0.4396197199821472 0.26872193813323975 0.5104987025260925 0.6884143352508545 0.36836251616477966 -0.031214945018291473 1.0152575969696045 0.3270898461341858 0.41536372900009155 0.5911955833435059 0.6090756058692932 0.3903006613254547 -0.006939731538295746 0.9967491626739502 0.20018017350941236 0.5882453619442762 0.6522014342998281 0.4341989818788275
0.29216140508651733 0.07773628830909729 0.9543706178665161 -0.6746581433640243 -0.044639134265609066 -0.4065555117639114 0.6144560902624533 0.30311816930770874 -0.011772893369197845 1.0438482761383057 -0.350716958401005 -0.0770551202485339 0.8143188627800708 0.45600985681363515 0.32745233178138733 -0.03130089491605759 1.0334384441375732 0.3897606432437897 0.24161431193351743 0.5621747374534607 0.6882360577583313 0.33691444993019104 -0.038763806223869324 1.022495985031128 0.4396197199821472 0.26872193813323975 0.5104987025260925 0.6884143352508545 0.36836251616477966 -0.031214945018291473 1.0152575969696045 0.3270898461341858 0.41536372900009155 0.5911955833435059 0.6090756058692932 0.3903006613254547 -0.006939731538295746 0.9967491626739502 0.20018017350941236 0.5882453619442762 0.6522014342998281 0.4341989818788275
0.29216140508651733 0.07773628830909729 0.9543706178665161 -0.6746581433640243 -0.044639134265609066 -0.4065555117639114 0.6144560902624533 0.30311816930770874 -0.011772893369197845 1.0438482761383057 -0.350716958401005 -0.0770551202485339 0.8143188627800708 0.45600985681363515 0.32745233178138733 -0.03130089491605759 1.0334384441375732 0.3897606432437897 0.24161431193351743 0.5621747374534607 0.6882360577583313 0.33691444993019104 -0.038763806223869324 1.022495985031128 0.4396197199821472 0.26872193813323975 0.5104987025260925 0.6884143352508545 0.36836251616477966 -0.031214945018291473 1.0152575969696045 0.3270898461341858 0.41536372900009155 0.5911955833435059 0.6090756058692932 0.3903006613254547 -0.006939731538295746 0.9967491626739502 0.20018017350941236 0.5882453619442762 0.6522014342998281 0.4341989818788275
0.29216140508651733 0.07773628830909729 0.9543706178665161 -0.6746581433640243 -0.044639134265609066 -0.4065555117639114 0.6144560902624533 0.30311816930770874 -0.011772893369197845 1.0438482761383057 -0.350716958401005 -0.0770551202485339 0.8143188627800708 0.45600985681363515 0.32745233178138733 -0.03130089491605759 1.0334384441375732 0.3897606432437897 0.24161431193351743 0.5621747374534607 0.6882360577583313 0.33691444993019104 -0.038763806223869324 1.022495985031128 0.4396197199821472 0.26872193813323975 0.5104987025260925 0.6884143352508545 0.36836251616477966 -0.031214945018291473 1.0152575969696045 0.3270898461341858 0.41536372900009155 0.5911955833435059 0.6090756058692932 0.3903006613254547 -0.006939731538295746 0.9967491626739502 0.20018017350941236 0.5882453619442762 0.6522014342998281 0.4341989818788275
0.28808459639549255 0.07366660982370377 0.9557547569274902 -0.6146041639450628 -0.07520158468258667 -0.44488693122763484 0.6470563560527285 0.2792854905128479 -0.019501417875289917 1.043334722518921 -0.4205391711204702 -0.1395218076368276 0.7666906107146999 0.4646137959619598 0.35175684094429016 -0.024713099002838135 1.0608916282653809 0.12258200347423553 0.46725428104400635 0.6880437731742859 0.5415191054344177 0.37104809284210205 -0.030421145260334015 1.0490038394927979 0.19615143537521362 0.5028976202011108 0.6491924524307251 0.535880446434021 0.3807496726512909 -0.022112831473350525 1.0360428094863892 0.13369973003864288 0.5021899938583374 0.6713539958000183 0.52840656042099 0.3809346556663513 -0.008934400975704193 1.0124905109405518 0.11032490557073381 0.5340159610869206 0.6805174360064408 0.4894402543078158
0.2907083332538605 0.07474733889102936 0.9554449319839478 -0.6340377598553273 -0.06660893840765482 -0.45543306009162504 0.62140176056053 0.2764261066913605 -0.012746736407279968 1.0487226247787476 -0.4431617873609991 -0.10178233602337838 0.7542222289966956 0.47370553615434235 0.3509569764137268 -0.02004290372133255 1.067428708076477 0.10354246199131012 0.4947444796562195 0.6565163135528564 0.5599046945571899 0.37202805280685425 -0.02697715163230896 1.0544480085372925 0.17734569311141968 0.5357097387313843 0.6243729591369629 0.5401130318641663 0.3811516761779785 -0.020555220544338226 1.0400581359863281 0.12061896920204163 0.5317573547363281 0.6474449634552002 0.5324476361274719 0.3818133473396301 -0.008456893265247345 1.0153615474700928 0.09961886364339725 0.5641900356510314 0.6584758594124426 0.4880321291448346
0.29298821091651917 0.07504132390022278 0.9552778005599976 -0.6566724559936178 -0.05860764285704286 -0.4615910738469049 0.5935320569155659 0.2752547264099121 -0.005935758352279663 1.0542101860046387 -0.46288656345076157 -0.05990054375511088 0.7432898653404405 0.4792371325991375 0.3506689667701721 -0.015379026532173157 1.0731865167617798 0.09035712480545044 0.5205634236335754 0.6229816675186157 0.5768390893936157 0.3732273280620575 -0.023584358394145966 1.0595582723617554 0.16118766367435455 0.5690210461616516 0.5968471169471741 0.5422243475914001 0.3817925751209259 -0.01907224953174591 1.043799638748169 0.11060844361782074 0.5631880760192871 0.6208500862121582 0.5339759588241577 0.3827175498008728 -0.008325569331645966 1.017854928970337 0.09434623995076369 0.595710429910128 0.6338196006059472 0.48425279646614905
0.2942413091659546 0.07428239285945892 0.9554715752601624 -0.6812374799373714 -0.045913272712889586 -0.4680621953110099 0.5610037169908075 0.2734798491001129 9.093433618545532e-05 1.0593070983886719 -0.47856753644190264 -0.01561762378802516 0.7293244664359264 0.4886870341290453 0.3498675227165222 -0.011892512440681458 1.0780531167984009 0.08666013181209564 0.5472202301025391 0.58633953332901 0.590970516204834 0.3720819354057312 -0.02232883870601654 1.0638829469680786 0.16073229908943176 0.5947964191436768 0.5622043609619141 0.5516417026519775 0.3802921772003174 -0.019543297588825226 1.0472902059555054 0.11253345012664795 0.5902416110038757 0.5878000259399414 0.5417031049728394 0.38129156827926636 -0.010559454560279846 1.0201581716537476 0.10236567258834839 0.6227690577507019 0.6033284664154053 0.4875190854072571
0.293556272983551 0.0739128366112709 0.955791175365448 -0.6925089731468264 -0.03809860553460159 -0.48179041948446577 0.5355911563078973 0.26930198073387146 0.0035905465483665466 1.0616081953048706 -0.48943564850132415 0.009216011797260082 0.7144379856895322 0.4999463031577567 0.3444919288158417 -0.010039299726486206 1.082313895225525 0.08346424996852875 0.5568556189537048 0.5582312345504761 0.6093631982803345 0.36655735969543457 -0.022163070738315582 1.0683565139770508 0.15905986726284027 0.6050843000411987 0.5366766452789307 0.5661723613739014 0.3739987015724182 -0.02133922278881073 1.0511404275894165 0.11760123074054718 0.5966058373451233 0.5626723170280457 0.5600280165672302 0.3748246133327484 -0.014278121292591095 1.0233691930770874 0.11478137969970703 0.6267735362052917 0.5794164538383484 0.5081896781921387
0.29236096143722534 0.07353678345680237 0.9559167623519897 -0.7007637132795849 -0.03037527250750646 -0.49502421194480534 0.5127949038946806 0.2661565840244293 0.005093611776828766 1.062293529510498 -0.48734742403030396 0.023626789450645447 0.7063304781913757 0.5128660798072815 0.33894819021224976 -0.008992873132228851 1.0851527452468872 0.08593837916851044 0.562685489654541 0.5349723696708679 0.6243430972099304 0.36037665605545044 -0.022537842392921448 1.0717887878417969 0.16109411418437958 0.6106439232826233 0.5145933032035828 0.5799624919891357 0.36506888270378113 -0.02486559748649597 1.0536404848098755 0.13410821557044983 0.5880149602890015 0.5401228666305542 0.5869588851928711 0.3658085763454437 -0.018970943987369537 1.0259002447128296 0.13874965906143188 0.6147751808166504 0.5551823377609253 0.5427454113960266
0.29297614097595215 0.07381831109523773 0.9550946950912476 0.7123658657073975 0.013479679822921753 0.5049055218696594 -0.48726141452789307 0.26616746187210083 0.0065654367208480835 1.061730980873108 -0.474511981010437 0.041694819927215576 0.7000710964202881 0.5319778919219971 0.33669641613960266 -0.00814230740070343 1.0856382846832275 0.09970389306545258 0.5723080635070801 0.508610188961029 0.6354827880859375 0.355159193277359 -0.024037711322307587 1.0724602937698364 0.1795440912246704 0.6096669435501099 0.4871170520782471 0.5989885330200195 0.3574208915233612 -0.028796613216400146 1.0531189441680908 0.16713882982730865 0.5746528506278992 0.5124000906944275 0.6158612966537476 0.3585285246372223 -0.023263856768608093 1.0257357358932495 0.17568793892860413 0.6011006832122803 0.5259847640991211 0.5754580497741699
0.29334789514541626 0.07393069565296173 0.9546013474464417 0.7209749221801758 0.0020635435357689857 0.511181652545929 -0.46785059571266174 0.26597142219543457 0.007773272693157196 1.0614969730377197 -0.4662715494632721 0.055151551961898804 0.6943308711051941 0.5453934073448181 0.3341476321220398 -0.008695527911186218 1.0849376916885376 0.12108910083770752 0.5697585940361023 0.49151045083999634 0.6474026441574097 0.3470088541507721 -0.02729320526123047 1.0716017484664917 0.2116859406232834 0.5834975242614746 0.4661913514137268 0.6303851008415222 0.34897488355636597 -0.03218412399291992 1.0522128343582153 0.20147813856601715 0.54741370677948 0.4883837401866913 0.6490194201469421 0.3527010381221771 -0.026524029672145844 1.0249189138412476 0.21016128361225128 0.5853589773178101 0.5060999393463135 0.5975367426872253
0.2933075726032257 0.07395413517951965 0.9540321826934814 0.7246406078338623 -0.000801770598627627 0.515493631362915 -0.4573419392108918 0.2656257152557373 0.00791330635547638 1.0605041980743408 -0.45788487792015076 0.055150896310806274 0.6944026947021484 0.5523629188537598 0.32835444808006287 -0.01099880039691925 1.0825963020324707 0.15522749722003937 0.5345925688743591 0.4815059006214142 0.6769545078277588 0.33617550134658813 -0.03047240525484085 1.0692270994186401 0.25064292550086975 0.5280191898345947 0.4493260979652405 0.6756331920623779 0.339984267950058 -0.03462393581867218 1.0503565073013306 0.2347675710916519 0.5033071041107178 0.47067576646804804 0.6855878233909607 0.34704169631004333 -0.02871003746986389 1.023845911026001 0.24005071818828583 0.5584378838539124 0.49278244376182556 0.622646152973175
0.2932601571083069 0.07378622889518738 0.953100323677063 0.7253323793411255 0.002774239983409643 0.5161967873573303 -0.455440491437912 0.26629993319511414 0.007344141602516174 1.0590218305587769 -0.4492962956428528 0.04751621186733246 0.7010754346847534 0.5516958236694336 0.3212663233280182 -0.014236152172088623 1.0777815580368042 0.20023201406002045 0.47180831432342524 0.47583785653114313 0.714760422706604 0.3236497640609741 -0.03263384848833084 1.0642555952072144 0.29712310433387756 0.4383297860622406 0.4286639392375946 0.7320055365562439 0.3311229944229126 -0.03600890934467316 1.0465707778930664 0.27279233932495117 0.4363454580307007 0.45341092348098755 0.7277400493621826 0.34101495146751404 -0.029840931296348572 1.022281527519226 0.2687801122665405 0.5127572417259216 0.4766117036342621 0.6615727543830872
0.2926156520843506 0.07322513312101364 0.9533215165138245 0.7257357239723206 0.010120333172380924 0.5145726799964905 -0.45653069019317627 0.2672799825668335 0.0063516125082969666 1.0588175058364868 -0.44142788648605347 0.03922344744205475 0.7107341885566711 0.5463148951530457 0.31062838435173035 -0.01792001724243164 1.071631669998169 0.25030815601348877 0.3825083374977112 0.4683602452278137 0.7560900449752808 0.30940693616867065 -0.03345796465873718 1.0571770668029785 0.34837427735328674 0.32127150893211365 0.4033159613609314 0.7827875018119812 0.3204430043697357 -0.03654175251722336 1.0414819717407227 0.3203921914100647 0.34195637702941895 0.43009376525878906 0.7716437578201294 0.3347776532173157 -0.030425772070884705 1.021080493927002 0.30069607496261597 0.45491039752960205 0.4585918188095093 0.7016637325286865
0.2926156520843506 0.07322513312101364 0.9533215165138245 0.7257357239723206 0.010120333172380924 0.5145726799964905 -0.45653069019317627 0.2672799825668335 0.0063516125082969666 1.0588175058364868 -0.44142788648605347 0.03922344744205475 0.7107341885566711 0.5463148951530457 0.31062838435173035 -0.01792001724243164 1.071631669998169 0.25030815601348877 0.3825083374977112 0.4683602452278137 0.7560900449752808 0.30940693616867065 -0.03345796465873718 1.0571770668029785 0.34837427735328674 0.32127150893211365 0.4033159613609314 0.7827875018119812 0.3204430043697357 -0.03654175251722336 1.0414819717407227 0.3203921914100647 0.34195637702941895 0.43009376525878906 0.7716437578201294 0.3347776532173157 -0.030425772070884705 1.021080493927002 0.30069607496261597 0.45491039752960205 0.4585918188095093 0.7016637325286865
0.2911665439605713 0.07264987379312515 0.9539738893508911 0.725995659828186 0.029226483777165413 0.5084049105644226 -0.4621694087982178 0.2721620798110962 0.006094776093959808 1.0597461462020874 -0.4207584261894226 0.02904161810874939 0.7404249310493469 0.5233448147773743 0.2855980694293976 -0.019540861248970032 1.0496885776519775 0.35767892003059387 0.13708646595478058 0.43535023927688593 0.8147044777870178 0.2852497696876526 -0.027332894504070282 1.0372155904769897 0.4327492415904998 0.06467483937740326 0.3428120613098144 0.8312792778015137 0.3020919859409332 -0.03194579482078552 1.0290799140930176 0.39803037047386175 0.14235445857048035 0.37350463867187506 0.8257126808166504 0.3226807713508606 -0.02885591983795166 1.0190380811691284 0.3437696695327759 0.3366408944129944 0.4176372289657593 0.7707623243331909
0.2900770604610443 0.071995809674263 0.9544652700424194 0.727973222732544 0.030475050210952755 0.5050240755081177 -0.4626844525337219 0.2734543979167938 0.005421735346317291 1.0600801706314087 -0.40967273712158203 0.028214260935783386 0.749416172504425 0.5193724036216736 0.27714812755584717 -0.017047129571437836 1.0397969484329224 0.39769834280014044 0.035298705101013184 0.40568614006042486 0.822197675704956 0.27747470140457153 -0.023136243224143982 1.028321623802185 0.45902103185653687 -0.03381901979446411 0.3103136420249939 0.8317821621894836 0.2932819724082947 -0.028405234217643738 1.0240278244018555 0.41750550270080566 0.05775028467178345 0.33328089118003845 0.8433730602264404 0.3140644431114197 -0.027256585657596588 1.0184636116027832 0.3558242917060852 0.27232205867767334 0.37584036588668823 0.8111558556556702
0.2890511155128479 0.07142733782529831 0.955253005027771 0.7281755208969116 0.031049758195877075 0.5025221705436707 -0.46504613757133484 0.27415376901626587 0.004327617585659027 1.0603222846984863 -0.40053772926330566 0.025158509612083435 0.7560102939605713 0.5170929431915283 0.27194511890411377 -0.01411755383014679 1.0325590372085571 0.4273771345615387 -0.04291798174381256 0.3786948621273041 0.8198152780532837 0.2726813554763794 -0.01875411719083786 1.0210931301116943 0.4814011752605438 -0.11785785853862762 0.27846139669418335 0.8226918578147888 0.2864176332950592 -0.024151302874088287 1.019242525100708 0.43511241674423223 -0.02385649085044861 0.2910212278366089 0.8517129421234131 0.3059663772583008 -0.024827465415000916 1.0168042182922363 0.3719002604484558 0.19723832607269287 0.32973721623420715 0.8450212478637695
0.28799253702163696 0.07135196030139923 0.9563143849372864 0.7215029001235962 0.03976449370384216 0.4990403652191162 -0.47834205627441406 0.27477383613586426 0.002712152898311615 1.060282826423645 -0.39873936772346497 0.011255234479904175 0.7645431160926819 0.5063143372535706 0.26980963349342346 -0.011472061276435852 1.025963544845581 0.4593617916107178 -0.11415287852287292 0.361111581325531 0.8034639954566956 0.27203595638275146 -0.01481582224369049 1.015438437461853 0.5093687772750854 -0.1915796548128128 0.2528451979160309 0.7999439239501953 0.2849806249141693 -0.02068714052438736 1.0147513151168823 0.45973652601242065 -0.0941336452960968 0.2674178183078766 0.8415871858596802 0.30225902795791626 -0.022287830710411072 1.0130326747894287 0.40072548389434814 0.11736468970775604 0.30280423164367676 0.8567113876342773
0.2872239947319031 0.07124076038599014 0.9573695659637451 0.7165262699127197 0.04462304711341858 0.4995799958705902 -0.484787255525589 0.27474769949913025 0.0019853785634040833 1.0607030391693115 -0.39774291549686125 0.003013163491528097 0.7694809045248299 0.4996904508958166 0.267882376909256 -0.008265487849712372 1.0216249227523804 0.48375374078750605 -0.1751546561717987 0.3387024998664856 0.7877715229988098 0.2713877558708191 -0.011225998401641846 1.0122982263565063 0.5279923677444458 -0.24963800609111786 0.2268781065940857 0.7793787121772766 0.2841430902481079 -0.017882779240608215 1.012713074684143 0.4756107926368714 -0.14785349369049072 0.24587881565093997 0.831551194190979 0.2990119457244873 -0.01970401406288147 1.010090947151184 0.4262865781784058 0.0429241806268692 0.2731418311595917 0.8612960577011108
0.2868974506855011 0.07104825973510742 0.9583117961883545 0.7141197919845581 0.04380103945732117 0.5044915080070496 -0.48332464694976807 0.27430397272109985 0.0018166154623031616 1.061166763305664 -0.39292954209091 -0.0012865365137879042 0.7722111588451158 0.4992941845517407 0.26644790172576904 -0.006118886172771454 1.021469235420227 0.49420106410980225 -0.2099480777978897 0.31716370582580566 0.781725287437439 0.2706349194049835 -0.009062051773071289 1.0122852325439453 0.5354971885681152 -0.28459402918815613 0.20437830686569214 0.7684261798858643 0.283719927072525 -0.016746021807193756 1.0135908126831055 0.4802483320236206 -0.17538698017597198 0.2313031554222107 0.8277075886726379 0.2956264317035675 -0.017332375049591064 1.008302927017212 0.44359841942787176 -0.023249760270118713 0.2393031418323517 0.8633736371994019
0.2868974506855011 0.07104825973510742 0.9583117961883545 0.7141197919845581 0.04380103945732117 0.5044915080070496 -0.48332464694976807 0.27430397272109985 0.0018166154623031616 1.061166763305664 -0.39292954209091 -0.0012865365137879042 0.7722111588451158 0.4992941845517407 0.26644790172576904 -0.006118886172771454 1.021469235420227 0.49420106410980225 -0.2099480777978897 0.31716370582580566 0.781725287437439 0.2706349194049835 -0.009062051773071289 1.0122852325439453 0.5354971885681152 -0.28459402918815613 0.20437830686569214 0.7684261798858643 0.283719927072525 -0.016746021807193756 1.0135908126831055 0.4802483320236206 -0.17538698017597198 0.2313031554222107 0.8277075886726379 0.2956264317035675 -0.017332375049591064 1.008302927017212 0.44359841942787176 -0.023249760270118713 0.2393031418323517 0.8633736371994019
0.2868974506855011 0.07104825973510742 0.9583117961883545 0.7141197919845581 0.04380103945732117 0.5044915080070496 -0.48332464694976807 0.27430397272109985 0.0018166154623031616 1.061166763305664 -0.39292954209091 -0.0012865365137879042 0.7722111588451158 0.4992941845517407 0.26644790172576904 -0.006118886172771454 1.021469235420227 0.49420106410980225 -0.2099480777978897 0.31716370582580566 0.781725287437439 0.2706349194049835 -0.009062051773071289 1.0122852325439453 0.5354971885681152 -0.28459402918815613 0.20437830686569214 0.7684261798858643 0.283719927072525 -0.016746021807193756 1.0135908126831055 0.4802483320236206 -0.17538698017597198 0.2313031554222107 0.8277075886726379 0.2956264317035675 -0.017332375049591064 1.008302927017212 0.44359841942787176 -0.023249760270118713 0.2393031418323517 0.8633736371994019
0.2868974506855011 0.07104825973510742 0.9583117961883545 0.7141197919845581 0.04380103945732117 0.5044915080070496 -0.48332464694976807 0.27430397272109985 0.0018166154623031616 1.061166763305664 -0.39292954209091 -0.0012865365137879042 0.7722111588451158 0.4992941845517407 0.26644790172576904 -0.006118886172771454 1.021469235420227 0.49420106410980225 -0.2099480777978897 0.31716370582580566 0.781725287437439 0.2706349194049835 -0.009062051773071289 1.0122852325439453 0.5354971885681152 -0.28459402918815613 0.20437830686569214 0.7684261798858643 0.283719927072525 -0.016746021807193756 1.0135908126831055 0.4802483320236206 -0.17538698017597198 0.2313031554222107 0.8277075886726379 0.2956264317035675 -0.017332375049591064 1.008302927017212 0.44359841942787176 -0.023249760270118713 0.2393031418323517 0.8633736371994019
0.2868974506855011 0.07104825973510742 0.9583117961883545 0.7141197919845581 0.04380103945732117 0.5044915080070496 -0.48332464694976807 0.27430397272109985 0.0018166154623031616 1.061166763305664 -0.39292954209091 -0.0012865365137879042 0.7722111588451158 0.4992941845517407 0.26644790172576904 -0.006118886172771454 1.021469235420227 0.49420106410980225 -0.2099480777978897 0.31716370582580566 0.781725287437439 0.2706349194049835 -0.009062051773071289 1.0122852325439453 0.5354971885681152 -0.28459402918815613 0.20437830686569214 0.7684261798858643 0.283719927072525 -0.016746021807193756 1.0135908126831055 0.4802483320236206 -0.17538698017597198 0.2313031554222107 0.8277075886726379 0.2956264317035675 -0.017332375049591064 1.008302927017212 0.44359841942787176 -0.023249760270118713 0.2393031418323517 0.8633736371994019
0.28685152530670166 0.0706864520907402 0.9591485857963562 0.714920163154602 0.03878644108772278 0.5114784836769104 -0.47515740990638733 0.2735596299171448 0.0021617189049720764 1.0617955923080444 -0.3849489688873291 -0.0019070059061050415 0.7733976244926453 0.5036537051200867 0.2651560306549072 -0.004907064139842987 1.0238596200942993 0.49377650022506714 -0.22474588453769684 0.2991451919078827 0.7849754095077515 0.26955848932266235 -0.007919743657112122 1.0143312215805054 0.5339449048042297 -0.3023906350135803 0.18564298748970032 0.7674630880355835 0.28235289454460144 -0.015627004206180573 1.0150669813156128 0.47895926237106323 -0.1994609534740448 0.21325916051864624 0.8278490900993347 0.2929437756538391 -0.015807747840881348 1.0078003406524658 0.45441263914108276 -0.07279747724533081 0.20882254838943481 0.8629037737846375
0.28522494435310364 0.0707753524184227 0.9619779586791992 0.7409789562225342 0.0016686643939465282 0.5306506156921387 -0.4115304052829742 0.27061721682548523 0.009724430739879608 1.0665909051895142 -0.33975714445114136 0.02950213849544525 0.7710386514663696 0.537767767906189 0.2567254304885864 0.007621429860591888 1.0313918590545654 0.46073076128959656 -0.29903659224510193 0.20095348358154297 0.8111239671707153 0.26047155261039734 0.0024370625615119934 1.0209964513778687 0.48826566338539124 -0.3698882460594177 0.105109304189682 0.7834099531173706 0.2704806625843048 -0.007744066417217255 1.0209190845489502 0.44380331039428705 -0.26431456208229065 0.13015609979629517 0.8463071584701538 0.28211507201194763 -0.010257996618747711 1.0145800113677979 0.4306274950504303 -0.14801852405071259 0.1129925549030304 0.8831099271774292
0.28543341159820557 0.07128001749515533 0.9613690376281738 0.7429391741752625 -0.005514141637831926 0.5398509502410889 -0.3956917524337769 0.26859691739082336 0.012006156146526337 1.066329002380371 -0.33606675267219543 0.03344985842704773 0.7647119760513306 0.5487766265869141 0.2551020383834839 0.012228526175022125 1.030139684677124 0.4548344612121582 -0.3403966426849365 0.17295792698860168 0.8045753240585327 0.2579484283924103 0.005509436130523682 1.0204871892929077 0.4733111560344696 -0.39012014865875244 0.09177502989768982 0.7844489812850952 0.2674138844013214 -0.005990408360958099 1.021423578262329 0.4312479794025421 -0.27290213108062744 0.119261771440506 0.851660966873169 0.2791459262371063 -0.008912831544876099 1.0153069496154785 0.4199965298175812 -0.15761533379554749 0.09974554181098938 0.8881505727767944
0.2856977581977844 0.07133729010820389 0.9612080454826355 0.7460461854934692 -0.014437135308980942 0.5438116192817688 -0.38402557373046875 0.2680926024913788 0.013050965964794159 1.0662400722503662 -0.3283211588859558 0.03743255138397217 0.7608954310417175 0.5584283471107483 0.2550886869430542 0.015899814665317535 1.0292186737060547 0.4526129066944123 -0.37873327732086187 0.1428481936454773 0.7945420742034912 0.2566899061203003 0.008236519992351532 1.0195761919021606 0.46223706007003784 -0.41185417771339417 0.07430234551429749 0.7817878723144531 0.26537394523620605 -0.004993364214897156 1.0217653512954712 0.42316207289695734 -0.2769632935523987 0.10742440819740294 0.8559703826904297 0.2768617570400238 -0.007846437394618988 1.015317440032959 0.41418102383613586 -0.16930443048477173 0.08275467157363892 0.8904727697372437
0.28611257672309875 0.07156751304864883 0.9610415697097778 0.750374436378479 -0.024141695350408554 0.5456469058990479 -0.3723233640193939 0.2682710289955139 0.014309149235486984 1.0662744045257568 -0.32048484683036804 0.043921202421188354 0.7570033669471741 0.5677202343940735 0.2559364140033722 0.020485296845436096 1.027492880821228 0.4498682916164398 -0.4267312288284302 0.10745128989219666 0.7771570682525635 0.2567105293273926 0.011844452470541 1.018368124961853 0.4528208076953888 -0.44252580404281616 0.049764931201934814 0.7724297046661377 0.26378071308135986 -0.0025392621755599976 1.0207699537277222 0.41703033447265625 -0.29928168654441833 0.08606752753257751 0.8538786172866821 0.2749110758304596 -0.006198301911354065 1.0149648189544678 0.408815860748291 -0.18711844086647034 0.06105720996856689 0.8911387920379639
0.28635331988334656 0.07217568159103394 0.9604269862174988 0.7547576427459717 -0.028916206210851673 0.5440971851348877 -0.36532583832740784 0.26884469389915466 0.015791859477758408 1.0659987926483154 -0.3156159520149231 0.04885910451412201 0.7556794285774231 0.5717934966087341 0.2589034140110016 0.025848273187875748 1.0254884958267212 0.45080906152725214 -0.48724171519279474 0.06604906916618347 0.7449860572814941 0.2603328824043274 0.017714258283376694 1.016294002532959 0.4480973482131958 -0.5124885439872742 0.002743661403656006 0.7325002551078796 0.26543352007865906 0.0024982094764709473 1.0177055597305298 0.41576865315437317 -0.3739078640937805 0.04483020305633545 0.827840268611908 0.2754494845867157 -0.003706797957420349 1.0130844116210938 0.41263189911842346 -0.23165690898895264 0.033437490463256836 0.8803135752677917
0.2864972651004791 0.07284612208604813 0.9597780108451843 0.7605190873146057 -0.03802507743239403 0.545565128326416 -0.35003364086151123 0.2685486972332001 0.018689338117837906 1.0661958456039429 -0.30989259481430054 0.05866079032421112 0.750390350818634 0.580895721912384 0.26071733236312866 0.030626270920038223 1.0251116752624512 0.43952071666717535 -0.528804361820221 0.032032132148742676 0.725369930267334 0.2626780569553375 0.02285405993461609 1.0156594514846802 0.4318323135375977 -0.5664027333259583 -0.03731527924537659 0.7009396553039551 0.2665017545223236 0.00783085823059082 1.0157911777496338 0.40245315432548523 -0.44212520122528076 0.002452462911605835 0.8015927076339722 0.2749766409397125 -0.0008920207619667053 1.0125303268432617 0.40563192963600153 -0.2709801197052002 0.002376914024353027 0.8729416131973267
0.2864972651004791 0.07284612208604813 0.9597780108451843 0.7605190873146057 -0.03802507743239403 0.545565128326416 -0.35003364086151123 0.2685486972332001 0.018689338117837906 1.0661958456039429 -0.30989259481430054 0.05866079032421112 0.750390350818634 0.580895721912384 0.26071733236312866 0.030626270920038223 1.0251116752624512 0.43952071666717535 -0.528804361820221 0.032032132148742676 0.725369930267334 0.2626780569553375 0.02285405993461609 1.0156594514846802 0.4318323135375977 -0.5664027333259583 -0.03731527924537659 0.7009396553039551 0.2665017545223236 0.00783085823059082 1.0157911777496338 0.40245315432548523 -0.44212520122528076 0.002452462911605835 0.8015927076339722 0.2749766409397125 -0.0008920207619667053 1.0125303268432617 0.40563192963600153 -0.2709801197052002 0.002376914024353027 0.8729416131973267
0.28719210624694824 0.0740879476070404 0.9577597379684448 0.7736771106719971 -0.059906985610723495 0.5524767637252808 -0.3043094277381897 0.2679719626903534 0.026426583528518677 1.0663944482803345 -0.2992197573184967 0.08640285581350327 0.7327456474304199 0.6050503253936768 0.26125168800354004 0.03807324916124344 1.025896430015564 0.3966529667377472 -0.5558497309684753 -0.0016443133354187012 0.7305441498756409 0.26103803515434265 0.028908029198646545 1.0164220333099365 0.3865439295768738 -0.5797860026359558 -0.058189272880554206 0.714874804019928 0.262478232383728 0.013292379677295685 1.0172042846679688 0.36053818464279175 -0.43719372153282166 -0.01990121603012085 0.8236976861953735 0.27117255330085754 0.003409050405025482 1.0149667263031006 0.3702826499938965 -0.2755208909511566 -0.03150448203086853 0.8865587711334229
0.28753671050071716 0.07463368773460388 0.9570315480232239 0.7788049578666687 -0.0690041109919548 0.5545443296432495 -0.2849244177341461 0.2682535946369171 0.02969340607523918 1.0664256811141968 -0.2935810387134552 0.09585661441087723 0.7266877889633179 0.6136339902877808 0.2609453797340393 0.040681738406419754 1.0262353420257568 0.3780374825000763 -0.5552427768707275 -0.008426815271377563 0.7407578229904175 0.2588942348957062 0.030369848012924194 1.0173745155334473 0.36951205134391785 -0.5583117008209229 -0.05358076095581055 0.740863025188446 0.2595692276954651 0.014537043869495392 1.0190576314926147 0.34461745619773865 -0.4018833041191101 -0.017522186040878296 0.8481873273849487 0.2692035436630249 0.004831582307815552 1.0166794061660767 0.35571992397308355 -0.2565533220767975 -0.037728309631347656 0.8978978395462036
0.2881859242916107 0.07509702444076538 0.9565811157226562 0.7827238440513611 -0.078373484313488 0.5567492246627808 -0.2668917179107666 0.2688128352165222 0.032595448195934296 1.0665555000305176 -0.288421630859375 0.10352011024951935 0.7208263278007507 0.6216959357261658 0.26111656427383423 0.043244291096925735 1.0265873670578003 0.3606506884098053 -0.5574015974998474 -0.016937285661697388 0.7476280927658081 0.2576145827770233 0.03211236000061035 1.0183576345443726 0.35317128896713257 -0.5460138320922852 -0.05511254072189331 0.7576949596405029 0.25806716084480286 0.01677814871072769 1.0199263095855713 0.32925382256507874 -0.3943934738636017 -0.026247650384902954 0.8575295209884644 0.2677159011363983 0.0065948814153671265 1.017979383468628 0.34214672446250916 -0.24909442663192752 -0.04873499274253845 0.9047168493270874
0.2889034152030945 0.07554042339324951 0.956430196762085 0.7864874005317688 -0.08724277466535568 0.5576895475387573 -0.2506166100502014 0.26978522539138794 0.035206183791160583 1.0668970346450806 -0.28303205966949463 0.11062619835138321 0.7159612774848938 0.6285334229469299 0.26147687435150146 0.04546893760561943 1.0272443294525146 0.3450706899166107 -0.5563478469848633 -0.024293601512908936 0.7555217742919922 0.2572166621685028 0.03419331833720207 1.0193860530853271 0.3370254635810852 -0.5405296683311462 -0.060904145240783684 0.7684610486030579 0.25749897956848145 0.019288353621959686 1.0206964015960693 0.31381285190582275 -0.39727446436882013 -0.03871765732765198 0.8615076541900635 0.26679328083992004 0.008756175637245178 1.0190542936325073 0.3274653851985932 -0.2513769268989563 -0.0634591281414032 0.9085973501205444
0.2904314398765564 0.07557414472103119 0.9565868973731995 0.7916057705879211 -0.09891699999570847 0.5564966201782227 -0.2321363091468811 0.27208906412124634 0.03768213838338852 1.0677775144577026 -0.2779605984687805 0.1234385073184967 0.7086594104766846 0.6366338729858398 0.2628065049648285 0.04738108068704605 1.0284578800201416 0.3277193009853363 -0.5495845079421997 -0.03319773077964783 0.7677595615386963 0.25805583596229553 0.03637119382619858 1.0209736824035645 0.31666892766952515 -0.5370512008666992 -0.07216078042984009 0.7785175442695618 0.2581726610660553 0.022101588547229767 1.021644949913025 0.2936720550060272 -0.4059578776359558 -0.05747377872467041 0.8635112047195435 0.26679983735084534 0.011463701725006104 1.0197778940200806 0.3084739744663238 -0.265153706073761 -0.08680367469787596 0.909396767616272
0.2922530770301819 0.07546432316303253 0.9571369886398315 0.7964739799499512 -0.11119496077299118 0.554754376411438 -0.21333670616149902 0.27479249238967896 0.040028974413871765 1.0690497159957886 -0.2735944986343384 0.1380472332239151 0.6998680233955383 0.6451928019523621 0.2644104063510895 0.04919511452317238 1.0299171209335327 0.31009650230407715 -0.5427446365356445 -0.04270854592323303 0.779387354850769 0.2590692639350891 0.038339849561452866 1.0230852365493774 0.29623669385910034 -0.5298082828521729 -0.08304786682128906 0.7903481721878052 0.25937873125076294 0.024930041283369064 1.0225918292999268 0.27279284596443176 -0.41815781593322754 -0.07857111096382141 0.8628759384155273 0.2673861086368561 0.014640316367149353 1.0199835300445557 0.2866016626358032 -0.29365453124046326 -0.11566740274429321 0.9045705199241638
0.29386740922927856 0.07539217174053192 0.9582395553588867 0.8005600571632385 -0.12178676575422287 0.5531307458877563 -0.19574977457523346 0.27673590183258057 0.04211439937353134 1.0705628395080566 -0.2711690664291382 0.14885860681533813 0.690643310546875 0.6536974906921387 0.26636525988578796 0.051614657044410706 1.0308146476745605 0.29252609610557556 -0.5491041541099548 -0.054122984409332275 0.781014621257782 0.2606004774570465 0.04077109694480896 1.024532437324524 0.27717527747154236 -0.5350375771522522 -0.09491950273513794 0.7924007773399353 0.26166707277297974 0.028195761144161224 1.0225611925125122 0.25173237919807434 -0.4554804563522339 -0.10337123274803162 0.8476337194442749 0.2687126100063324 0.017947189509868622 1.019803524017334 0.26372644305229187 -0.34131956100463867 -0.14718684554100037 0.8901041746139526
0.2945505380630493 0.07564884424209595 0.9589666128158569 0.8038984537124634 -0.13131459057331085 0.5514252185821533 -0.18009451031684875 0.27746257185935974 0.0442088320851326 1.0715385675430298 -0.2696767747402191 0.15730439126491547 0.6813899278640747 0.6619950532913208 0.26754963397979736 0.05412415415048599 1.031190276145935 0.27652525901794434 -0.5561793446540833 -0.06458619236946106 0.781042218208313 0.2614273428916931 0.04326765984296799 1.025251030921936 0.26049184799194336 -0.5428228378295898 -0.10579749941825867 0.7913875579833984 0.2629704177379608 0.03106691688299179 1.0224148035049438 0.23326565325260165 -0.485063910484314 -0.12307390570640565 0.8337582349777222 0.2689172029495239 0.020825792104005814 1.01962411403656 0.24478620290756226 -0.3741733133792877 -0.17094504833221436 0.8779817819595337
0.2945505380630493 0.07564884424209595 0.9589666128158569 0.8038984537124634 -0.13131459057331085 0.5514252185821533 -0.18009451031684875 0.27746257185935974 0.0442088320851326 1.0715385675430298 -0.2696767747402191 0.15730439126491547 0.6813899278640747 0.6619950532913208 0.26754963397979736 0.05412415415048599 1.031190276145935 0.27652525901794434 -0.5561793446540833 -0.06458619236946106 0.781042218208313 0.2614273428916931 0.04326765984296799 1.025251030921936 0.26049184799194336 -0.5428228378295898 -0.10579749941825867 0.7913875579833984 0.2629704177379608 0.03106691688299179 1.0224148035049438 0.23326565325260165 -0.485063910484314 -0.12307390570640565 0.8337582349777222 0.2689172029495239 0.020825792104005814 1.01962411403656 0.24478620290756226 -0.3741733133792877 -0.17094504833221436 0.8779817819595337
0.2952726185321808 0.07585044205188751 0.9614859223365784 0.805961549282074 -0.15218590199947357 0.5518454313278198 -0.1507713794708252 0.27769526839256287 0.04807659611105919 1.0744355916976929 -0.2675779461860657 0.17396195232868195 0.6599313616752625 0.6801689267158508 0.2679075300693512 0.05763668566942215 1.0342514514923096 0.24801936745643616 -0.5551655292510986 -0.08301550149917603 0.7895479798316956 0.26052191853523254 0.046999938786029816 1.028568148612976 0.23159857094287875 -0.5386256575584412 -0.12283995747566225 0.8007215261459351 0.26075470447540283 0.03515992313623428 1.0260084867477417 0.20384837687015533 -0.47111618518829346 -0.14634111523628235 0.8456238508224487 0.2658439874649048 0.024783708155155182 1.0226954221725464 0.22014421224594116 -0.36777374148368835 -0.19829216599464417 0.8814530372619629
0.2961882948875427 0.0758771151304245 0.963255763053894 0.8053273558616638 -0.16209332644939423 0.5533422231674194 -0.13778991997241974 0.27851414680480957 0.050197385251522064 1.076585292816162 -0.27014702558517456 0.1863984316587448 0.6482762694358826 0.6870328783988953 0.2672233283519745 0.058568358421325684 1.037014126777649 0.23792073130607605 -0.5333947539329529 -0.08560767769813538 0.8071897029876709 0.2595253586769104 0.04828031361103058 1.0315829515457153 0.22125382721424106 -0.5177273750305176 -0.12694665789604187 0.8166332244873047 0.25898557901382446 0.036694660782814026 1.029209852218628 0.1957162618637085 -0.4413968026638031 -0.15322619676589966 0.8621982932090759 0.26374807953834534 0.025959249585866928 1.0259627103805542 0.21822792291641235 -0.33224913477897644 -0.20332655310630798 0.8947879076004028
0.29769375920295715 0.0757700502872467 0.9655834436416626 0.8048955202102661 -0.17047540843486786 0.5539435744285583 -0.1273883432149887 0.28029245138168335 0.05164260417222977 1.0791406631469727 -0.27124372124671936 0.1974952518939972 0.6390095949172974 0.6921626329421997 0.26735082268714905 0.05910757929086685 1.0403482913970947 0.2305946201086044 -0.510957658290863 -0.08755847811698914 0.8234573602676392 0.2595764398574829 0.04912245273590088 1.0348984003067017 0.21480487287044525 -0.4981430768966675 -0.13032734394073486 0.8298958539962769 0.2585640549659729 0.03785388916730881 1.0325138568878174 0.19066625833511353 -0.4180576503276825 -0.15966737270355225 0.8737164735794067 0.26299184560775757 0.02698107808828354 1.0293469429016113 0.2168247401714325 -0.30401110649108887 -0.20865461230278015 0.9038957357406616
0.29769375920295715 0.0757700502872467 0.9655834436416626 0.8048955202102661 -0.17047540843486786 0.5539435744285583 -0.1273883432149887 0.28029245138168335 0.05164260417222977 1.0791406631469727 -0.27124372124671936 0.1974952518939972 0.6390095949172974 0.6921626329421997 0.26735082268714905 0.05910757929086685 1.0403482913970947 0.2305946201086044 -0.510957658290863 -0.08755847811698914 0.8234573602676392 0.2595764398574829 0.04912245273590088 1.0348984003067017 0.21480487287044525 -0.4981430768966675 -0.13032734394073486 0.8298958539962769 0.2585640549659729 0.03785388916730881 1.0325138568878174 0.19066625833511353 -0.4180576503276825 -0.15966737270355225 0.8737164735794067 0.26299184560775757 0.02698107808828354 1.0293469429016113 0.2168247401714325 -0.30401110649108887 -0.20865461230278015 0.9038957357406616
0.29769375920295715 0.0757700502872467 0.9655834436416626 0.8048955202102661 -0.17047540843486786 0.5539435744285583 -0.1273883432149887 0.28029245138168335 0.05164260417222977 1.0791406631469727 -0.27124372124671936 0.1974952518939972 0.6390095949172974 0.6921626329421997 0.26735082268714905 0.05910757929086685 1.0403482913970947 0.2305946201086044 -0.510957658290863 -0.08755847811698914 0.8234573602676392 0.2595764398574829 0.04912245273590088 1.0348984003067017 0.21480487287044525 -0.4981430768966675 -0.13032734394073486 0.8298958539962769 0.2585640549659729 0.03785388916730881 1.0325138568878174 0.19066625833511353 -0.4180576503276825 -0.15966737270355225 0.8737164735794067 0.26299184560775757 0.02698107808828354 1.0293469429016113 0.2168247401714325 -0.30401110649108887 -0.20865461230278015 0.9038957357406616
0.29769375920295715 0.0757700502872467 0.9655834436416626 0.8048955202102661 -0.17047540843486786 0.5539435744285583 -0.1273883432149887 0.28029245138168335 0.05164260417222977 1.0791406631469727 -0.27124372124671936 0.1974952518939972 0.6390095949172974 0.6921626329421997 0.26735082268714905 0.05910757929086685 1.0403482913970947 0.2305946201086044 -0.510957658290863 -0.08755847811698914 0.8234573602676392 0.2595764398574829 0.04912245273590088 1.0348984003067017 0.21480487287044525 -0.4981430768966675 -0.13032734394073486 0.8298958539962769 0.2585640549659729 0.03785388916730881 1.0325138568878174 0.19066625833511353 -0.4180576503276825 -0.15966737270355225 0.8737164735794067 0.26299184560775757 0.02698107808828354 1.0293469429016113 0.2168247401714325 -0.30401110649108887 -0.20865461230278015 0.9038957357406616
0.29769375920295715 0.0757700502872467 0.9655834436416626 0.8048955202102661 -0.17047540843486786 0.5539435744285583 -0.1273883432149887 0.28029245138168335 0.05164260417222977 1.0791406631469727 -0.27124372124671936 0.1974952518939972 0.6390095949172974 0.6921626329421997 0.26735082268714905 0.05910757929086685 1.0403482913970947 0.2305946201086044 -0.510957658290863 -0.08755847811698914 0.8234573602676392 0.2595764398574829 0.04912245273590088 1.0348984003067017 0.21480487287044525 -0.4981430768966675 -0.13032734394073486 0.8298958539962769 0.2585640549659729 0.03785388916730881 1.0325138568878174 0.19066625833511353 -0.4180576503276825 -0.15966737270355225 0.8737164735794067 0.26299184560775757 0.02698107808828354 1.0293469429016113 0.2168247401714325 -0.30401110649108887 -0.20865461230278015 0.9038957357406616
0.29960376024246216 0.07527659088373184 0.968644380569458 0.8055014610290527 -0.17698024213314056 0.5525618195533752 -0.12050265073776245 0.2830837666988373 0.05217357352375984 1.0823568105697632 -0.2707269787788391 0.20793652534484863 0.6331630349159241 0.6946752667427063 0.2676215171813965 0.05872315913438797 1.0442626476287842 0.22719372808933258 -0.4798732399940491 -0.0849919319152832 0.8431376218795776 0.2597343921661377 0.04879654198884964 1.0394622087478638 0.21343323588371274 -0.46634590625762934 -0.12926506996154785 0.8486803770065308 0.2588920593261719 0.03795119747519493 1.0370521545410156 0.19019703567028046 -0.3869805634021759 -0.16284996271133423 0.8874407410621643 0.26383185386657715 0.02749159187078476 1.0328985452651978 0.2140088677406311 -0.28675487637519836 -0.21480882167816162 0.908751368522644
0.31531643867492676 0.06866225600242615 0.9863869547843933 0.8170771598815918 -0.1914540380239487 0.5353999137878418 -0.09527423977851869 0.30536872148513794 0.04993525892496109 1.100685715675354 -0.2642439305782318 0.2517995536327362 0.62086421251297 0.6937575936317444 0.286770761013031 0.055851295590400696 1.0606905221939087 0.2022027224302292 -0.47659438848495483 -0.10189694166183472 0.849463939666748 0.2747272253036499 0.04461614042520523 1.0606892108917236 0.19749100506305692 -0.39101615548133845 -0.13148725032806396 0.8892776966094971 0.274079293012619 0.03531217202544212 1.0588141679763794 0.17393459379673007 -0.3044254779815674 -0.17948612570762637 0.9191608428955078 0.2799060344696045 0.02522757276892662 1.0538121461868286 0.19114027917385099 -0.21786405146121976 -0.2355481684207916 0.9276409149169922
0.3231615126132965 0.066925048828125 0.9936994314193726 0.8218011856079102 -0.1972966939210892 0.5273103713989258 -0.08752515912055969 0.3156498670578003 0.04889797046780586 1.1080888509750366 -0.2606290876865387 0.26692983508110046 0.616646945476532 0.6932298541069031 0.2976352274417877 0.05531428009271622 1.0675592422485352 0.19261857867240906 -0.4938863515853882 -0.11557179689407349 0.8400104641914368 0.2844383120536804 0.044150128960609436 1.068093180656433 0.18928582966327667 -0.39011311531066895 -0.14124897122383118 0.8899614810943604 0.28294557332992554 0.03470655530691147 1.0669009685516357 0.1678860783576965 -0.28889894485473633 -0.18798729777336118 0.9235867261886597 0.28801751136779785 0.024181555956602097 1.0625262260437012 0.19254343211650848 -0.1805962473154068 -0.23841270804405212 0.9345968961715698
0.32807523012161255 0.06506551057100296 0.9983747601509094 0.8269513845443726 -0.2007661610841751 0.5189428329467773 -0.08088710904121399 0.3229960501194 0.04778774827718735 1.1128950119018555 -0.25718215107917786 0.2799294888973236 0.614454984664917 0.6913334131240845 0.30491572618484497 0.054209012538194656 1.0724222660064697 0.18516151607036588 -0.4991453289985656 -0.12387678027153014 0.8373910188674927 0.29123204946517944 0.04326506704092026 1.073097586631775 0.18201518058776858 -0.38773623108863836 -0.1481015682220459 0.8914017677307129 0.2893525958061218 0.03372184932231903 1.0722527503967285 0.16096308827400208 -0.28158676624298096 -0.19431704282760623 0.9257649779319763 0.29409146308898926 0.02305702120065689 1.0678455829620361 0.18673330545425412 -0.17180868983268735 -0.24453818798065183 0.9358490705490112
0.3328685760498047 0.06269709020853043 1.0030180215835571 0.8320753574371338 -0.20515258610248563 0.5098881125450134 -0.07467959821224213 0.3299413025379181 0.045961156487464905 1.1175346374511719 -0.25283458828926086 0.28994813561439514 0.6122829914093018 0.6907348036766052 0.311786949634552 0.05235534906387329 1.077340841293335 0.1787455976009369 -0.4983595609664917 -0.13148820400238037 0.8380922079086304 0.2980411648750305 0.04168996214866638 1.0779170989990234 0.1754262000322342 -0.38711047172546387 -0.15592294931411743 0.8916609883308411 0.29578155279159546 0.03209543973207474 1.0772042274475098 0.1547098159790039 -0.2772291898727417 -0.20123878121376038 0.9266670942306519 0.3001372814178467 0.02125822752714157 1.073117971420288 0.18161050975322723 -0.16210567951202393 -0.2512231171131134 0.9368171691894531
0.3375033140182495 0.05994311720132828 1.0076885223388672 0.836418867111206 -0.20753087103366852 0.5020971298217773 -0.07233986258506775 0.33580008149147034 0.04291756451129913 1.1218575239181519 -0.24794980883598328 0.29140689969062805 0.6130695343017578 0.691193699836731 0.31782007217407227 0.04960525780916214 1.0822441577911377 0.17700570821762085 -0.49140009284019476 -0.13498833775520325 0.8420054912567139 0.3042636513710022 0.03912495821714401 1.082668423652649 0.17277175188064575 -0.38426482677459717 -0.16022264957427979 0.892647385597229 0.3016790747642517 0.02961636707186699 1.0819010734558105 0.15208645164966583 -0.27232325077056885 -0.20495042204856873 0.9277420043945312 0.30596449971199036 0.01859883964061737 1.0780960321426392 0.1794758439064026 -0.15353472530841827 -0.25459691882133484 0.9377611875534058
0.3423042893409729 0.05797716975212097 1.0115749835968018 0.8418864011764526 -0.2027948647737503 0.4943259358406067 -0.07578586041927338 0.34215134382247925 0.03993087261915207 1.1252331733703613 -0.2420867532491684 0.2884546220302582 0.6211923956871033 0.6872468590736389 0.32402750849723816 0.04704644903540611 1.086234211921692 0.18203988671302795 -0.4843140244483948 -0.13100862503051758 0.8456584215164185 0.31070971488952637 0.03656475245952606 1.0866293907165527 0.17499405145645142 -0.3797176480293274 -0.15636971592903137 0.8948409557342529 0.3081248104572296 0.027180729433894157 1.0855848789215088 0.15299613773822784 -0.2679654061794281 -0.20046833157539368 0.9298382997512817 0.312465101480484 0.015937574207782745 1.0820741653442383 0.18151330947875977 -0.14461186528205872 -0.24872809648513794 0.9403589367866516
0.34690096974372864 0.055835336446762085 1.0150872468948364 0.8471901416778564 -0.19621743261814117 0.48668038845062256 -0.08312582969665527 0.34861788153648376 0.03651804476976395 1.1283352375030518 -0.23766228556632996 0.2854072153568268 0.6327884197235107 0.6794396638870239 0.33041471242904663 0.04392916336655617 1.089365005493164 0.19060564041137695 -0.48768964409828186 -0.12714287638664246 0.8424149751663208 0.31730878353118896 0.03344584256410599 1.0896779298782349 0.1794985234737396 -0.38324773311614985 -0.1519618034362793 0.8932015895843506 0.3146272301673889 0.023961585015058517 1.0885988473892212 0.15694168210029602 -0.26601022481918335 -0.19372612237930295 0.9311702847480774 0.31886544823646545 0.012571945786476135 1.0853885412216187 0.18715749680995944 -0.13563589751720428 -0.23945426940917972 0.9429934024810791
0.35027459263801575 0.05356144532561302 1.0184848308563232 0.8533231019973755 -0.18696267902851105 0.47750258445739746 -0.09421195089817047 0.35439491271972656 0.03268815204501152 1.1312298774719238 -0.2349097579717636 0.27893999218940735 0.6512253284454346 0.6655188798904419 0.3363392949104309 0.04046565294265747 1.0919111967086792 0.20237533748149872 -0.49910432100296026 -0.12335479259490968 0.8335002660751343 0.3235219120979309 0.029948757961392403 1.0919605493545532 0.18565097451210022 -0.39655178785324097 -0.14717841148376465 0.8869154453277588 0.3205564618110657 0.020274795591831207 1.09088134765625 0.16214774549007416 -0.2704881429672241 -0.18462136387825012 0.9308379888534546 0.32455843687057495 0.008624456822872162 1.0883995294570923 0.19526898860931396 -0.12482038140296936 -0.22643455862998962 0.9460535049438477
0.3540341258049011 0.05104898661375046 1.0214868783950806 0.859687328338623 -0.1800672858953476 0.46645382046699524 -0.10456739366054535 0.35927242040634155 0.028443802148103714 1.1335546970367432 -0.23022347688674927 0.26653215289115906 0.6646550893783569 0.6589320302009583 0.34229356050491333 0.036519162356853485 1.0945148468017578 0.2165611982345581 -0.49454185366630554 -0.11926782131195068 0.8332495093345642 0.32991278171539307 0.026131456717848778 1.094342589378357 0.1934906542301178 -0.3969573974609375 -0.1429792046546936 0.8857443928718567 0.3270170986652374 0.016247421503067017 1.092816710472107 0.1692408323287964 -0.2728715240955353 -0.17732855677604675 0.9302973747253418 0.3308330774307251 0.004635293036699295 1.090728759765625 0.20223283767700195 -0.11636368930339813 -0.21693527698516846 0.9478926658630371
0.3569881021976471 0.048624590039253235 1.0239684581756592 0.8657207489013672 -0.17361712455749512 0.4550606608390808 -0.11534541845321655 0.3628721237182617 0.024209095165133476 1.1353445053100586 -0.22665731608867645 0.2525290250778198 0.6766504049301147 0.6534521579742432 0.3470834493637085 0.03230385482311249 1.0972310304641724 0.23295880854129788 -0.47820773720741266 -0.11381056904792784 0.8391035795211792 0.3352143168449402 0.02212272211909294 1.0968167781829834 0.20372211933135986 -0.38671979308128357 -0.1377044916152954 0.8888096809387207 0.3325842618942261 0.011987544596195221 1.0946944952011108 0.17977519333362582 -0.26665303111076355 -0.16900044679641726 0.9316737055778503 0.33609771728515625 0.0008664987981319427 1.092339277267456 0.20931369066238406 -0.11000445485115053 -0.20859432220458987 0.9489864110946655
0.35880234837532043 0.0466793067753315 1.026174545288086 0.8710432648658752 -0.16491299867630005 0.44431859254837036 -0.1291060745716095 0.3665761351585388 0.02060716785490513 1.1369831562042236 -0.22346347570419312 0.24369102716445923 0.6918119788169861 0.6419306397438049 0.34960371255874634 0.027660410851240158 1.1009597778320312 0.2533508539199829 -0.4361197054386139 -0.09961280226707458 0.8577238321304321 0.3392597734928131 0.01805988699197769 1.0993366241455078 0.21820776164531708 -0.37075650691986084 -0.1291082203388214 0.8934518098831177 0.3369584083557129 0.00791022926568985 1.0968316793441772 0.19191837310791013 -0.2521094083786011 -0.1574536561965942 0.9353163242340088 0.34030911326408386 -0.002675611525774002 1.093824028968811 0.2179098129272461 -0.09873443841934204 -0.19698750972747803 0.9507696628570557
0.36003726720809937 0.04412980377674103 1.0281391143798828 0.8745590448379517 -0.16140082478523254 0.43636786937713623 -0.13667309284210205 0.3693062365055084 0.01660303585231304 1.1380293369293213 -0.21174906194210052 0.23321984708309174 0.7021284699440002 0.6385817527770996 0.35017651319503784 0.02246011048555374 1.1048202514648438 0.2692118287086487 -0.3789736330509186 -0.08204907178878784 0.8815735578536987 0.34195464849472046 0.01432821899652481 1.1011711359024048 0.22670027613639834 -0.361358642578125 -0.1253904104232788 0.8957144021987915 0.33982759714126587 0.004267670214176178 1.0984137058258057 0.19894535839557648 -0.24447287619113922 -0.15265962481498718 0.9366689920425415 0.3431933522224426 -0.0062143318355083466 1.0952515602111816 0.2232556790113449 -0.09222076088190079 -0.19203558564186096 0.951196551322937
0.3603966236114502 0.04129962623119354 1.029908299446106 0.877708911895752 -0.15943023562431335 0.4288908839225769 -0.14234375953674316 0.3711927831172943 0.01263340562582016 1.138929843902588 -0.19917577505111694 0.2252693474292755 0.7099931240081787 0.6367831826210022 0.3502468168735504 0.017126532271504402 1.1083002090454102 0.28222712874412537 -0.32743483781814575 -0.06627005338668823 0.8993012309074402 0.3436410129070282 0.010506639257073402 1.1027220487594604 0.23420992493629453 -0.35324817895889277 -0.12314718961715697 0.8973273634910583 0.3416849672794342 0.0006680712103843689 1.0995844602584839 0.20435716211795807 -0.24047820270061493 -0.1501937210559845 0.9369367361068726 0.34513214230537415 -0.009754851460456848 1.0963057279586792 0.22729250788688657 -0.08917834609746932 -0.18930622935295102 0.9510775804519653
0.3593410849571228 0.03877708315849304 1.0311782360076904 0.8803846836090088 -0.160235196352005 0.422216534614563 -0.14484751224517822 0.3716870844364166 0.00912160612642765 1.139433741569519 -0.18709877133369446 0.22177094221115112 0.7143954634666443 0.6367501616477966 0.3500997722148895 0.013641240075230598 1.1096398830413818 0.2887760400772095 -0.3132285177707672 -0.06453043222427368 0.9024035334587097 0.34365105628967285 0.007299460470676422 1.103782057762146 0.23962409794330597 -0.3466237485408783 -0.12374550104141235 0.898398220539093 0.34169498085975647 -0.002409685403108597 1.1005964279174805 0.2084548473358154 -0.23433175683021543 -0.15032961964607236 0.9375693798065186 0.3451310396194458 -0.012613408267498016 1.0970762968063354 0.22954706847667694 -0.08558372408151627 -0.18997058272361755 0.9507337808609009
0.3585034906864166 0.03609521687030792 1.0322195291519165 0.8816852569580078 -0.16021931171417236 0.41742235422134394 -0.15073001384735107 0.37185874581336975 0.005140531808137894 1.139788031578064 -0.17923817038536072 0.21744027733802795 0.7189534306526184 0.6353734731674194 0.35012197494506836 0.010060776025056839 1.110144019126892 0.29601341485977173 -0.3115290105342865 -0.06502154469490051 0.9006097316741943 0.34357738494873047 0.0036789104342460632 1.1044305562973022 0.24651107192039493 -0.3418201208114624 -0.12343570590019227 0.8984180688858032 0.34166720509529114 -0.005944252014160156 1.1010782718658447 0.21478091180324554 -0.2303778380155563 -0.14923739433288574 0.9372957944869995 0.3452109694480896 -0.016055036336183548 1.097434163093567 0.23474587500095367 -0.08180747181177139 -0.18826749920845032 0.9501354694366455
0.35803577303886414 0.033462006598711014 1.032831072807312 0.8817803859710693 -0.16104677319526672 0.41400736570358276 -0.15850943326950073 0.37196922302246094 0.0009739510715007782 1.1397651433944702 -0.17353641986846924 0.21249499917030334 0.7228915691375732 0.6341599822044373 0.35096967220306396 0.007186198607087135 1.109001874923706 0.30241212248802185 -0.33443212509155273 -0.07400539517402649 0.8895084857940674 0.34373846650123596 8.297339081764221e-05 1.104254961013794 0.2537464201450348 -0.3419129252433777 -0.12484303116798401 0.8961710929870605 0.3417733609676361 -0.009527090936899185 1.100785493850708 0.2219211757183075 -0.22987514734268188 -0.1491870880126953 0.9357626438140869 0.3452928960323334 -0.019585173577070236 1.0970842838287354 0.2410333901643753 -0.0826132670044899 -0.18767046928405762 0.9486082792282104
0.3574829697608948 0.030638381838798523 1.032965898513794 0.8812001943588257 -0.16708794236183164 0.4108674824237823 -0.16357249021530149 0.3717220425605774 -0.003590863198041916 1.139186143875122 -0.16578121483325958 0.20879144966602325 0.7231370210647583 0.6371779441833496 0.35225942730903625 0.004846477881073952 1.1067609786987305 0.30410754680633545 -0.37426427006721497 -0.0945248007774353 0.8709249496459961 0.3436535596847534 -0.003381934016942978 1.1033663749694824 0.2583477199077606 -0.34639030694961553 -0.1326414942741394 0.8920071721076965 0.34135401248931885 -0.013117633759975433 1.100090503692627 0.2275095283985138 -0.22938120365142822 -0.15466901659965515 0.9336494207382202 0.3447082042694092 -0.023435033857822418 1.096386194229126 0.2493734955787659 -0.08026957511901855 -0.19104495644569397 0.9459766149520874
0.35736480355262756 0.027945365756750107 1.0334221124649048 0.8797757625579834 -0.17375591397285461 0.4090864062309265 -0.16867676377296448 0.37152299284935 -0.007984030991792679 1.1390326023101807 -0.16033248603343964 0.205579474568367 0.7222497463226318 0.6406136751174927 0.3528517186641693 0.0017376616597175598 1.1059210300445557 0.3076449930667877 -0.3917173743247986 -0.10744479298591614 0.8604462146759033 0.3436235189437866 -0.006818939000368118 1.1028926372528076 0.26341748237609863 -0.35015830397605896 -0.14034438133239746 0.8878648281097412 0.3410666584968567 -0.016581416130065918 1.099680781364441 0.2333368808031082 -0.2299627512693405 -0.16063916683197021 0.9310564994812012 0.3442409932613373 -0.027005519717931747 1.0958396196365356 0.2574124038219452 -0.0797993391752243 -0.19552761316299438 0.9429420828819275
0.3571642339229584 0.025760773569345474 1.0338398218154907 0.8767352104187012 -0.18040099740028384 0.4096383750438691 -0.17603242397308352 0.37060949206352234 -0.012280445545911789 1.1387364864349365 -0.15617726743221283 0.19961287081241608 0.7214062213897705 0.64446622133255 0.35220101475715637 -0.0017227530479431152 1.1056345701217651 0.3151456415653229 -0.39554479718208313 -0.11430862545967102 0.8550796508789062 0.34302008152008057 -0.010035999119281769 1.1022223234176636 0.27086779475212097 -0.35550057888031006 -0.14741778373718262 0.8823367357254028 0.34025394916534424 -0.01973612979054451 1.0989323854446411 0.24131470918655398 -0.23347085714340213 -0.16617143154144287 0.9271708726882935 0.34333497285842896 -0.030145570635795593 1.0949130058288574 0.26641759276390076 -0.08416429907083511 -0.19997230172157288 0.9391216039657593
0.3571642339229584 0.025760773569345474 1.0338398218154907 0.8767352104187012 -0.18040099740028384 0.4096383750438691 -0.17603242397308352 0.37060949206352234 -0.012280445545911789 1.1387364864349365 -0.15617726743221283 0.19961287081241608 0.7214062213897705 0.64446622133255 0.35220101475715637 -0.0017227530479431152 1.1056345701217651 0.3151456415653229 -0.39554479718208313 -0.11430862545967102 0.8550796508789062 0.34302008152008057 -0.010035999119281769 1.1022223234176636 0.27086779475212097 -0.35550057888031006 -0.14741778373718262 0.8823367357254028 0.34025394916534424 -0.01973612979054451 1.0989323854446411 0.24131470918655398 -0.23347085714340213 -0.16617143154144287 0.9271708726882935 0.34333497285842896 -0.030145570635795593 1.0949130058288574 0.26641759276390076 -0.08416429907083511 -0.19997230172157288 0.9391216039657593
0.3571642339229584 0.025760773569345474 1.0338398218154907 0.8767352104187012 -0.18040099740028384 0.4096383750438691 -0.17603242397308352 0.37060949206352234 -0.012280445545911789 1.1387364864349365 -0.15617726743221283 0.19961287081241608 0.7214062213897705 0.64446622133255 0.35220101475715637 -0.0017227530479431152 1.1056345701217651 0.3151456415653229 -0.39554479718208313 -0.11430862545967102 0.8550796508789062 0.34302008152008057 -0.010035999119281769 1.1022223234176636 0.27086779475212097 -0.35550057888031006 -0.14741778373718262 0.8823367357254028 0.34025394916534424 -0.01973612979054451 1.0989323854446411 0.24131470918655398 -0.23347085714340213 -0.16617143154144287 0.9271708726882935 0.34333497285842896 -0.030145570635795593 1.0949130058288574 0.26641759276390076 -0.08416429907083511 -0.19997230172157288 0.9391216039657593
0.3571642339229584 0.025760773569345474 1.0338398218154907 0.8767352104187012 -0.18040099740028384 0.4096383750438691 -0.17603242397308352 0.37060949206352234 -0.012280445545911789 1.1387364864349365 -0.15617726743221283 0.19961287081241608 0.7214062213897705 0.64446622133255 0.35220101475715637 -0.0017227530479431152 1.1056345701217651 0.3151456415653229 -0.39554479718208313 -0.11430862545967102 0.8550796508789062 0.34302008152008057 -0.010035999119281769 1.1022223234176636 0.27086779475212097 -0.35550057888031006 -0.14741778373718262 0.8823367357254028 0.34025394916534424 -0.01973612979054451 1.0989323854446411 0.24131470918655398 -0.23347085714340213 -0.16617143154144287 0.9271708726882935 0.34333497285842896 -0.030145570635795593 1.0949130058288574 0.26641759276390076 -0.08416429907083511 -0.19997230172157288 0.9391216039657593
0.3571642339229584 0.025760773569345474 1.0338398218154907 0.8767352104187012 -0.18040099740028384 0.4096383750438691 -0.17603242397308352 0.37060949206352234 -0.012280445545911789 1.1387364864349365 -0.15617726743221283 0.19961287081241608 0.7214062213897705 0.64446622133255 0.35220101475715637 -0.0017227530479431152 1.1056345701217651 0.3151456415653229 -0.39554479718208313 -0.11430862545967102 0.8550796508789062 0.34302008152008057 -0.010035999119281769 1.1022223234176636 0.27086779475212097 -0.35550057888031006 -0.14741778373718262 0.8823367357254028 0.34025394916534424 -0.01973612979054451 1.0989323854446411 0.24131470918655398 -0.23347085714340213 -0.16617143154144287 0.9271708726882935 0.34333497285842896 -0.030145570635795593 1.0949130058288574 0.26641759276390076 -0.08416429907083511 -0.19997230172157288 0.9391216039657593
0.3571642339229584 0.025760773569345474 1.0338398218154907 0.8767352104187012 -0.18040099740028384 0.4096383750438691 -0.17603242397308352 0.37060949206352234 -0.012280445545911789 1.1387364864349365 -0.15617726743221283 0.19961287081241608 0.7214062213897705 0.64446622133255 0.35220101475715637 -0.0017227530479431152 1.1056345701217651 0.3151456415653229 -0.39554479718208313 -0.11430862545967102 0.8550796508789062 0.34302008152008057 -0.010035999119281769 1.1022223234176636 0.27086779475212097 -0.35550057888031006 -0.14741778373718262 0.8823367357254028 0.34025394916534424 -0.01973612979054451 1.0989323854446411 0.24131470918655398 -0.23347085714340213 -0.16617143154144287 0.9271708726882935 0.34333497285842896 -0.030145570635795593 1.0949130058288574 0.26641759276390076 -0.08416429907083511 -0.19997230172157288 0.9391216039657593
0.3468218445777893 0.019805416464805603 1.030693531036377 0.8185009956359863 -0.12661156058311462 0.44639128446578974 -0.33876320719718933 0.3499821424484253 -0.03933805227279663 1.1272286176681519 -0.18410176038742065 0.06244848296046258 0.776095449924469 0.599902331829071 0.3355276584625244 -0.024377327412366867 1.092612385749817 0.4568277299404145 -0.42815366387367254 -0.05425581336021424 0.7778490781784058 0.3304249048233032 -0.03167786821722984 1.084052562713623 0.4211556017398834 -0.41787853837013245 -0.09432381391525269 0.7994425892829895 0.3298723101615906 -0.043385379016399384 1.0807095766067505 0.39145419001579285 -0.265400767326355 -0.07626926898956299 0.8777865767478943 0.3362775444984436 -0.053506024181842804 1.076202392578125 0.41176614165306086 -0.07760369777679443 -0.06882491707801819 0.9053671360015869
0.34137630462646484 0.019582834094762802 1.0299272537231445 0.7584508657455444 -0.056278854608535774 0.46783837676048284 -0.450235664844513 0.343973845243454 -0.05074778571724892 1.1200802326202393 -0.22633607685565948 -0.021310411393642426 0.8130515813827515 0.5359711647033691 0.3264561891555786 -0.04164639115333557 1.0857478380203247 0.5435534715652466 -0.35109251737594604 0.08445003628730774 0.757728099822998 0.32641127705574036 -0.04536852613091469 1.0751653909683228 0.5269924998283386 -0.38662350177764887 0.007786035537719726 0.7567962408065796 0.3308011591434479 -0.05677894875407219 1.071564793586731 0.4844644367694855 -0.2391071319580078 0.046194761991500854 0.8402309417724609 0.34198710322380066 -0.06520763039588928 1.066872000694275 0.4836658835411072 -0.026464596390724182 0.0908561646938324 0.8701218366622925
0.3378191590309143 0.020185252651572227 1.0264945030212402 -0.6728722902896366 -0.007728514805916493 -0.4918024295413424 0.5525516881167118 0.3358217179775238 -0.060326457023620605 1.110046625137329 -0.29887178702230704 -0.10938180297297974 0.8167592838838306 0.48126453422104964 0.32407763600349426 -0.062211886048316956 1.0753620862960815 0.5803664922714233 -0.252524733543396 0.26049482822418213 0.7290736436843872 0.3268764317035675 -0.06269165128469467 1.0636186599731445 0.6034601330757141 -0.3052602708339691 0.15862849354743958 0.719367265701294 0.33879467844963074 -0.07189637422561646 1.0618469715118408 0.5432689189910889 -0.16751942038536072 0.21218964457511902 0.7948406934738159 0.3563734292984009 -0.0758833959698677 1.0565053224563599 0.5109560489654541 0.058546543121337884 0.2956618368625641 0.8050343990325928
0.333246648311615 0.020549720153212547 1.0240224599838257 -0.5855359876336336 -0.058718622430498725 -0.5055452370148406 0.6309705497177526 0.32568439841270447 -0.0679914802312851 1.1013544797897339 -0.3780576898504362 -0.17996528810188325 0.7931147784934939 0.4423277394178923 0.3282889723777771 -0.08065608143806458 1.0684983730316162 0.550216794013977 -0.15234346687793732 0.43607449531555176 0.6956236362457275 0.3337154984474182 -0.07990420609712601 1.056915283203125 0.6173055768013 -0.20175562798976898 0.3260592818260193 0.6869599223136902 0.3523073196411133 -0.08438722044229507 1.057983636856079 0.5335233211517334 -0.07225321233272552 0.39134031534194946 0.7463143467903137 0.37507113814353943 -0.08066944032907486 1.0523245334625244 0.4612945318222046 0.15056340396404266 0.4935782551765442 0.7217468619346619
0.3288951814174652 0.019103210419416428 1.023740291595459 -0.5022424414710859 -0.09807228209619132 -0.5081225588350797 0.6927812161179092 0.31550827622413635 -0.07624681293964386 1.0941381454467773 -0.45163861449860726 -0.23501691499425367 0.7502699405857302 0.4217637231034828 0.33982527256011963 -0.09617914259433746 1.068347454071045 0.464150607585907 -0.050739288330078125 0.5978074669837952 0.6516256928443909 0.34967872500419617 -0.09587675333023071 1.0593458414077759 0.5622116327285767 -0.07456502318382263 0.5012735724449158 0.6535159945487976 0.36996710300445557 -0.09283335506916046 1.061340570449829 0.45975494384765625 0.02365267276763916 0.55766761302948 0.6907047033309937 0.39356327056884766 -0.07999518513679504 1.055253028869629 0.35282182693481445 0.22296912968158722 0.6519790291786194 0.6330284476280212
0.3225148320198059 0.01675381325185299 1.0220471620559692 -0.4369948453197197 -0.1253967120890798 -0.4974520145939036 0.738818416046047 0.30633753538131714 -0.08454127609729767 1.0848106145858765 -0.507312175620711 -0.27606784871309753 0.7010643155136949 0.4182458599921352 0.35184815526008606 -0.10524709522724152 1.0718964338302612 0.3408811688423157 0.04451717436313629 0.7203275561332703 0.602450430393219 0.36695411801338196 -0.10490710288286209 1.0650150775909424 0.44767361879348755 0.05170603096485138 0.653649091720581 0.6079949140548706 0.38471996784210205 -0.09530004113912582 1.066157341003418 0.3541868329048157 0.10908456891775131 0.6841712594032288 0.6281417012214661 0.40487316250801086 -0.07485977560281754 1.0587842464447021 0.2419205904006958 0.2645021080970764 0.7516516447067261 0.5536540746688843
0.3175974488258362 0.01319914311170578 1.0194110870361328 -0.37235004443776404 -0.1524585840520633 -0.4858320658377429 0.7759374848205807 0.2995210289955139 -0.09353810548782349 1.072724461555481 -0.5594066382991864 -0.31527131425571514 0.6373691044108537 0.42594449165713816 0.3627658188343048 -0.10969643294811249 1.0776293277740479 0.19813254475593567 0.11150318384170532 0.8053386807441711 0.5474854111671448 0.3843090832233429 -0.10747548192739487 1.0741556882858276 0.28503531217575073 0.15635503828525543 0.7741433382034302 0.5431482791900635 0.3981781005859375 -0.09339700639247894 1.075331211090088 0.2017289400100708 0.1843411922454834 0.78385329246521 0.5575820207595825 0.41275328397750854 -0.06757213175296783 1.065261721611023 0.11404610884319162 0.28766335214824684 0.8216901090780822 0.4786111905117625
0.3159339129924774 0.008266839198768139 1.0158541202545166 -0.2927208763097672 -0.19508666772042682 -0.47378288441143745 0.8073322987414577 0.29701539874076843 -0.10313275456428528 1.0572870969772339 0.6087323427200317 0.36621206998825073 -0.5554697513580322 -0.4321885108947754 0.3707244396209717 -0.1119241788983345 1.0834418535232544 0.051754758658147805 0.1277772863397131 0.8589632980678543 0.49312922643126733 0.3957514762878418 -0.10494442284107208 1.0865479707717896 0.11357635079702803 0.19943318763296478 0.845892625680506 0.4814483464904409 0.4065765142440796 -0.08642103523015976 1.0907061100006104 0.008565329494827929 0.22102074649500897 0.8465658872777593 0.4841514570471451 0.41649678349494934 -0.05872271582484245 1.0769644975662231 -0.040979056552976255 0.2829957792788918 0.8661409635956201 0.4099194680332505
0.3134445548057556 0.005830835085362196 1.0132936239242554 -0.19333758257630193 -0.25427071308908455 -0.44713111576079234 0.8354883445379239 0.29773056507110596 -0.10928896814584732 1.0400729179382324 0.6486546397209167 0.43222329020500183 -0.4487665891647339 -0.4370800852775574 0.37351712584495544 -0.11109188944101334 1.087834119796753 -0.09811372209415362 0.09386996828716662 0.8889908881656707 0.4373297646545103 0.39822763204574585 -0.09803373366594315 1.099407434463501 -0.07366161899818852 0.19070194498183518 0.8873354965944589 0.41333087675068486 0.40410566329956055 -0.07667187601327896 1.1051092147827148 -0.17546870829145372 0.19810938298440975 0.8725701806901021 0.41059063752770975 0.41139182448387146 -0.04785451665520668 1.0912035703659058 -0.21951309823775694 0.24222863644724743 0.8829481807984456 0.3369596223790702
0.3117903769016266 0.004359085112810135 1.010379672050476 -0.10324105019409083 -0.30697310399266536 -0.42201263301438313 0.8467668772778509 0.301136314868927 -0.11176930367946625 1.023709774017334 0.6677430868148804 0.49030336737632757 -0.3386765122413635 -0.4461167454719544 0.3706672489643097 -0.11170491576194763 1.0896122455596924 -0.21847489469578904 0.04029169482030184 0.8866225466366254 0.4056424752644662 0.39207586646080017 -0.0923585295677185 1.110315203666687 -0.2416484513851705 0.1655680598513287 0.8845343658358438 0.36303202948711755 0.39240777492523193 -0.07065653800964355 1.1165032386779785 -0.33797483207450557 0.1603416270428936 0.8529533196254291 0.36405258291601333 0.3985546827316284 -0.04142792895436287 1.1031956672668457 -0.37971103641713416 0.19115272391052118 0.8572526472464572 0.29051345931326
0.3126441538333893 0.0033855915535241365 1.0062569379806519 -0.03583307521196109 -0.34680696905115854 -0.4061227988074609 0.8446923595850052 0.3066258132457733 -0.11225759983062744 1.0100290775299072 0.6687562465667725 0.5383515357971191 -0.254541277885437 -0.44514214992523193 0.36529338359832764 -0.11449328809976578 1.0881930589675903 -0.3009819042814851 -0.01000461065579258 0.8648247595165859 0.4017312264969913 0.3819271922111511 -0.09103108197450638 1.1155080795288086 -0.3610594253272075 0.13589407062379835 0.8553821380335714 0.34567373678844454 0.3787686228752136 -0.06974849849939346 1.1211202144622803 -0.45028869007656086 0.12231473812149422 0.8125639433315792 0.3493122511988855 0.3859236538410187 -0.040592316538095474 1.1083874702453613 -0.4838131357839261 0.14417587791921946 0.8182097598831816 0.275083464733829
0.3128058612346649 0.0033261694479733706 1.0055644512176514 0.012446315091633393 -0.3747791351530563 -0.3887999666669716 0.8415582699222789 0.3116067349910736 -0.1113559678196907 1.004071593284607 0.6659337282180786 0.5736825466156006 -0.19342415034770966 -0.4358987510204316 0.35991939902305603 -0.11591454595327377 1.0893712043762207 -0.3607746105198894 -0.046403337899327 0.8396663473855663 0.4032975217674172 0.3710247874259949 -0.09109895676374435 1.119972825050354 -0.44455628725153146 0.10459446704228745 0.8198471228309027 0.34536992833878316 0.36720654368400574 -0.0685429722070694 1.125106692314148 -0.5297655895555412 0.09391627915553359 0.7718965053673497 0.33867966082155787 0.37439024448394775 -0.03909294679760933 1.1132886409759521 -0.5687372022339687 0.11246642651111684 0.7717270557507546 0.26139348682365376
0.31393736600875854 0.0029688954818993807 1.0054644346237183 0.040732709938294906 -0.39308039775369624 -0.3741350025584839 0.8389586542944651 0.31653258204460144 -0.11118589341640472 1.0025428533554077 0.6641688942909241 0.6018062233924866 -0.16026601195335388 -0.41355010867118835 0.35526323318481445 -0.11660732328891754 1.0918971300125122 -0.41078654174891416 -0.06530632591116516 0.8125193673545326 0.4084137998635027 0.36239996552467346 -0.09098357707262039 1.1233657598495483 -0.5061547618947975 0.08647167448174242 0.7835078451894064 0.349922051478132 0.359453946352005 -0.06697512418031693 1.1278449296951294 -0.5888764970628815 0.08085864936646457 0.7333669522517624 0.32993829879999886 0.3664351999759674 -0.03754960000514984 1.1162887811660767 -0.6301646302662022 0.09577491985938666 0.7287108817150156 0.2504000095548497
0.316244900226593 0.0018453138181939721 1.0041342973709106 0.03363020987983212 -0.39611977537456255 -0.370633304060451 0.8393980783131866 0.31902819871902466 -0.11265365779399872 1.0037322044372559 0.6685464978218079 0.613457977771759 -0.16675636172294617 -0.3858852684497833 0.35133159160614014 -0.11569355428218842 1.0956352949142456 -0.45256262956888615 -0.044774842233851364 0.7860000661667713 0.41879126595718935 0.35744568705558777 -0.0883784294128418 1.1259815692901611 -0.5502698243685049 0.1063416450680025 0.7483073929268269 0.3548668719970832 0.3571353554725647 -0.06413847953081131 1.1285922527313232 -0.6244470724013123 0.09907142665245816 0.7031805758142534 0.3252505503073776 0.3646746277809143 -0.035178035497665405 1.1160107851028442 -0.6619147886774556 0.10998309038150964 0.7008182760619869 0.24212870837377903
0.3174135684967041 0.0007246769964694977 1.0016276836395264 0.005631014906434696 -0.3984844529334167 -0.3745464816759853 0.8371937571055673 0.31684911251068115 -0.11413408815860748 1.0069111585617065 0.6844428181648254 0.6090012192726135 -0.18334349989891052 -0.35642775893211365 0.34536105394363403 -0.11245749890804291 1.1002932786941528 -0.4896327062313056 -0.004303813333304643 0.7597781989287578 0.4277598016291458 0.3528522551059723 -0.08347761631011963 1.1282455921173096 -0.5782849753251611 0.14368604035599075 0.7194050594517166 0.3569273926811207 0.35572075843811035 -0.059939585626125336 1.128741979598999 -0.6375988748111907 0.13057947212602591 0.6874645920091561 0.3221942199627617 0.36450764536857605 -0.03192702308297157 1.1144018173217773 -0.6735173660864676 0.14034807596497922 0.6865603699852727 0.23518471800170723
0.31863319873809814 -0.0009078352595679462 0.9995023012161255 -0.011174858098112734 -0.4086392698000679 -0.3707041304161693 0.8339469669407451 0.31758880615234375 -0.11571213603019714 1.009403944015503 0.6927845478057861 0.6146670579910278 -0.19080251455307007 -0.3253127932548523 0.3408980369567871 -0.10912895202636719 1.1044665575027466 -0.5268311556746967 0.02174153947180278 0.7356471340862133 0.42520529485324643 0.34884586930274963 -0.07904402166604996 1.1303486824035645 -0.6061961744126666 0.1656253065322434 0.6939962995552199 0.3513738865083647 0.35420408844947815 -0.05670294538140297 1.1292873620986938 -0.6490350223050391 0.14545307579607228 0.6769932631523491 0.31508275087649396 0.3639524579048157 -0.028975000604987144 1.1137689352035522 0.6839179992675781 -0.15748587250709534 -0.6765581369400024 -0.22298760712146756
0.3213157653808594 -0.00246473029255867 0.9983919262886047 0.002078235190779058 -0.43824304023095306 -0.35651797766331633 0.8251264526999293 0.3241645097732544 -0.11727991700172424 1.0104260444641113 0.6898647546768188 0.6434144973754883 -0.17568913102149963 -0.2814916670322418 0.3363593816757202 -0.1073065847158432 1.1074227094650269 -0.5741235929174965 0.013443797169487091 0.7068613517168594 0.4129749930653375 0.3426356613636017 -0.07677346467971802 1.1324435472488403 -0.6446831538301581 0.1549553636619153 0.665837251772275 0.342101564349409 0.34884870052337646 -0.055478256195783615 1.1309916973114014 0.6756908297538757 -0.1293048858642578 -0.6579138040542603 -0.3063845634460449 0.35978588461875916 -0.027219390496611595 1.1157063245773315 0.7066650390625 -0.14713948965072632 -0.659575343132019 -0.20960694551467896
0.32161468267440796 -0.002743341028690338 0.9974587559700012 0.01809133735923531 -0.4645760733984332 -0.33751648420289293 0.8184891275662298 0.33053532242774963 -0.11739187687635422 1.012622594833374 0.6780274510383606 0.6763063073158264 -0.1733679324388504 -0.22985298931598663 0.3315986394882202 -0.10447529703378677 1.1094410419464111 -0.6136554094757225 0.0005545616879416885 0.6833360488338114 0.3955739064833483 0.3361457586288452 -0.07391418516635895 1.1336369514465332 0.6758670806884766 -0.13831031322479248 -0.6448496580123901 -0.32900291681289673 0.3424238860607147 -0.053301963955163956 1.1320626735687256 0.6979921460151672 -0.10817480087280273 -0.6439554691314697 -0.29398414492607117 0.35389527678489685 -0.024492647498846054 1.1171047687530518 0.7257452011108398 -0.13129618763923645 -0.6466975808143616 -0.19451895356178284
0.32161468267440796 -0.002743341028690338 0.9974587559700012 0.01809133735923531 -0.4645760733984332 -0.33751648420289293 0.8184891275662298 0.33053532242774963 -0.11739187687635422 1.012622594833374 0.6780274510383606 0.6763063073158264 -0.1733679324388504 -0.22985298931598663 0.3315986394882202 -0.10447529703378677 1.1094410419464111 -0.6136554094757225 0.0005545616879416885 0.6833360488338114 0.3955739064833483 0.3361457586288452 -0.07391418516635895 1.1336369514465332 0.6758670806884766 -0.13831031322479248 -0.6448496580123901 -0.32900291681289673 0.3424238860607147 -0.053301963955163956 1.1320626735687256 0.6979921460151672 -0.10817480087280273 -0.6439554691314697 -0.29398414492607117 0.35389527678489685 -0.024492647498846054 1.1171047687530518 0.7257452011108398 -0.13129618763923645 -0.6466975808143616 -0.19451895356178284
0.32161468267440796 -0.002743341028690338 0.9974587559700012 0.01809133735923531 -0.4645760733984332 -0.33751648420289293 0.8184891275662298 0.33053532242774963 -0.11739187687635422 1.012622594833374 0.6780274510383606 0.6763063073158264 -0.1733679324388504 -0.22985298931598663 0.3315986394882202 -0.10447529703378677 1.1094410419464111 -0.6136554094757225 0.0005545616879416885 0.6833360488338114 0.3955739064833483 0.3361457586288452 -0.07391418516635895 1.1336369514465332 0.6758670806884766 -0.13831031322479248 -0.6448496580123901 -0.32900291681289673 0.3424238860607147 -0.053301963955163956 1.1320626735687256 0.6979921460151672 -0.10817480087280273 -0.6439554691314697 -0.29398414492607117 0.35389527678489685 -0.024492647498846054 1.1171047687530518 0.7257452011108398 -0.13129618763923645 -0.6466975808143616 -0.19451895356178284
0.32161468267440796 -0.002743341028690338 0.9974587559700012 0.01809133735923531 -0.4645760733984332 -0.33751648420289293 0.8184891275662298 0.33053532242774963 -0.11739187687635422 1.012622594833374 0.6780274510383606 0.6763063073158264 -0.1733679324388504 -0.22985298931598663 0.3315986394882202 -0.10447529703378677 1.1094410419464111 -0.6136554094757225 0.0005545616879416885 0.6833360488338114 0.3955739064833483 0.3361457586288452 -0.07391418516635895 1.1336369514465332 0.6758670806884766 -0.13831031322479248 -0.6448496580123901 -0.32900291681289673 0.3424238860607147 -0.053301963955163956 1.1320626735687256 0.6979921460151672 -0.10817480087280273 -0.6439554691314697 -0.29398414492607117 0.35389527678489685 -0.024492647498846054 1.1171047687530518 0.7257452011108398 -0.13129618763923645 -0.6466975808143616 -0.19451895356178284
0.32161468267440796 -0.002743341028690338 0.9974587559700012 0.01809133735923531 -0.4645760733984332 -0.33751648420289293 0.8184891275662298 0.33053532242774963 -0.11739187687635422 1.012622594833374 0.6780274510383606 0.6763063073158264 -0.1733679324388504 -0.22985298931598663 0.3315986394882202 -0.10447529703378677 1.1094410419464111 -0.6136554094757225 0.0005545616879416885 0.6833360488338114 0.3955739064833483 0.3361457586288452 -0.07391418516635895 1.1336369514465332 0.6758670806884766 -0.13831031322479248 -0.6448496580123901 -0.32900291681289673 0.3424238860607147 -0.053301963955163956 1.1320626735687256 0.6979921460151672 -0.10817480087280273 -0.6439554691314697 -0.29398414492607117 0.35389527678489685 -0.024492647498846054 1.1171047687530518 0.7257452011108398 -0.13129618763923645 -0.6466975808143616 -0.19451895356178284
0.32196637988090515 -0.002690484281629324 0.9971095323562622 0.029662831699529543 -0.4863457529197386 -0.3252050775948313 0.8104502213541303 0.3358880579471588 -0.11695995181798935 1.0150790214538574 0.6654481887817383 0.7031863927841187 -0.17165836691856384 -0.18232154846191406 0.32643795013427734 -0.10217324644327164 1.1110081672668457 -0.6447373020879736 -0.008598240598830827 0.6606026259823039 0.38450534805232595 0.3300502598285675 -0.07183581590652466 1.1345841884613037 0.697688102722168 -0.1254473626613617 -0.6276576519012451 -0.321776807308197 0.3364807069301605 -0.05104659125208855 1.1331487894058228 0.7164740562438965 -0.09645834565162659 -0.6299230456352234 -0.2838270366191864 0.3484446406364441 -0.02254055254161358 1.118353009223938 0.7410788536071777 -0.12139478325843812 -0.6337117552757263 -0.18567414581775668
0.3216498792171478 -0.002608872950077057 0.9985275268554688 0.05879401357827247 -0.5591245722239778 -0.27578013349885455 0.7796590200728051 0.34846267104148865 -0.11331266909837723 1.0283478498458862 0.6268091201782227 0.7609237432479858 -0.16084863245487213 -0.04725632071495056 0.3106072247028351 -0.09223279356956482 1.1191107034683228 0.7203108072280884 0.03788420557975769 -0.6101744174957275 -0.32772624492645264 0.310976505279541 -0.061664924025535583 1.1403028964996338 0.7546696662902832 -0.09366083145141602 -0.5869842767715454 -0.27776026725769043 0.31665894389152527 -0.04004591330885887 1.1386197805404663 0.7701219320297241 -0.07317647337913513 -0.5903754830360413 -0.23024831712245944 0.32976678013801575 -0.012010190635919571 1.12367582321167 0.7846490144729614 -0.11088055372238159 -0.5950970649719238 -0.13375705480575562
0.3211783468723297 -0.002094365656375885 0.9989275932312012 0.042394135276263914 -0.5636781966548786 -0.2761186910366679 0.7773211487748816 0.3453267216682434 -0.11245017498731613 1.0324896574020386 0.6360855102539062 0.7513632774353027 -0.17180819809436798 -0.03647667169570923 0.3077925443649292 -0.08797536790370941 1.122050166130066 0.7262054681777954 0.02150002121925354 -0.6062678098678589 -0.32342350482940674 0.3089125156402588 -0.05697008594870567 1.142331838607788 0.7578892707824707 -0.1096542775630951 -0.5819908976554871 -0.2736169099807739 0.31555628776550293 -0.035723619163036346 1.1400599479675293 0.7709931135177612 -0.088494211435318 -0.5888081192970276 -0.22592823207378387 0.329391747713089 -0.007999803870916367 1.1243482828140259 0.7836438417434692 -0.12894317507743835 -0.5940731167793274 -0.12787885963916779
0.32071900367736816 -0.0011173232924193144 0.9989884495735168 0.018457502442509845 -0.5659767486138638 -0.2828016329516554 0.7741788493251698 0.33806878328323364 -0.11094372719526291 1.0386234521865845 0.6586372256278992 0.7272339463233948 -0.1924169361591339 -0.017428018152713776 0.3045477271080017 -0.08270751684904099 1.1249383687973022 0.7292813062667847 -0.0033444464206695557 -0.6027867794036865 -0.3237064480781555 0.3071325421333313 -0.05115746334195137 1.144171118736267 0.7585520148277283 -0.13476687669754028 -0.5761417150497437 -0.27294206619262695 0.3149639070034027 -0.03033502772450447 1.141192078590393 0.7705307006835938 -0.11341366171836852 -0.5853689908981323 -0.225306361913681 0.3299589455127716 -0.0034733160864561796 1.124556541442871 0.7796953916549683 -0.1546972692012787 -0.5933763384819031 -0.12668177485466003
0.31945621967315674 7.051229476928711e-05 1.0004725456237793 -0.02707111808359312 -0.553192133129878 -0.3021026819481412 0.7758734303955463 0.32797279953956604 -0.10869064927101135 1.0461935997009277 0.6857144832611084 0.6895966529846191 -0.2324768751859665 -0.014379188418388367 0.30298182368278503 -0.07543894648551941 1.1304223537445068 0.7199307680130005 -0.05261555314064026 -0.6071099638938904 -0.33218783140182495 0.3094193935394287 -0.043356917798519135 1.1482237577438354 0.7436786890029907 -0.18331873416900635 -0.5802393555641174 -0.27687281370162964 0.3201102912425995 -0.023919858038425446 1.1443054676055908 0.7458683252334595 -0.1584242880344391 -0.6039829254150391 -0.23191991448402405 0.3362307548522949 0.0014660097658634186 1.1258735656738281 0.751581609249115 -0.19928216934204102 -0.614570677280426 -0.1330961287021637
0.31768226623535156 0.0017385557293891907 1.002800703048706 -0.08969956441493225 -0.5258015875989761 -0.33111666913471993 0.7783626487132119 0.31611743569374084 -0.10495404154062271 1.0546776056289673 0.7153481245040894 0.6380150318145752 -0.28317469358444214 -0.032031044363975525 0.3038453161716461 -0.06645994633436203 1.1372957229614258 0.6970568895339966 -0.12123414874076843 -0.615861177444458 -0.3465963304042816 0.31617915630340576 -0.034741517156362534 1.1531329154968262 0.7091296315193176 -0.24815522134304047 -0.594730019569397 -0.2860953211784363 0.33010348677635193 -0.017421938478946686 1.1476057767868042 0.7004489302635193 -0.2194283902645111 -0.6329964399337769 -0.2460448145866394 0.34755629301071167 0.0055350661277771 1.1267943382263184 0.7062440514564514 -0.2588444650173187 -0.6428450345993042 -0.1448073834180832
0.31508827209472656 0.004239212721586227 1.006015419960022 -0.17998925903354335 -0.4712284986694334 -0.37667097724399545 0.7769597957932473 0.3017301559448242 -0.09817801415920258 1.0656484365463257 0.7454433441162109 0.5576968193054199 -0.35661065578460693 -0.07821409404277802 0.30878278613090515 -0.055533282458782196 1.1452221870422363 0.6495020389556885 -0.22261300683021545 -0.625342607498169 -0.37086009979248047 0.3294695317745209 -0.025948230177164078 1.1576018333435059 0.6443844437599182 -0.3421481251716614 -0.6128783822059631 -0.3034525215625763 0.34682485461235046 -0.013197343796491623 1.1492669582366943 -0.6218089855032145 0.3043398149450606 0.667058123268754 0.27525351852529917 0.36626073718070984 0.005520181730389595 1.125101923942566 -0.6241907237032236 0.34063195415634867 0.6826465281067182 0.16837367002504425
0.3113941550254822 0.005366269499063492 1.008355736732483 -0.300382794037825 -0.38271179933904054 -0.4262054578008125 0.7626603218107498 0.28737425804138184 -0.08850410580635071 1.0793135166168213 0.7635664343833923 0.43972474336624146 -0.44901803135871887 -0.1482948511838913 0.3209110200405121 -0.04479477182030678 1.151292085647583 -0.5688876189299709 0.3569781357186052 0.629129736930636 0.39131741631905337 0.3505626916885376 -0.020294712856411934 1.1571905612945557 -0.5444267683698937 0.46408124383458355 0.623331504765434 0.3157311000580847 0.36924201250076294 -0.015149515122175217 1.144496202468872 -0.50709109977404 0.41294430155487727 0.690460488642006 0.3091925714277318 0.38856714963912964 -0.003926552832126617 1.1153156757354736 -0.48875256931810235 0.4360721071946854 0.7264635628452144 0.20787671020795587
0.3113941550254822 0.005366269499063492 1.008355736732483 -0.300382794037825 -0.38271179933904054 -0.4262054578008125 0.7626603218107498 0.28737425804138184 -0.08850410580635071 1.0793135166168213 0.7635664343833923 0.43972474336624146 -0.44901803135871887 -0.1482948511838913 0.3209110200405121 -0.04479477182030678 1.151292085647583 -0.5688876189299709 0.3569781357186052 0.629129736930636 0.39131741631905337 0.3505626916885376 -0.020294712856411934 1.1571905612945557 -0.5444267683698937 0.46408124383458355 0.623331504765434 0.3157311000580847 0.36924201250076294 -0.015149515122175217 1.144496202468872 -0.50709109977404 0.41294430155487727 0.690460488642006 0.3091925714277318 0.38856714963912964 -0.003926552832126617 1.1153156757354736 -0.48875256931810235 0.4360721071946854 0.7264635628452144 0.20787671020795587
0.30340108275413513 0.010030586272478104 1.0151060819625854 -0.48190564579811634 -0.2297558965089405 -0.4743132358445489 0.7000043891972688 0.27290576696395874 -0.06477393209934235 1.1059043407440186 0.7493010759353638 0.21788400411605835 -0.570500373840332 -0.25613272190093994 0.3435497283935547 -0.031157013028860092 1.1567531824111938 -0.41255047497729436 0.5496973339433682 0.604816919756791 0.40228277035646953 0.3803181052207947 -0.017778748646378517 1.150654911994934 -0.36579421162605286 0.6346800923347473 0.6022448539733887 0.31729656457901 0.3947058320045471 -0.02973494678735733 1.1313363313674927 -0.2927238466166575 0.5587576208344708 0.687119196419238 0.36051371584187836 0.4034293293952942 -0.042050428688526154 1.0929381847381592 -0.1654106443904526 0.5078798275607469 0.7671906144030936 0.35512803188858616
0.30175429582595825 0.013924866914749146 1.0181442499160767 -0.5394974015623104 -0.16793783820699576 -0.4916571020280407 0.6625803984850006 0.27040478587150574 -0.05361441522836685 1.1148401498794556 0.732415497303009 0.12588804960250854 -0.5974597930908203 -0.3012668490409851 0.3511562943458557 -0.028746627271175385 1.1572290658950806 -0.3431006073951721 0.6096946597099304 0.5834784507751465 0.4124408960342407 0.3885565400123596 -0.020302481949329376 1.1472290754318237 -0.2914750576019287 0.6871690154075623 0.5818015933036804 0.3230295181274414 0.39757296442985535 -0.04250771179795265 1.1252330541610718 -0.1839002714029392 0.5877366330158345 0.6766025210002607 0.4036772321214914 0.39232683181762695 -0.06406852602958679 1.0813946723937988 0.006070665534531918 0.48024172879594657 0.7445610233773066 0.46363783920844137
0.3011380434036255 0.017275258898735046 1.020672082901001 -0.5950501269763361 -0.10343599849014316 -0.507109489177115 0.6148628873749186 0.2700405716896057 -0.041877761483192444 1.1233088970184326 0.7108726501464844 0.028904706239700317 -0.6136144995689392 -0.34249377250671387 0.3581913113594055 -0.02697184309363365 1.1569709777832031 -0.276306688785553 0.6706161499023438 0.5475022792816162 0.417336642742157 0.39514583349227905 -0.024726465344429016 1.1431716680526733 -0.2139187753200531 0.7370679378509521 0.5505441427230835 0.32843679189682007 0.3945081830024719 -0.05645950883626938 1.119362235069275 -0.07333015055968883 0.609076212138061 0.6465833115289816 0.4534079660922477 0.3720363974571228 -0.07902300357818604 1.0730202198028564 0.1453055441379547 0.4507378041744232 0.6785485744476318 0.5615100264549255
0.3025458753108978 0.020691566169261932 1.0229970216751099 -0.6397178558530576 -0.0353836471486909 -0.521254798279212 0.5637399285359171 0.272659033536911 -0.031137313693761826 1.1302285194396973 0.682105541229248 -0.06045520305633545 -0.620043158531189 -0.38291478157043457 0.36494922637939453 -0.027326498180627823 1.1561453342437744 -0.21074572205543518 0.7233972549438477 0.5054550766944885 0.420473575592041 0.40038537979125977 -0.032211463898420334 1.1387232542037964 -0.13189390301704407 0.7767103910446167 0.5170919895172119 0.334575891494751 0.38757315278053284 -0.06887681782245636 1.114607572555542 0.030762167647480965 0.6201795339584351 0.601832389831543 0.5022239685058594 0.35776638984680176 -0.08426802605390549 1.0721497535705566 0.219014510512352 0.46151113510131836 0.6063361167907715 0.6094233989715576
0.305325984954834 0.022259771823883057 1.0248256921768188 0.6804761290550232 -0.023235319182276726 0.5402601957321167 -0.49450099468231207 0.2767290472984314 -0.018753770738840103 1.1372745037078857 0.6547079682350159 -0.15308469533920288 -0.615659773349762 -0.4109570384025574 0.3700399696826935 -0.02605818584561348 1.1568132638931274 -0.15392333269119263 0.779863178730011 0.44352573156356806 0.41401213407516474 0.4018099904060364 -0.039439231157302856 1.1373441219329834 -0.05555089935660362 0.8157964944839478 0.463997483253479 0.34072914719581604 0.3735663890838623 -0.0799945667386055 1.1141183376312256 0.1352318525314331 0.6134493947029114 0.5340552926063538 0.5658420324325562 0.33716800808906555 -0.08757694065570831 1.075225830078125 0.2951568365097046 0.4360632300376892 0.5071464776992798 0.682300329208374
0.30864405632019043 0.022640608251094818 1.0258375406265259 0.7114986181259155 -0.07853752374649048 0.5556966066360474 -0.4228507876396179 0.28306645154953003 -0.007450353354215622 1.142479658126831 0.6276698112487793 -0.24195250868797302 -0.6002615690231323 -0.43263792991638184 0.3752318024635315 -0.026714369654655457 1.1563694477081299 -0.09335020184516907 0.8260791301727295 0.3836519718170166 0.4021071493625641 0.40174999833106995 -0.04893212765455246 1.134914517402649 0.02996152825653553 0.8431901931762695 0.41440349817276 0.34117814898490906 0.35691624879837036 -0.08723058551549911 1.1155058145523071 0.21834376454353333 0.5971235036849976 0.45670580863952637 0.6222453117370605 0.31284692883491516 -0.08526688069105148 1.0789999961853027 0.3565311133861542 0.37609466910362244 0.3833749294281006 0.7645012140274048
0.3103640377521515 0.0225498229265213 1.0257294178009033 0.7392366528511047 -0.13014519214630127 0.5557341575622559 -0.3574225902557373 0.29098817706108093 0.002736937254667282 1.1456196308135986 0.6051395535469055 -0.32896342873573303 -0.5757984519004822 -0.440505713224411 0.38148850202560425 -0.028398193418979645 1.1532343626022339 -0.03347787261009216 0.8619232177734375 0.33276480436325073 0.38109704852104187 0.40103253722190857 -0.058497898280620575 1.1294987201690674 0.1165623664855957 0.8597015738487244 0.37222838401794434 0.3298068046569824 0.3428666591644287 -0.09016606211662292 1.1161869764328003 0.2799135446548462 0.5902575254440308 0.3837301433086395 0.652683436870575 0.2942272424697876 -0.07832656800746918 1.0822863578796387 0.3902072608470916 0.33246037364006037 0.26819097995758057 0.8156481981277466
0.31145763397216797 0.023090191185474396 1.0254826545715332 0.758603572845459 -0.1724609136581421 0.5515611171722412 -0.3009287714958191 0.29806411266326904 0.0112248994410038 1.1471754312515259 0.5805608034133911 -0.3967771828174591 -0.5524207949638367 -0.4476028084754944 0.38617292046546936 -0.02982790395617485 1.150134563446045 0.017945824190974236 0.8860430121421814 0.2896310091018677 0.3615517020225525 0.3977098762989044 -0.06568367779254913 1.1259461641311646 0.18842521309852603 0.8647772073745728 0.33344820141792303 0.3247595429420472 0.3291013240814209 -0.08939672261476517 1.1176098585128784 0.3285585343837738 0.5707650780677795 0.31547608971595764 0.6831921339035034 0.28009358048439026 -0.06751326471567154 1.0857560634613037 0.40207964181900024 0.28620636463165283 0.15667620301246643 0.8554942607879639
0.31212085485458374 0.023871958255767822 1.024846076965332 0.7731684446334839 -0.20161548256874082 0.5428141355514526 -0.2586786150932312 0.3049808740615845 0.017933785915374756 1.147487998008728 0.559572696685791 -0.4460758566856384 -0.5365633368492126 -0.44720759987831116 0.39044561982154846 -0.03036428987979889 1.1468251943588257 0.05485275015234947 0.9017162322998047 0.25757700204849243 0.3428604006767273 0.39464086294174194 -0.06999164819717407 1.1233550310134888 0.24073335528373718 0.8641655445098877 0.30226626992225647 0.32233622670173645 0.31839191913604736 -0.08627653121948242 1.118651270866394 0.36067482829093933 0.5470086932182312 0.25953227281570435 0.709463357925415 0.27197325229644775 -0.05568018555641174 1.0880675315856934 0.39670661091804504 0.2424672544002533 0.05717754364013672 0.8834955096244812
0.31212085485458374 0.023871958255767822 1.024846076965332 0.7731684446334839 -0.20161548256874082 0.5428141355514526 -0.2586786150932312 0.3049808740615845 0.017933785915374756 1.147487998008728 0.559572696685791 -0.4460758566856384 -0.5365633368492126 -0.44720759987831116 0.39044561982154846 -0.03036428987979889 1.1468251943588257 0.05485275015234947 0.9017162322998047 0.25757700204849243 0.3428604006767273 0.39464086294174194 -0.06999164819717407 1.1233550310134888 0.24073335528373718 0.8641655445098877 0.30226626992225647 0.32233622670173645 0.31839191913604736 -0.08627653121948242 1.118651270866394 0.36067482829093933 0.5470086932182312 0.25953227281570435 0.709463357925415 0.27197325229644775 -0.05568018555641174 1.0880675315856934 0.39670661091804504 0.2424672544002533 0.05717754364013672 0.8834955096244812
0.3144407868385315 0.025596678256988525 1.0223859548568726 0.7912008166313171 -0.23063451051712033 0.5285286903381348 -0.20363330841064453 0.3167455494403839 0.02711770310997963 1.1454203128814697 0.5387224555015564 -0.5093997716903687 -0.5120261907577515 -0.4337271749973297 0.39912787079811096 -0.028428450226783752 1.1402578353881836 0.09293407201766968 0.9214670062065125 0.21565024554729462 0.30944621562957764 0.3841331899166107 -0.07510682940483093 1.1243866682052612 0.3231706917285919 0.8300372362136841 0.2464486062526703 0.38191911578178406 0.299468994140625 -0.0750262439250946 1.1186509132385254 0.38957342505455017 0.46089550852775574 0.16580668091773987 0.7799462080001831 0.2670617401599884 -0.035216595977544785 1.0859580039978027 0.3669812083244324 0.14033931493759155 -0.08786839246749878 0.9153736233711243
0.3144407868385315 0.025596678256988525 1.0223859548568726 0.7912008166313171 -0.23063451051712033 0.5285286903381348 -0.20363330841064453 0.3167455494403839 0.02711770310997963 1.1454203128814697 0.5387224555015564 -0.5093997716903687 -0.5120261907577515 -0.4337271749973297 0.39912787079811096 -0.028428450226783752 1.1402578353881836 0.09293407201766968 0.9214670062065125 0.21565024554729462 0.30944621562957764 0.3841331899166107 -0.07510682940483093 1.1243866682052612 0.3231706917285919 0.8300372362136841 0.2464486062526703 0.38191911578178406 0.299468994140625 -0.0750262439250946 1.1186509132385254 0.38957342505455017 0.46089550852775574 0.16580668091773987 0.7799462080001831 0.2670617401599884 -0.035216595977544785 1.0859580039978027 0.3669812083244324 0.14033931493759155 -0.08786839246749878 0.9153736233711243
0.3144407868385315 0.025596678256988525 1.0223859548568726 0.7912008166313171 -0.23063451051712033 0.5285286903381348 -0.20363330841064453 0.3167455494403839 0.02711770310997963 1.1454203128814697 0.5387224555015564 -0.5093997716903687 -0.5120261907577515 -0.4337271749973297 0.39912787079811096 -0.028428450226783752 1.1402578353881836 0.09293407201766968 0.9214670062065125 0.21565024554729462 0.30944621562957764 0.3841331899166107 -0.07510682940483093 1.1243866682052612 0.3231706917285919 0.8300372362136841 0.2464486062526703 0.38191911578178406 0.299468994140625 -0.0750262439250946 1.1186509132385254 0.38957342505455017 0.46089550852775574 0.16580668091773987 0.7799462080001831 0.2670617401599884 -0.035216595977544785 1.0859580039978027 0.3669812083244324 0.14033931493759155 -0.08786839246749878 0.9153736233711243
0.3144407868385315 0.025596678256988525 1.0223859548568726 0.7912008166313171 -0.23063451051712033 0.5285286903381348 -0.20363330841064453 0.3167455494403839 0.02711770310997963 1.1454203128814697 0.5387224555015564 -0.5093997716903687 -0.5120261907577515 -0.4337271749973297 0.39912787079811096 -0.028428450226783752 1.1402578353881836 0.09293407201766968 0.9214670062065125 0.21565024554729462 0.30944621562957764 0.3841331899166107 -0.07510682940483093 1.1243866682052612 0.3231706917285919 0.8300372362136841 0.2464486062526703 0.38191911578178406 0.299468994140625 -0.0750262439250946 1.1186509132385254 0.38957342505455017 0.46089550852775574 0.16580668091773987 0.7799462080001831 0.2670617401599884 -0.035216595977544785 1.0859580039978027 0.3669812083244324 0.14033931493759155 -0.08786839246749878 0.9153736233711243
0.3144407868385315 0.025596678256988525 1.0223859548568726 0.7912008166313171 -0.23063451051712033 0.5285286903381348 -0.20363330841064453 0.3167455494403839 0.02711770310997963 1.1454203128814697 0.5387224555015564 -0.5093997716903687 -0.5120261907577515 -0.4337271749973297 0.39912787079811096 -0.028428450226783752 1.1402578353881836 0.09293407201766968 0.9214670062065125 0.21565024554729462 0.30944621562957764 0.3841331899166107 -0.07510682940483093 1.1243866682052612 0.3231706917285919 0.8300372362136841 0.2464486062526703 0.38191911578178406 0.299468994140625 -0.0750262439250946 1.1186509132385254 0.38957342505455017 0.46089550852775574 0.16580668091773987 0.7799462080001831 0.2670617401599884 -0.035216595977544785 1.0859580039978027 0.3669812083244324 0.14033931493759155 -0.08786839246749878 0.9153736233711243
0.32235217094421387 0.030355103313922882 1.0165879726409912 0.7915182113647461 -0.311954528093338 0.5176881551742554 -0.0904560387134552 0.33359208703041077 0.03591752052307129 1.1393964290618896 -0.45687904953956604 0.598038375377655 0.44919896125793457 0.4814894497394562 0.3905457854270935 -0.04808150976896286 1.1296665668487549 0.3088425397872925 0.8708000183105469 0.16757740080356598 0.3438624143600464 0.30432599782943726 -0.051548294723033905 1.139406681060791 0.43038335442543024 0.45813325047492975 0.0067287981510162345 0.7777140140533447 0.2664669454097748 -0.017329689115285873 1.1029508113861084 0.3211301267147064 0.0784890428185463 -0.15924474596977234 0.9302451610565186 0.2744012773036957 0.0009934119880199432 1.0771353244781494 0.2427597939968109 -0.07982584089040756 -0.3525458872318268 0.9002261161804199
0.3223617672920227 0.031338222324848175 1.0151164531707764 0.7951695322990417 -0.31611865758895874 0.5116860866546631 -0.07714764773845673 0.33836629986763 0.03717503324151039 1.1375045776367188 -0.4413754343986511 0.6105976104736328 0.4544147253036499 0.47525322437286377 0.37986069917678833 -0.04944545775651932 1.1329692602157593 0.3473033308982849 0.8293227553367615 0.14915278553962708 0.411531001329422 0.29418647289276123 -0.04000942409038544 1.1361955404281616 0.4113659560680389 0.3756777942180633 -0.03454357385635376 0.8297294974327087 0.26822757720947266 -0.006784360855817795 1.0977832078933716 0.2806587815284729 0.004109501838684082 -0.21625843644142154 0.9351181983947754 0.2770756781101227 0.005285337567329407 1.0745536088943481 0.21105888485908508 -0.11945231258869171 -0.3849293291568756 0.8905137777328491
0.32116955518722534 0.03202327340841293 1.01454496383667 0.8028556108474731 -0.3093355596065521 0.5039345026016235 -0.07605613768100739 0.34227389097213745 0.036851219832897186 1.1362907886505127 -0.42945969104766846 0.6138200759887695 0.47318536043167114 0.4635571241378784 0.36588603258132935 -0.04731535166501999 1.138493299484253 0.3635658621788025 0.7722911238670349 0.13244031369686127 0.5038313865661621 0.28574201464653015 -0.029493533074855804 1.1304161548614502 0.3830692172050476 0.2861652374267578 -0.06041964888572693 0.8761945962905884 0.27059271931648254 0.00021639466285705566 1.091933012008667 0.24336251616477966 -0.06754030287265778 -0.2523384392261505 0.9340977668762207 0.2795185446739197 0.006631338968873024 1.0723397731781006 0.18003302812576294 -0.16246797144412994 -0.4004131257534027 0.8836638331413269
0.32082757353782654 0.03176331892609596 1.0141488313674927 0.8040530681610107 -0.29615703225135803 0.5087118148803711 -0.08367787301540375 0.3424279987812042 0.034581515938043594 1.1357585191726685 -0.42293673753738403 0.60038161277771 0.49282872676849365 0.46667584776878357 0.3469882607460022 -0.04201159253716469 1.1444127559661865 0.3555672764778137 0.6931628584861755 0.11850222945213318 0.6156740188598633 0.2766396105289459 -0.0184735469520092 1.120887041091919 0.34320768713951105 0.16709050536155698 -0.0832487642765045 0.9205210208892822 0.27175644040107727 0.004341224208474159 1.0856636762619019 0.21741412580013278 -0.13257195055484772 -0.2706216871738434 0.9283963441848755 0.2809543013572693 0.005880925804376602 1.0691479444503784 0.1615900844335556 -0.21370545029640195 -0.4002725481986999 0.876356303691864
0.32082757353782654 0.03176331892609596 1.0141488313674927 0.8040530681610107 -0.29615703225135803 0.5087118148803711 -0.08367787301540375 0.3424279987812042 0.034581515938043594 1.1357585191726685 -0.42293673753738403 0.60038161277771 0.49282872676849365 0.46667584776878357 0.3469882607460022 -0.04201159253716469 1.1444127559661865 0.3555672764778137 0.6931628584861755 0.11850222945213318 0.6156740188598633 0.2766396105289459 -0.0184735469520092 1.120887041091919 0.34320768713951105 0.16709050536155698 -0.0832487642765045 0.9205210208892822 0.27175644040107727 0.004341224208474159 1.0856636762619019 0.21741412580013278 -0.13257195055484772 -0.2706216871738434 0.9283963441848755 0.2809543013572693 0.005880925804376602 1.0691479444503784 0.1615900844335556 -0.21370545029640195 -0.4002725481986999 0.876356303691864
0.32111841440200806 0.0325002521276474 1.0142451524734497 0.7969092130661011 -0.3053724765777588 0.5155351758003235 -0.07685606181621552 0.3428508937358856 0.03196275979280472 1.135634422302246 -0.3989477753639221 0.5965056419372559 0.49901142716407776 0.48580798506736755 0.32055729627609253 -0.03232010453939438 1.145914077758789 0.35895779728889465 0.5512136220932007 0.0632636547088623 0.7505401968955994 0.27009475231170654 -0.005079835653305054 1.1103196144104004 0.3059566915035248 0.03066746890544891 -0.139020174741745 0.9413412809371948 0.2730531394481659 0.00998515821993351 1.0804320573806763 0.18878895044326782 -0.20532819628715515 -0.30773016810417175 0.9096709489822388 0.2819303274154663 0.007897989824414253 1.066035270690918 0.13412751257419586 -0.2775256633758545 -0.4230268597602844 0.8520784378051758
0.32116690278053284 0.032682210206985474 1.0153658390045166 0.7767572999000549 -0.3103187680244446 0.5428629517555237 -0.07516820728778839 0.3396279215812683 0.025771163403987885 1.136138677597046 -0.36890852451324463 0.5749707221984863 0.5144792199134827 0.518291711807251 0.277324914932251 -0.004549581557512283 1.1265301704406738 0.3171980381011963 0.16263794898986816 -0.05058324337005615 0.9329394102096558 0.26932626962661743 0.013586826622486115 1.0865963697433472 0.21814918518066403 -0.28588417172431946 -0.2345868349075317 0.9031336307525635 0.2760782241821289 0.014575790613889694 1.0698665380477905 0.12886925041675568 -0.3797681331634521 -0.3494805693626403 0.8467776775360107 0.2841787338256836 0.007182873785495758 1.0582977533340454 0.07084089517593384 -0.45560526847839355 -0.44392165541648865 0.7683353424072266
0.32116690278053284 0.032682210206985474 1.0153658390045166 0.7767572999000549 -0.3103187680244446 0.5428629517555237 -0.07516820728778839 0.3396279215812683 0.025771163403987885 1.136138677597046 -0.36890852451324463 0.5749707221984863 0.5144792199134827 0.518291711807251 0.277324914932251 -0.004549581557512283 1.1265301704406738 0.3171980381011963 0.16263794898986816 -0.05058324337005615 0.9329394102096558 0.26932626962661743 0.013586826622486115 1.0865963697433472 0.21814918518066403 -0.28588417172431946 -0.2345868349075317 0.9031336307525635 0.2760782241821289 0.014575790613889694 1.0698665380477905 0.12886925041675568 -0.3797681331634521 -0.3494805693626403 0.8467776775360107 0.2841787338256836 0.007182873785495758 1.0582977533340454 0.07084089517593384 -0.45560526847839355 -0.44392165541648865 0.7683353424072266
0.3197630047798157 0.0343925878405571 1.0153632164001465 0.7737430930137634 -0.2844462990760803 0.5542784333229065 -0.11483705043792725 0.33403709530830383 0.020793162286281586 1.1351654529571533 -0.3769823908805847 0.5128763318061829 0.5655263066291809 0.524425745010376 0.2701452970504761 0.012555018067359924 1.0950512886047363 0.2650400996208191 -0.21927659213542938 -0.1152029037475586 0.9318797588348389 0.27619630098342896 0.015029672533273697 1.074081301689148 0.18574033677577972 -0.474662184715271 -0.2528228759765625 0.8223607540130615 0.28113624453544617 0.01123443990945816 1.0611233711242676 0.10938685387372969 -0.519195020198822 -0.337909996509552 0.7773597836494446 0.28914859890937805 0.0011569559574127197 1.051422357559204 0.05378697067499161 -0.6022011041641235 -0.42114007472991943 0.6760932207107544
0.3187572956085205 0.035594068467617035 1.0160210132598877 0.7738610506057739 -0.2610648572444916 0.5580168962478638 -0.1469738930463791 0.3279728293418884 0.017103683203458786 1.1351003646850586 -0.38494688272476196 0.46282556653022766 0.5925043821334839 0.5353008508682251 0.2726261615753174 0.013736816123127937 1.0862624645233154 0.26586946845054626 -0.34429848194122314 -0.1161467432975769 0.8929064869880676 0.27812203764915466 0.012899719178676605 1.0714366436004639 0.1985069066286087 -0.5254330635070801 -0.24061664938926697 0.791592538356781 0.28323206305503845 0.008411595597863197 1.0584428310394287 0.12496865540742873 -0.5690722465515137 -0.31896960735321045 0.747528076171875 0.29178324341773987 -0.00155605748295784 1.0493171215057373 0.0747104063630104 -0.6482877731323242 -0.40420466661453247 0.6409056782722473
0.31706205010414124 0.0361027866601944 1.0156508684158325 0.7719525098800659 -0.2288813441991806 0.5617885589599609 -0.18999016284942627 0.3180040717124939 0.009083013981580734 1.1325331926345825 -0.38007432222366333 0.3692523241043091 0.6351401805877686 0.5619547367095947 0.2748648226261139 0.011180521920323372 1.0794296264648438 0.28824105858802795 -0.43636924028396606 -0.10203897953033447 0.8462192416191101 0.2791695296764374 0.008796591311693192 1.067845106124878 0.2281266450881958 -0.5676250457763672 -0.2186690866947174 0.7602262496948242 0.2851147949695587 0.00367862731218338 1.054593563079834 0.16121158003807068 -0.6182543039321899 -0.29192376136779785 0.7117254734039307 0.2944525182247162 -0.005318135023117065 1.0461487770080566 0.1151542440056801 -0.6891038417816162 -0.383785605430603 0.6038079857826233
0.31706205010414124 0.0361027866601944 1.0156508684158325 0.7719525098800659 -0.2288813441991806 0.5617885589599609 -0.18999016284942627 0.3180040717124939 0.009083013981580734 1.1325331926345825 -0.38007432222366333 0.3692523241043091 0.6351401805877686 0.5619547367095947 0.2748648226261139 0.011180521920323372 1.0794296264648438 0.28824105858802795 -0.43636924028396606 -0.10203897953033447 0.8462192416191101 0.2791695296764374 0.008796591311693192 1.067845106124878 0.2281266450881958 -0.5676250457763672 -0.2186690866947174 0.7602262496948242 0.2851147949695587 0.00367862731218338 1.054593563079834 0.16121158003807068 -0.6182543039321899 -0.29192376136779785 0.7117254734039307 0.2944525182247162 -0.005318135023117065 1.0461487770080566 0.1151542440056801 -0.6891038417816162 -0.383785605430603 0.6038079857826233
0.3108731210231781 0.03786277398467064 1.013222336769104 0.748520016670227 -0.11333432048559189 0.555625855922699 -0.34373387694358826 0.3041395843029022 -0.015018533915281296 1.1172133684158325 -0.3253263235092163 0.10124783962965012 0.7668797373771667 0.5438817143440247 0.28017687797546387 -0.0018924437463283539 1.0681617259979248 0.4193459451198578 -0.5438836812973022 -0.03275611996650696 0.7261312007904053 0.2870160937309265 -0.002807825803756714 1.0559784173965454 0.3639448285102844 -0.6697317957878113 -0.16470767557621002 0.6259991526603699 0.2945638597011566 -0.008088555186986923 1.043869972229004 0.3168160021305084 -0.701115608215332 -0.22255903482437134 0.5987755060195923 0.30620458722114563 -0.012778021395206451 1.0366863012313843 0.27423712611198425 -0.7472696304321289 -0.33892926573753357 0.5015068054199219
0.30651313066482544 0.038321420550346375 1.0103237628936768 0.7051467895507812 -0.00855579786002636 0.543243944644928 -0.4556104242801666 0.3033815920352936 -0.026973076164722443 1.104975938796997 -0.29642479681242484 -0.04792497638446564 0.8334801812822524 0.46383872855261976 0.28427520394325256 -0.010472819209098816 1.0598866939544678 0.5272433161735535 -0.5635001063346863 0.03617939352989197 0.63495934009552 0.29439833760261536 -0.00832754373550415 1.048636555671692 0.4841384291648865 -0.6971432566642761 -0.12954409420490265 0.5126593112945557 0.30408456921577454 -0.011592783033847809 1.0372159481048584 0.4401443302631378 -0.7211365699768066 -0.1796434372663498 0.5039476752281189 0.3167688548564911 -0.01311694085597992 1.0311938524246216 -0.4019433557987213 0.7500659823417664 0.3089362680912018 -0.424736350774765
0.3011017143726349 0.038620200008153915 1.0065717697143555 -0.6155098402377916 -0.12887247822549838 -0.5150345930408458 0.5824764630500452 0.3062370717525482 -0.03655388578772545 1.0921051502227783 -0.2920103646035654 -0.1984852292228855 0.8766028055857784 0.3269573757879183 0.29090818762779236 -0.017228402197360992 1.0495526790618896 0.6587094664573669 -0.5560773611068726 0.11465367674827576 0.4936946928501129 0.3033198416233063 -0.010708000510931015 1.0416771173477173 -0.6349361538887024 0.6759950518608093 0.09839098155498505 -0.3608408570289612 0.3154350519180298 -0.010122563689947128 1.0315356254577637 -0.5962322354316711 0.6984171271324158 0.13576917350292206 -0.37186986207962036 0.3283565044403076 -0.0074150823056697845 1.0272281169891357 -0.5654004216194153 0.7067227959632874 0.2718941569328308 -0.3270151615142822
0.2926473617553711 0.04070677608251572 1.003760576248169 -0.46155031486395287 -0.27718840221091856 -0.47460575917957576 0.6963385049189946 0.30838462710380554 -0.041757240891456604 1.080359697341919 -0.32251940944848606 -0.3572732107913945 0.8639935377647611 0.14782515978239388 0.29562634229660034 -0.018940448760986328 1.03951895236969 0.7862769365310669 -0.5067673921585083 0.18870288133621213 0.29890915751457214 0.30764201283454895 -0.008427992463111877 1.0366679430007935 0.7889819145202637 -0.5824273824691772 -0.06090144068002701 0.18594872951507568 0.32108137011528015 -0.0020202845335006714 1.0299519300460815 0.7586593627929688 -0.6127120852470398 -0.08793503791093826 0.20319291949272156 0.33272862434387207 0.005385775119066238 1.0284262895584106 0.7385191917419434 -0.6039233207702637 -0.22211728990077972 0.2013208419084549
0.2875097692012787 0.03883029520511627 1.0006821155548096 -0.2846141371232338 -0.41320069371086615 -0.4380303190411413 0.7459151375037043 0.30765360593795776 -0.04658021777868271 1.072704553604126 -0.3755451039916665 -0.4808153676409466 0.7918457009737908 -0.027619241911591215 0.2997671067714691 -0.020735204219818115 1.0327526330947876 0.8547464609146118 -0.426516056060791 0.2750120460987091 0.10890737175941467 0.30881229043006897 -0.007892277091741562 1.0342857837677002 0.8856731653213501 -0.4627233445644379 0.018498919904232025 0.03358457237482071 0.32107222080230713 0.0030572861433029175 1.0328797101974487 0.862636387348175 -0.5035210251808167 -0.01772225648164749 0.044846050441265106 0.3300209045410156 0.013362329453229904 1.034606695175171 0.8603286743164062 -0.4855380058288574 -0.1341525763273239 0.07804235816001892
0.28349265456199646 0.03706090524792671 1.0003238916397095 -0.08917237257725966 -0.5273895528214486 -0.39913109416287235 0.7447166314934801 0.3057112991809845 -0.051595013588666916 1.0669059753417969 -0.4219006051823677 -0.5799094320697461 0.6677826688385534 -0.19942750191071731 0.302907794713974 -0.021134067326784134 1.0298124551773071 0.8667007684707642 -0.3281606137752533 0.3672402501106263 -0.0792151540517807 0.30764272809028625 -0.0077329836785793304 1.0344576835632324 0.9266577959060669 -0.331499844789505 0.13805393874645233 -0.11115061491727828 0.31573671102523804 0.005744636058807373 1.0390114784240723 0.9185388684272766 -0.372932493686676 0.07395104318857193 -0.1083466112613678 0.32074010372161865 0.01707817241549492 1.0436404943466187 0.9342994093894958 -0.35315293073654175 -0.010669326409697533 -0.04747393727302551
0.27916258573532104 0.03436870127916336 0.9993042945861816 0.11282190443132628 -0.6053404680684056 -0.3308135797517438 0.7151199133649823 0.31010901927948 -0.05430202931165695 1.060947060585022 0.42734381556510925 0.6475085020065308 -0.5133606791496277 0.3668392300605774 0.30661287903785706 -0.019558575004339218 1.0282162427902222 0.8508143424987793 -0.195774644613266 0.41134417057037354 -0.2618839144706726 0.3071325421333313 -0.007124144583940506 1.0348180532455444 0.9202846884727478 -0.18028312921524048 0.2408256381750107 -0.2501544952392578 0.30858922004699707 0.00612594373524189 1.0428582429885864 0.9304847717285156 -0.2213242053985596 0.1573384702205658 -0.24588295817375186 0.30897441506385803 0.017231402918696404 1.0491619110107422 0.9586203098297119 -0.20142945647239682 0.1114094629883766 -0.1675150096416473
0.2921016216278076 0.035389989614486694 0.9913386702537537 0.07661381585264618 -0.5963310175606275 -0.3807183614123264 0.7025476491087307 0.31513288617134094 -0.0578225776553154 1.050764560699463 0.4612267315387726 0.6400540471076965 -0.5192121267318726 0.3286634683609009 0.31319504976272583 -0.022147007286548615 1.0185738801956177 0.8464025259017944 -0.2665671110153198 0.39256447553634644 -0.2417393922805786 0.316528856754303 -0.010175995528697968 1.0240757465362549 0.8925842642784119 -0.27596086263656616 0.2790176272392273 -0.22200933098793033 0.3196767568588257 0.0024340003728866577 1.0308831930160522 0.8961552381515503 -0.33204415440559387 0.20119468867778778 -0.21487975120544434 0.32180529832839966 0.01292106881737709 1.0374903678894043 0.9263766407966614 -0.31233447790145874 0.15911686420440674 -0.13767868280410767
0.2921016216278076 0.035389989614486694 0.9913386702537537 0.07661381585264618 -0.5963310175606275 -0.3807183614123264 0.7025476491087307 0.31513288617134094 -0.0578225776553154 1.050764560699463 0.4612267315387726 0.6400540471076965 -0.5192121267318726 0.3286634683609009 0.31319504976272583 -0.022147007286548615 1.0185738801956177 0.8464025259017944 -0.2665671110153198 0.39256447553634644 -0.2417393922805786 0.316528856754303 -0.010175995528697968 1.0240757465362549 0.8925842642784119 -0.27596086263656616 0.2790176272392273 -0.22200933098793033 0.3196767568588257 0.0024340003728866577 1.0308831930160522 0.8961552381515503 -0.33204415440559387 0.20119468867778778 -0.21487975120544434 0.32180529832839966 0.01292106881737709 1.0374903678894043 0.9263766407966614 -0.31233447790145874 0.15911686420440674 -0.13767868280410767
0.2921016216278076 0.035389989614486694 0.9913386702537537 0.07661381585264618 -0.5963310175606275 -0.3807183614123264 0.7025476491087307 0.31513288617134094 -0.0578225776553154 1.050764560699463 0.4612267315387726 0.6400540471076965 -0.5192121267318726 0.3286634683609009 0.31319504976272583 -0.022147007286548615 1.0185738801956177 0.8464025259017944 -0.2665671110153198 0.39256447553634644 -0.2417393922805786 0.316528856754303 -0.010175995528697968 1.0240757465362549 0.8925842642784119 -0.27596086263656616 0.2790176272392273 -0.22200933098793033 0.3196767568588257 0.0024340003728866577 1.0308831930160522 0.8961552381515503 -0.33204415440559387 0.20119468867778778 -0.21487975120544434 0.32180529832839966 0.01292106881737709 1.0374903678894043 0.9263766407966614 -0.31233447790145874 0.15911686420440674 -0.13767868280410767
0.2921016216278076 0.035389989614486694 0.9913386702537537 0.07661381585264618 -0.5963310175606275 -0.3807183614123264 0.7025476491087307 0.31513288617134094 -0.0578225776553154 1.050764560699463 0.4612267315387726 0.6400540471076965 -0.5192121267318726 0.3286634683609009 0.31319504976272583 -0.022147007286548615 1.0185738801956177 0.8464025259017944 -0.2665671110153198 0.39256447553634644 -0.2417393922805786 0.316528856754303 -0.010175995528697968 1.0240757465362549 0.8925842642784119 -0.27596086263656616 0.2790176272392273 -0.22200933098793033 0.3196767568588257 0.0024340003728866577 1.0308831930160522 0.8961552381515503 -0.33204415440559387 0.20119468867778778 -0.21487975120544434 0.32180529832839966 0.01292106881737709 1.0374903678894043 0.9263766407966614 -0.31233447790145874 0.15911686420440674 -0.13767868280410767
0.2921016216278076 0.035389989614486694 0.9913386702537537 0.07661381585264618 -0.5963310175606275 -0.3807183614123264 0.7025476491087307 0.31513288617134094 -0.0578225776553154 1.050764560699463 0.4612267315387726 0.6400540471076965 -0.5192121267318726 0.3286634683609009 0.31319504976272583 -0.022147007286548615 1.0185738801956177 0.8464025259017944 -0.2665671110153198 0.39256447553634644 -0.2417393922805786 0.316528856754303 -0.010175995528697968 1.0240757465362549 0.8925842642784119 -0.27596086263656616 0.2790176272392273 -0.22200933098793033 0.3196767568588257 0.0024340003728866577 1.0308831930160522 0.8961552381515503 -0.33204415440559387 0.20119468867778778 -0.21487975120544434 0.32180529832839966 0.01292106881737709 1.0374903678894043 0.9263766407966614 -0.31233447790145874 0.15911686420440674 -0.13767868280410767
0.30127522349357605 0.03579706326127052 0.973651647567749 0.030886679770027944 -0.579828379328017 -0.40622913682573525 0.7055656936839623 0.3161012530326843 -0.06570509076118469 1.032578706741333 0.5592023134231567 0.6711338758468628 -0.41862326860427856 0.24824714660644528 0.3333841562271118 -0.03135675564408302 0.997336208820343 0.6722245216369629 -0.3815244734287262 0.6305657625198364 -0.07028651237487793 0.33261656761169434 -0.01725437119603157 0.999768853187561 0.7663432359695435 -0.3947797119617462 0.5029565691947937 -0.062464043498039246 0.33540078997612 -0.0036578066647052765 1.0035539865493774 0.7784171104431152 -0.4474225044250489 0.43905079364776617 -0.03338046371936798 0.3388655185699463 0.0031249932944774628 1.0139278173446655 0.7958261966705322 -0.44050633907318115 0.41373541951179504 0.037920087575912476
0.3025115430355072 0.03600616380572319 0.9699689745903015 0.025271296841046172 -0.5709426479834631 -0.40618545363270264 0.7130212091869185 0.3183685839176178 -0.06753763556480408 1.0275837182998657 0.5739839673042297 0.6856856942176819 -0.3934420943260193 0.21349702775478363 0.3392787575721741 -0.03595487400889397 0.9955192804336548 0.6238587157460256 -0.3819496787646042 0.6812550743288064 -0.02839565393093836 0.33884841203689575 -0.020439118146896362 0.9969446063041687 0.7381781935691833 -0.38257214426994324 0.5547749400138855 -0.0309256911277771 0.3409533202648163 -0.006141558289527893 0.9996819496154785 0.7546905279159546 -0.4388185143470764 0.4877060055732727 -0.0048399418592453 0.3439622223377228 0.0006144791841506958 1.0095804929733276 0.764555037021637 -0.43459635972976685 0.4702022969722748 0.07410399615764618
0.30382993817329407 0.03648604452610016 0.9661794304847717 0.030126425571244606 -0.5712110359236812 -0.3962894467169942 0.7181678908546596 0.3220992684364319 -0.06824751943349838 1.023064136505127 0.5794484615325928 0.7011573314666748 -0.3662742078304291 0.19611510634422302 0.3467957079410553 -0.04044082760810852 0.996145486831665 0.5543839421935446 -0.3698355712841216 0.7455303347148355 0.008045137919050762 0.3479763865470886 -0.024640802294015884 0.996275782585144 0.6801670789718628 -0.3594178557395935 0.6388721466064453 0.005834698677062988 0.3486013412475586 -0.008722521364688873 0.9977506399154663 0.7134215235710144 -0.4139549434185028 0.5650254487991333 0.02043125033378601 0.3501800000667572 -0.001482207328081131 1.0070829391479492 0.7151848673820496 -0.41172200441360474 0.5546895265579224 0.1063728928565979
0.30495014786720276 0.03673635423183441 0.9619818329811096 0.04342626932699075 -0.5718269163829034 -0.37762288066214567 0.7269999780957324 0.3282480537891388 -0.0690569207072258 1.0171910524368286 0.5724343061447144 0.7219229936599731 -0.3412269353866577 0.18630675971508026 0.35747650265693665 -0.046555958688259125 0.9996993541717529 0.430893613571303 -0.34649041803624714 0.8314925787069728 0.053807413035427076 0.3612966239452362 -0.03164026141166687 0.9990911483764648 0.5666600307906489 -0.3258153109379367 0.7547120066138919 0.0561298116305324 0.36016854643821716 -0.013345003128051758 0.9977007508277893 0.6300910116517215 -0.37720528840618467 0.6763493969612109 0.05703580920181373 0.35918760299682617 -0.004869777709245682 1.0062581300735474 0.6201999207365736 -0.372199858421307 0.6746053130277199 0.14740045489474224
0.3056372404098511 0.03826317936182022 0.957669734954834 0.0544013740268622 -0.571681444627603 -0.3683723625974958 0.7311106097211679 0.3318701684474945 -0.06850186735391617 1.0112072229385376 0.5661141872406006 0.7323099374771118 -0.3317052721977234 0.18223267793655396 0.36451607942581177 -0.053515516221523285 1.0055265426635742 0.26477320538869176 -0.3250369686068224 0.901208962238536 0.10985713091055638 0.3692779839038849 -0.03971826285123825 1.006852149963379 0.42784745339703817 -0.2971878615040905 0.8465761382741305 0.10924662134613902 0.370200514793396 -0.02015480399131775 1.0028033256530762 0.5025637243202813 -0.34655870781119336 0.7853831763497023 0.10247017358793752 0.36726754903793335 -0.010118398815393448 1.0098645687103271 0.4631536524409709 -0.3329909005592001 0.7968515972215281 0.19908119191304716
0.30533361434936523 0.03963158279657364 0.9522335529327393 0.06882099556918898 -0.5589526688383533 -0.35340880062095015 0.7469523224745106 0.337675541639328 -0.06831017136573792 1.0015723705291748 0.552567720413208 0.7498648166656494 -0.3288096785545349 0.1557425707578659 0.36995425820350647 -0.05966751277446747 1.0105890035629272 0.10296540206876958 -0.2961153458362968 0.9366177097995055 0.15640044583856788 0.3754887580871582 -0.04779748618602753 1.019632339477539 0.23859855282931075 -0.2474981228033858 0.9246859069760083 0.16361967579772854 0.3792118430137634 -0.030764184892177582 1.0177114009857178 0.26788899411220934 -0.29002121208610954 0.9028211795400259 0.1704027659657266 0.37527114152908325 -0.015674516558647156 1.0209895372390747 0.211490589494964 -0.26003829025289915 0.908740328364946 0.2486822045478512
0.3035372793674469 0.04078181833028793 0.9483529329299927 0.10287776249286876 -0.5263838593986522 -0.33908169340674127 0.7728905337261199 0.3427264392375946 -0.06982281059026718 0.9876952767372131 0.5428396463394165 0.773850679397583 -0.3095204830169678 0.10333049297332762 0.3737393915653229 -0.06602857261896133 1.0125371217727661 -0.011232910538155965 -0.28411379103342355 0.9407562730431287 0.18474524983587443 0.37628257274627686 -0.055142730474472046 1.0347819328308105 0.032253071657174226 -0.1994889676039614 0.9581733348537216 0.202651798671158 0.3749536871910095 -0.0417436882853508 1.0431394577026367 -0.046909428904720024 -0.2204809178116189 0.9457200811619827 0.2340965557630321 0.3733408451080322 -0.01855972409248352 1.0418891906738281 -0.11771690918873089 -0.18204026713568666 0.9399227439073454 0.2637219707671034
0.3052176833152771 0.041351281106472015 0.9445376396179199 0.1306022472981048 -0.5000111148069483 -0.3282344136059817 0.7906921404236991 0.346561998128891 -0.07095902413129807 0.9779518842697144 0.5457836985588074 0.7800286412239075 -0.2979521155357361 0.07000128924846649 0.3742448389530182 -0.0729454979300499 1.0171308517456055 -0.135178141074649 -0.2648582898165389 0.9286840657438743 0.22163681381120903 0.3704543113708496 -0.05992951989173889 1.049044132232666 -0.1706476196350581 -0.14874076902091804 0.9428518725727794 0.24451155097817562 0.3640265464782715 -0.044385284185409546 1.0586613416671753 -0.2836394418140268 -0.1580965430216994 0.9064775359726421 0.26991228298262465 0.3632413148880005 -0.016505450010299683 1.055372714996338 -0.3691754540660679 -0.1213752320445663 0.8837714313629343 0.2606254360873974
0.30737870931625366 0.04238557815551758 0.9408842325210571 0.14027239142906378 -0.479436925813188 -0.3285661283693347 0.8015660780356701 0.34662890434265137 -0.0717773586511612 0.9714913964271545 0.5594350099563599 0.7722303867340088 -0.29770058393478394 0.04546661674976349 0.366547167301178 -0.07782081514596939 1.024221420288086 -0.2613921815506161 -0.2236055032903471 0.8998805694666425 0.26812249975909613 0.3619718849658966 -0.060116320848464966 1.0570231676101685 -0.3199972803306798 -0.0961916221649057 0.9004557146943358 0.27843925312886336 0.3570275604724884 -0.042634911835193634 1.063033103942871 -0.41281244029047337 -0.11224543202706408 0.8575307776835855 0.285705753498814 0.3566157817840576 -0.01253429800271988 1.0579044818878174 -0.5021269884785581 -0.07437841545778047 0.8228498750871435 0.25544944239186657
0.3082730770111084 0.04370782524347305 0.9377031922340393 0.12759354005140872 -0.46220096807985933 -0.33496253762269984 0.8111043669657186 0.3444784879684448 -0.07196154445409775 0.9672720432281494 0.5702471733093262 0.7588706016540527 -0.3139577805995941 0.01908084750175476 0.35681289434432983 -0.07774460315704346 1.0297433137893677 -0.34526702395804265 -0.17107866536609495 0.870128596709064 0.307244122054797 0.35563158988952637 -0.056431882083415985 1.0611064434051514 -0.4141810953508378 -0.03994110054089064 0.8583252204704769 0.3002274502758256 0.35335010290145874 -0.03837168961763382 1.0641745328903198 -0.4874772602956375 -0.06506330700989219 0.8187894338819246 0.2961697023680352 0.3556394577026367 -0.008153900504112244 1.0561891794204712 -0.5591298280977274 -0.03596627673156721 0.789185294146175 0.25152897561381976
0.3085823953151703 0.04536820948123932 0.9332075119018555 0.1131089005646582 -0.45401283053003216 -0.33718328891489335 0.816937048176332 0.3419228196144104 -0.07086561620235443 0.9641784429550171 0.5793853998184204 0.7439544200897217 -0.33287113904953003 0.006432101130485535 0.35028207302093506 -0.07408600300550461 1.0316702127456665 -0.39653868953146265 -0.13008124583634553 0.8485035498440153 0.32538864153307245 0.35149455070495605 -0.05093061178922653 1.0615321397781372 -0.4761760666809907 0.002271488657136479 0.8243052887835957 0.30622227714131844 0.35118916630744934 -0.03269295394420624 1.062713384628296 -0.535254601653374 -0.028584063266181053 0.7905375898566672 0.29620227438447205 0.35521137714385986 -0.0033908486366271973 1.0524691343307495 -0.5901372683440058 -0.00902959742763113 0.7689898879441147 0.24558309763996328
0.30629509687423706 0.046486154198646545 0.9285334944725037 0.09605397964857346 -0.44668715408976106 -0.3364243819981933 0.8234456875309044 0.3384484350681305 -0.0697847381234169 0.960940957069397 0.5808188319206238 0.7332689166069031 -0.3534510135650635 -0.006214424967765808 0.3461531400680542 -0.06981128454208374 1.0316276550292969 -0.420612884093647 -0.09900611932001487 0.8391623248684567 0.33028654241428823 0.3487373888492584 -0.04618273675441742 1.059715986251831 -0.5092837342913222 0.03195054535764023 0.8040674471018775 0.30509787976878305 0.34901028871536255 -0.027124695479869843 1.0602205991744995 -0.5629929350858918 0.0019341409366950117 0.773719721570096 0.2905047560012107 0.35419344902038574 0.0010024532675743103 1.0481574535369873 -0.5978814907066 0.011692614426343895 0.765373279602969 0.23791768329804883
0.30154529213905334 0.04762672632932663 0.924707293510437 0.07333612631896395 -0.43542469675210177 -0.3419662206498981 0.8295096540253506 0.3320048451423645 -0.06895088404417038 0.9580643773078918 0.5828249454498291 0.7200123071670532 -0.3755553960800171 -0.029250428080558777 0.3422277569770813 -0.06662098318338394 1.0301209688186646 -0.4239795151589661 -0.07054888114075955 0.8379421352614956 0.33632906207968943 0.34609484672546387 -0.04283443093299866 1.056811809539795 -0.5171864648480825 0.058835200519438684 0.7966079955606554 0.3073635765272765 0.3465386629104614 -0.02297758311033249 1.0570721626281738 -0.5683850823491433 0.031069491561564733 0.7690361883711435 0.29078606748158736 0.3523681163787842 0.0043258145451545715 1.0438145399093628 -0.590670028605983 0.03536948795321895 0.7703781215058517 0.2374352969618573
0.2975601255893707 0.048765942454338074 0.9206513166427612 0.045710860812208265 -0.4201936641764822 -0.34824281267603424 0.8367046873201454 0.3279477655887604 -0.0681074783205986 0.9534868001937866 0.5757508873939514 0.7097315192222595 -0.40104877948760986 -0.0628654807806015 0.3428398370742798 -0.06445573270320892 1.026006817817688 -0.4058712954429622 -0.04684726819494267 0.8467098012939106 0.34081714804062513 0.3474001884460449 -0.039974987506866455 1.0524202585220337 -0.5055380714534777 0.08393744551330684 0.8016275714706169 0.30786190315487344 0.34833234548568726 -0.01963096857070923 1.0523779392242432 -0.5526854073312224 0.056820753048244084 0.7789958329958508 0.29064716346845804 0.35277900099754333 0.007517851889133453 1.0384739637374878 -0.5763051421626861 0.061640708694897725 0.7791704654772605 0.23867588869901285
0.2940601110458374 0.04918823391199112 0.9156286716461182 0.0106376851381462 -0.4065936009627939 -0.35634891442361283 0.8411800675240532 0.32379478216171265 -0.06750772148370743 0.9497171640396118 0.5646076798439026 0.6917067170143127 -0.4410223960876465 -0.09088058769702911 0.3423587679862976 -0.062325820326805115 1.0219720602035522 -0.38964870235483084 -0.015303819068907992 0.8526360522320517 0.3477806748938652 0.3489740490913391 -0.037143103778362274 1.0473872423171997 -0.4865698167152259 0.11484207008791891 0.8090360450789561 0.3090661216162504 0.3515140116214752 -0.017008408904075623 1.0463486909866333 -0.5195034179302014 0.08421345108586377 0.7984329411343757 0.29245364851719335 0.3545225262641907 0.01017216220498085 1.0319467782974243 -0.5518508271974037 0.09280197851273592 0.7930036927309362 0.240818693057678
0.2896101176738739 0.04983629286289215 0.9104675650596619 -0.0188257541487726 -0.3945192318158237 -0.3630820142519714 0.8439026046785567 0.31994739174842834 -0.06620354950428009 0.945816159248352 0.5475966334342957 0.6762832999229431 -0.4798750579357147 -0.11179903149604797 0.3395882248878479 -0.06006021797657013 1.0178989171981812 -0.37502975804942784 0.012039021149709589 0.8564237006069193 0.3546071197519089 0.34890681505203247 -0.03492962568998337 1.0416796207427979 -0.46295014265102746 0.1386327661512216 0.8180162198509388 0.3119415754303027 0.3529425263404846 -0.015362896025180817 1.039473056793213 -0.48054961232048915 0.10338052443720852 0.8185240567933535 0.2973263501428621 0.3554135262966156 0.011887114495038986 1.0247677564620972 -0.5191169964806976 0.11545547650978331 0.8108277601306478 0.24442994362571535
0.28448495268821716 0.0507466159760952 0.9054089188575745 -0.04719573321853148 -0.38458389553097777 -0.3681220461003333 0.8451946265828307 0.31533509492874146 -0.06429362297058105 0.9431344270706177 0.5337814688682556 0.6593942046165466 -0.5142748355865479 -0.12569080293178558 0.33616113662719727 -0.05745710805058479 1.0138866901397705 -0.35842395397358917 0.03651262877686433 0.8605450851308881 0.3600850758451847 0.3487953543663025 -0.03306049481034279 1.0352938175201416 -0.4259418629236988 0.1559001048452331 0.8333096952666077 0.316012172289391 0.353027880191803 -0.013542015105485916 1.032657504081726 -0.4453263115094334 0.12133386408157136 0.8341020735447553 0.3020535699999607 0.3550099730491638 0.013957586139440536 1.0177253484725952 -0.48771461558400386 0.1372485832691688 0.8258133670474936 0.2476481336068037
0.279246062040329 0.05126005411148071 0.9001044034957886 -0.07274111492513337 -0.37503765576049986 -0.3711633235805315 0.8463411502579727 0.31068849563598633 -0.06274881958961487 0.9400691390037537 0.5215196013450623 0.6427951455116272 -0.5437270998954773 -0.1385379433631897 0.33276355266571045 -0.05526633560657501 1.0093450546264648 -0.3413427574333198 0.057993701939943416 0.8646277367527249 0.3640615174881867 0.3484339118003845 -0.030940942466259003 1.0286157131195068 -0.3924072188303374 0.1740023521909514 0.8460519644527177 0.31612637877342403 0.3522840738296509 -0.012022092938423157 1.025626301765442 -0.4150617384438065 0.13784996544534872 0.8456463876461697 0.30594666741756155 0.3540915846824646 0.015507079660892487 1.0103143453598022 -0.45779523436962394 0.1561392653605563 0.838652791239355 0.2504108423196298
0.2738112509250641 0.05139422416687012 0.8952329158782959 -0.09160961158803924 -0.36226519736953927 -0.3713577964715217 0.849979405452397 0.3069370985031128 -0.06158152222633362 0.9361608028411865 0.5046718120574951 0.6297659873962402 -0.5707266926765442 -0.15156669914722443 0.3302861750125885 -0.05331197381019592 1.0045883655548096 -0.3272942357727836 0.0778281328791895 0.869078800879075 0.3626614271846184 0.34852921962738037 -0.028964214026927948 1.0216343402862549 -0.36281486208201763 0.19038925541839974 0.8575467627806039 0.3110158899439278 0.3513745069503784 -0.010816551744937897 1.0185620784759521 -0.38909165692300013 0.15122914944392138 0.855403328062837 0.306631041428498 0.35350990295410156 0.016035955399274826 1.0024046897888184 -0.4251399277786197 0.16755784494188677 0.8530802846099117 0.25186200357194055
0.2738112509250641 0.05139422416687012 0.8952329158782959 -0.09160961158803924 -0.36226519736953927 -0.3713577964715217 0.849979405452397 0.3069370985031128 -0.06158152222633362 0.9361608028411865 0.5046718120574951 0.6297659873962402 -0.5707266926765442 -0.15156669914722443 0.3302861750125885 -0.05331197381019592 1.0045883655548096 -0.3272942357727836 0.0778281328791895 0.869078800879075 0.3626614271846184 0.34852921962738037 -0.028964214026927948 1.0216343402862549 -0.36281486208201763 0.19038925541839974 0.8575467627806039 0.3110158899439278 0.3513745069503784 -0.010816551744937897 1.0185620784759521 -0.38909165692300013 0.15122914944392138 0.855403328062837 0.306631041428498 0.35350990295410156 0.016035955399274826 1.0024046897888184 -0.4251399277786197 0.16755784494188677 0.8530802846099117 0.25186200357194055
0.2738112509250641 0.05139422416687012 0.8952329158782959 -0.09160961158803924 -0.36226519736953927 -0.3713577964715217 0.849979405452397 0.3069370985031128 -0.06158152222633362 0.9361608028411865 0.5046718120574951 0.6297659873962402 -0.5707266926765442 -0.15156669914722443 0.3302861750125885 -0.05331197381019592 1.0045883655548096 -0.3272942357727836 0.0778281328791895 0.869078800879075 0.3626614271846184 0.34852921962738037 -0.028964214026927948 1.0216343402862549 -0.36281486208201763 0.19038925541839974 0.8575467627806039 0.3110158899439278 0.3513745069503784 -0.010816551744937897 1.0185620784759521 -0.38909165692300013 0.15122914944392138 0.855403328062837 0.306631041428498 0.35350990295410156 0.016035955399274826 1.0024046897888184 -0.4251399277786197 0.16755784494188677 0.8530802846099117 0.25186200357194055
0.2738112509250641 0.05139422416687012 0.8952329158782959 -0.09160961158803924 -0.36226519736953927 -0.3713577964715217 0.849979405452397 0.3069370985031128 -0.06158152222633362 0.9361608028411865 0.5046718120574951 0.6297659873962402 -0.5707266926765442 -0.15156669914722443 0.3302861750125885 -0.05331197381019592 1.0045883655548096 -0.3272942357727836 0.0778281328791895 0.869078800879075 0.3626614271846184 0.34852921962738037 -0.028964214026927948 1.0216343402862549 -0.36281486208201763 0.19038925541839974 0.8575467627806039 0.3110158899439278 0.3513745069503784 -0.010816551744937897 1.0185620784759521 -0.38909165692300013 0.15122914944392138 0.855403328062837 0.306631041428498 0.35350990295410156 0.016035955399274826 1.0024046897888184 -0.4251399277786197 0.16755784494188677 0.8530802846099117 0.25186200357194055
0.2738112509250641 0.05139422416687012 0.8952329158782959 -0.09160961158803924 -0.36226519736953927 -0.3713577964715217 0.849979405452397 0.3069370985031128 -0.06158152222633362 0.9361608028411865 0.5046718120574951 0.6297659873962402 -0.5707266926765442 -0.15156669914722443 0.3302861750125885 -0.05331197381019592 1.0045883655548096 -0.3272942357727836 0.0778281328791895 0.869078800879075 0.3626614271846184 0.34852921962738037 -0.028964214026927948 1.0216343402862549 -0.36281486208201763 0.19038925541839974 0.8575467627806039 0.3110158899439278 0.3513745069503784 -0.010816551744937897 1.0185620784759521 -0.38909165692300013 0.15122914944392138 0.855403328062837 0.306631041428498 0.35350990295410156 0.016035955399274826 1.0024046897888184 -0.4251399277786197 0.16755784494188677 0.8530802846099117 0.25186200357194055
0.2681612968444824 0.05163056403398514 0.8898816108703613 -0.10638910851061213 -0.3533186124428063 -0.3723142854768619 0.8516040188975954 0.3027805685997009 -0.06034214049577713 0.9316185116767883 0.48877304792404175 0.6199668049812317 -0.5929092168807983 -0.15874776244163513 0.32691246271133423 -0.05168338119983673 0.999140739440918 -0.3116397766826928 0.09213260564697351 0.8740631117060389 0.3611176897387051 0.34661564230918884 -0.027356676757335663 1.0147204399108887 -0.34077169907983645 0.20386354569090623 0.8646851765854916 0.30762620943987157 0.34901151061058044 -0.010090865194797516 1.0113859176635742 -0.3670606337710661 0.1609798512394787 0.8627752504186639 0.3081734747638397 0.35103392601013184 0.016408897936344147 0.9948854446411133 -0.40570490552791216 0.17802573301868696 0.859947702614095 0.2533777889767872
0.23086577653884888 0.0513356551527977 0.8656367659568787 -0.21044523735851084 -0.2821686728379219 -0.3898882494399098 0.8509293900621286 0.26763132214546204 -0.05814161151647568 0.9097484946250916 -0.4135862809279596 -0.5558244481668128 0.6872755418072611 0.21830685026985147 0.3024812936782837 -0.050287581980228424 0.9673270583152771 -0.16064266384753229 0.16588241909363605 0.8943254382937085 0.38322185909668643 0.3280702233314514 -0.027576662600040436 0.9759785532951355 -0.18336560489073037 0.28176091130784725 0.885806111546474 0.31989903404079123 0.32976195216178894 -0.01268034428358078 0.971821665763855 -0.21740503264311356 0.23353828119319195 0.8864905974821792 0.3351556903602367 0.33092108368873596 0.011455949395895004 0.9536164999008179 -0.25467861107813133 0.2503998021772284 0.8899866795624428 0.2834827349424798
0.22265079617500305 0.04976045340299606 0.8623420000076294 -0.24009603581030492 -0.2592330174283085 -0.39549401402412726 0.8477833824288074 0.25882238149642944 -0.059730902314186096 0.9062544703483582 -0.39540677562273874 -0.536097776680385 0.7054056182887867 0.24218939486318453 0.29699206352233887 -0.05242364853620529 0.96080482006073 -0.11552225625340179 0.18528398003642066 0.8935203725621909 0.39235933128022626 0.3237653076648712 -0.031629107892513275 0.9667892456054688 -0.13169471046969072 0.2970342141279695 0.8863943210435243 0.32974574765282166 0.3257664442062378 -0.01682167500257492 0.9627120494842529 -0.17169576639937983 0.25152822175166767 0.8874941419847252 0.3458443237140168 0.32675182819366455 0.006848391145467758 0.9442107677459717 -0.20728220444175569 0.2691138929962246 0.8930657288287019 0.2950346440687179
0.21501120924949646 0.04762677475810051 0.8588170409202576 -0.2675903120969025 -0.2371352594779232 -0.4007041423573146 0.8435629670965137 0.2500547170639038 -0.06197545304894447 0.9028599858283997 -0.38228646679676787 -0.5154040363889982 0.7191988122347422 0.2663998864387339 0.2912450432777405 -0.055689018219709396 0.9535682797431946 -0.06782015407290165 0.19941019994978437 0.8908506043365164 0.4025185700815193 0.3189922869205475 -0.037189971655607224 0.9567258358001709 -0.07609919981064299 0.30626144127541444 0.8853096354191853 0.3415255781034131 0.3215467035770416 -0.02234319970011711 0.9528342485427856 -0.12245319998520036 0.2649319355212508 0.8870848205345728 0.35762660146947645 0.322242796421051 0.0011234693229198456 0.9345613718032837 -0.15976079745944016 0.284698592444057 0.8937264156334225 0.3076951684340004
0.2088157832622528 0.04506547749042511 0.8542157411575317 -0.28319369658207927 -0.22091614350990807 -0.40311221719218776 0.8417231764045453 0.24300764501094818 -0.06462536752223969 0.8983580470085144 -0.3731162801606971 -0.5023734314878344 0.7273538214431797 0.2817120147446856 0.2860524654388428 -0.05930629372596741 0.9458981156349182 -0.027945516347082477 0.2020227278158368 0.8889296148705289 0.4101341598464149 0.31434717774391174 -0.043211743235588074 0.9460344910621643 -0.024840955479989612 0.30203602677056324 0.885448189274794 0.3523331992451933 0.31762805581092834 -0.028277255594730377 0.9422793984413147 -0.0771970735730927 0.2659493002003616 0.8882623205153102 0.36647191575210786 0.31804612278938293 -0.004928156733512878 0.9245929718017578 -0.11525902904081362 0.28731558867179596 0.8957957602992653 0.31892795308531413
0.2088157832622528 0.04506547749042511 0.8542157411575317 -0.28319369658207927 -0.22091614350990807 -0.40311221719218776 0.8417231764045453 0.24300764501094818 -0.06462536752223969 0.8983580470085144 -0.3731162801606971 -0.5023734314878344 0.7273538214431797 0.2817120147446856 0.2860524654388428 -0.05930629372596741 0.9458981156349182 -0.027945516347082477 0.2020227278158368 0.8889296148705289 0.4101341598464149 0.31434717774391174 -0.043211743235588074 0.9460344910621643 -0.024840955479989612 0.30203602677056324 0.885448189274794 0.3523331992451933 0.31762805581092834 -0.028277255594730377 0.9422793984413147 -0.0771970735730927 0.2659493002003616 0.8882623205153102 0.36647191575210786 0.31804612278938293 -0.004928156733512878 0.9245929718017578 -0.11525902904081362 0.28731558867179596 0.8957957602992653 0.31892795308531413
0.1982000172138214 0.03783043473958969 0.8453816175460815 -0.3224287309884691 -0.18327398681477053 -0.40737355272453263 0.834564077732768 0.2304919958114624 -0.07180429995059967 0.8899790644645691 -0.3476734024195018 -0.4720538285529747 0.7466018406637239 0.3144426760831302 0.277660608291626 -0.06837113946676254 0.9307528734207153 0.043883321381570625 0.2191944790159508 0.8786390732017095 0.421925856582455 0.3058525323867798 -0.05637811869382858 0.9246208071708679 0.07986682261907453 0.3021449266242768 0.8741100420211978 0.37183522332361374 0.31050774455070496 -0.04258091002702713 0.9191494584083557 0.031424818453948074 0.27051280460489735 0.8814460142607012 0.3858604050736146 0.3100773096084595 -0.019826609641313553 0.9033392071723938 -0.010287674411705836 0.29452053793095 0.8901640154858276 0.3475051298123544
0.19363871216773987 0.034213170409202576 0.841058611869812 -0.3433631200261377 -0.16357647538786002 -0.4112558529859777 0.8283798362273123 0.22455814480781555 -0.07554153352975845 0.8855377435684204 -0.33150585348617173 -0.4550802960671249 0.7558204111475821 0.33427735041301754 0.2736568748950958 -0.072906494140625 0.9241357445716858 0.0729628938814414 0.23216167605628982 0.8698705280197319 0.42907188065055163 0.3013765513896942 -0.06303491443395615 0.9144690036773682 0.12731752812095576 0.30478074590258425 0.86342220592456 0.38131493382235 0.306196928024292 -0.050589561462402344 0.9070615768432617 0.09027305744663902 0.27005491402868115 0.8720030774731914 0.3981605422957965 0.3053876757621765 -0.02819983661174774 0.8925096988677979 0.048915828620042096 0.2950553840391958 0.8806384365947916 0.3674581580102975
0.18934863805770874 0.030836891382932663 0.8376398086547852 -0.3620995165200259 -0.14197222426102393 -0.4125706419095438 0.8237191706939231 0.21937528252601624 -0.07904618978500366 0.8818168044090271 -0.3153976406534168 -0.438398378011983 0.7637487876332216 0.3535801961506694 0.2711274027824402 -0.07684554159641266 0.9174052476882935 0.10226426217664793 0.24637756226678972 0.8628531676403787 0.42933040917958815 0.297335684299469 -0.06909532845020294 0.9051246047019958 0.16980105563275272 0.3080312270296759 0.8518597965905542 0.38809702053978423 0.30183929204940796 -0.0577872060239315 0.896003246307373 0.142733745415935 0.26952706220411754 0.8605659742529874 0.4079319455572551 0.3007272779941559 -0.03589131310582161 0.8821712732315063 0.10374925353712493 0.2948094029713956 0.8692153039115502 0.38312956942398996
0.1854773908853531 0.027742397040128708 0.8347190618515015 -0.38399160734234905 -0.11835643158619955 -0.41399244364476667 0.8167940202502161 0.21391233801841736 -0.0823327898979187 0.8795214891433716 -0.3053291281433637 -0.41533851613965295 0.7698729127271375 0.37624972489073616 0.2687416076660156 -0.08057010173797607 0.9112480282783508 0.1313887449471306 0.26423327380690376 0.8532424762824499 0.4299942755809879 0.2930634021759033 -0.07499678432941437 0.8966875076293945 0.21005144303223366 0.3149824900158465 0.8363941478626741 0.39637013323855524 0.2970013916492462 -0.06478056311607361 0.8858626484870911 0.19146652695584657 0.27274704230038466 0.8446711224211837 0.41890371230600926 0.29572242498397827 -0.04333874210715294 0.8726097345352173 0.15427416493936763 0.2987904833285825 0.8531912603444597 0.3987334948800816
0.18211205303668976 0.025113895535469055 0.8319482803344727 -0.4093148791202731 -0.09191578067643369 -0.4154524291216847 0.8071010545424248 0.20881107449531555 -0.0849347710609436 0.8779945373535156 -0.2929152420793001 -0.3879453765667519 0.7773846531401614 0.39921446978252917 0.2666144371032715 -0.08394498378038406 0.9054062366485596 0.15920044524778995 0.28712624389044406 0.8406193233660029 0.43078172323299513 0.2887534201145172 -0.08066219091415405 0.8885955214500427 0.2477197141383669 0.32651169298669286 0.8175025880243147 0.4046166090696379 0.29192641377449036 -0.0714162066578865 0.8762608766555786 0.23648744741712854 0.2810751069316735 0.8247701033840809 0.4299125331716359 0.29045814275741577 -0.05038336664438248 0.8635788559913635 0.20133619472002806 0.30737500676854046 0.832514024515975 0.4146140926552396
0.1790468394756317 0.022066090255975723 0.8310238718986511 -0.43431583578146943 -0.06437341202557746 -0.4141320040812674 0.7973208329904831 0.2046390026807785 -0.08779892325401306 0.8781391978263855 -0.2770353157059544 -0.36069599284205284 0.7850184228778672 0.42059011828625914 0.26516956090927124 -0.08756157755851746 0.9012704491615295 0.18479739883608676 0.31161243059915716 0.8273728010052895 0.42918759316548144 0.28459644317626953 -0.08662696182727814 0.8819834589958191 0.28465842153399223 0.3377695666605559 0.7974865252191664 0.4109704011714834 0.28696396946907043 -0.0779523104429245 0.8686034083366394 0.27919847642177065 0.29070634800350403 0.8032830180774085 0.43849127289763473 0.2852144241333008 -0.05740678682923317 0.8561131358146667 0.247455346546925 0.31698922537231067 0.8101130247996842 0.42661535424730634
0.17644597589969635 0.01908092573285103 0.8305322527885437 -0.458779726576232 -0.0365486520833997 -0.4103390909364737 0.787278347090926 0.20143185555934906 -0.0905122458934784 0.8785355687141418 -0.2596060766483568 -0.3339716366932595 0.7918227505869248 0.4405501114226422 0.26454514265060425 -0.0909900963306427 0.8971433639526367 0.2100115102071358 0.3364563197629001 0.8138575047500677 0.4246508147295478 0.28079575300216675 -0.09234365820884705 0.8758635520935059 0.318905250770051 0.3493500531926019 0.7767418818761663 0.41584380623755746 0.2820545732975006 -0.08417235314846039 0.8614976406097412 0.32000721806758703 0.30006231101897946 0.7800452390894869 0.44619216355479 0.27998387813568115 -0.06399133801460266 0.8490009903907776 0.2939633409992288 0.3259087546600369 0.7852817424568455 0.43669414150955654
0.17452098429203033 0.015997115522623062 0.8300873041152954 -0.4797409463037965 -0.01026908212606978 -0.4036954035356302 0.778956474791562 0.199908047914505 -0.09326137602329254 0.8783373832702637 -0.2398938042188038 -0.31058390436532357 0.7983707743158099 0.45671939233611025 0.2652011811733246 -0.09435777366161346 0.8924318552017212 0.2312951673572408 0.35954431201155423 0.8033066349636949 0.41464302065777336 0.2784067988395691 -0.09760443866252899 0.8702208995819092 0.34336257676520193 0.3621821493213067 0.7601431986524155 0.4160632638503649 0.27839481830596924 -0.08981245756149292 0.8551971316337585 0.3499258614417498 0.31148366526830323 0.7603196759248884 0.4499376020492905 0.27539581060409546 -0.06994128227233887 0.8422994613647461 0.335825174386163 0.3329180171896166 0.76090847803497 0.44430328290720145
0.1717536598443985 0.012966431677341461 0.8305388689041138 -0.4947399690964652 0.014409508063006438 -0.3958798086957381 0.7735011534606416 0.19755816459655762 -0.09632022678852081 0.8785061240196228 -0.22517949064969361 -0.28955577382741154 0.801577346083643 0.4721498147537101 0.26503148674964905 -0.09792914241552353 0.8878121376037598 0.24940801894668294 0.37695037261996067 0.7965023606151149 0.4016070927352882 0.2765735983848572 -0.10204894095659256 0.8656857013702393 0.3554905648252144 0.37798262157656926 0.7513368634314731 0.4077361054012265 0.2751893401145935 -0.09470904618501663 0.8502503633499146 0.36642951759024306 0.3259680293026064 0.7487180005781235 0.445977325342896 0.27024659514427185 -0.07520293444395065 0.8367156982421875 0.3708731643303314 0.33760607987572355 0.7402683275693086 0.44774784617940094
0.16872742772102356 0.010468576103448868 0.8315510749816895 -0.5069530768731988 0.036693030281556877 -0.3878338759256084 0.7689194432846301 0.1948198825120926 -0.09890121221542358 0.8795925974845886 -0.21566771334238394 -0.26842570757188977 0.8033926351591032 0.4857935391270117 0.2647731304168701 -0.10064905881881714 0.8840804100036621 0.25916433543699985 0.39505112490289984 0.7929322655521992 0.38474262071501486 0.2747957706451416 -0.10562872886657715 0.8619633913040161 0.36161199758499807 0.39429185659565136 0.7462916242424428 0.39600453662565827 0.27191829681396484 -0.09873254597187042 0.8461934924125671 0.38001072824937304 0.33919674531352606 0.7393234886829353 0.4403841543974333 0.2652202844619751 -0.07947498559951782 0.8323367238044739 0.39800371625803127 0.3433108533433013 0.7232670386748864 0.4479011770161318
0.16589954495429993 0.008696887642145157 0.8326756358146667 -0.517579617842008 0.054891370525964926 -0.3801736553664069 0.7645693381096965 0.19317036867141724 -0.10034646093845367 0.8814787864685059 -0.208547577885615 -0.24707206218007288 0.80785834923968 0.4927761081559969 0.2647373676300049 -0.10222551226615906 0.8811303973197937 0.26305140762084284 0.41247465887742507 0.7915359224763466 0.3662506578251351 0.273138165473938 -0.10820680856704712 0.8590220808982849 0.3654093869910776 0.40888942360538433 0.7424926508178631 0.38469473712929186 0.2689301073551178 -0.10171839594841003 0.8430035710334778 0.39105454032243636 0.35082319022895164 0.7312447477754236 0.4350639311076192 0.26102250814437866 -0.08274631202220917 0.8290671706199646 0.41302644935446925 0.35290067288745164 0.7123915763862759 0.4442619101238444
0.16589954495429993 0.008696887642145157 0.8326756358146667 -0.517579617842008 0.054891370525964926 -0.3801736553664069 0.7645693381096965 0.19317036867141724 -0.10034646093845367 0.8814787864685059 -0.208547577885615 -0.24707206218007288 0.80785834923968 0.4927761081559969 0.2647373676300049 -0.10222551226615906 0.8811303973197937 0.26305140762084284 0.41247465887742507 0.7915359224763466 0.3662506578251351 0.273138165473938 -0.10820680856704712 0.8590220808982849 0.3654093869910776 0.40888942360538433 0.7424926508178631 0.38469473712929186 0.2689301073551178 -0.10171839594841003 0.8430035710334778 0.39105454032243636 0.35082319022895164 0.7312447477754236 0.4350639311076192 0.26102250814437866 -0.08274631202220917 0.8290671706199646 0.41302644935446925 0.35290067288745164 0.7123915763862759 0.4442619101238444
0.161173015832901 0.008025314658880234 0.8381527662277222 -0.5277129003409007 0.06957351663889105 -0.3658236395341033 0.7634472575353477 0.19509556889533997 -0.09913983941078186 0.8883389830589294 -0.2067005724934313 -0.21090943545949067 0.8279322022786739 0.4767812699504742 0.26676905155181885 -0.10003937780857086 0.879379391670227 0.24702778961422286 0.4384732831112229 0.8035651019740228 0.3178076787845093 0.27062124013900757 -0.10938344895839691 0.8572405576705933 0.3675534845748419 0.4201247915163729 0.7438635567919737 0.3675143243155895 0.26582780480384827 -0.10288938879966736 0.8414636254310608 0.3936361723196643 0.3661587245728942 0.7309368836241412 0.42036862148860404 0.2572796642780304 -0.08410567045211792 0.8279737234115601 0.4065852329901176 0.375499316482406 0.7167187254908999 0.42426787933929555
0.15949437022209167 0.007422797381877899 0.840142011642456 -0.5354510599829483 0.07724938619699104 -0.3596743381600044 0.760236195989513 0.1955798715353012 -0.09909773617982864 0.8901633024215698 -0.1988665902003324 -0.19847796788856145 0.8343648312901548 0.4742298465891843 0.2665306627750397 -0.10012320429086685 0.8787438273429871 0.2499761460180083 0.4471350032399106 0.8021511464276162 0.3068155863303254 0.26907044649124146 -0.11032569408416748 0.8566247820854187 0.3741252622056287 0.42621227808852596 0.7390253752726427 0.3636138028870802 0.2640199065208435 -0.10388769209384918 0.8409987092018127 0.39894126383642187 0.3742698853030556 0.7258716003199309 0.4169873469373759 0.2552667558193207 -0.08516164869070053 0.8276693820953369 0.41025463236087584 0.3851052288851689 0.7121206358288793 0.41984430386728444
0.15949437022209167 0.007422797381877899 0.840142011642456 -0.5354510599829483 0.07724938619699104 -0.3596743381600044 0.760236195989513 0.1955798715353012 -0.09909773617982864 0.8901633024215698 -0.1988665902003324 -0.19847796788856145 0.8343648312901548 0.4742298465891843 0.2665306627750397 -0.10012320429086685 0.8787438273429871 0.2499761460180083 0.4471350032399106 0.8021511464276162 0.3068155863303254 0.26907044649124146 -0.11032569408416748 0.8566247820854187 0.3741252622056287 0.42621227808852596 0.7390253752726427 0.3636138028870802 0.2640199065208435 -0.10388769209384918 0.8409987092018127 0.39894126383642187 0.3742698853030556 0.7258716003199309 0.4169873469373759 0.2552667558193207 -0.08516164869070053 0.8276693820953369 0.41025463236087584 0.3851052288851689 0.7121206358288793 0.41984430386728444
0.15949437022209167 0.007422797381877899 0.840142011642456 -0.5354510599829483 0.07724938619699104 -0.3596743381600044 0.760236195989513 0.1955798715353012 -0.09909773617982864 0.8901633024215698 -0.1988665902003324 -0.19847796788856145 0.8343648312901548 0.4742298465891843 0.2665306627750397 -0.10012320429086685 0.8787438273429871 0.2499761460180083 0.4471350032399106 0.8021511464276162 0.3068155863303254 0.26907044649124146 -0.11032569408416748 0.8566247820854187 0.3741252622056287 0.42621227808852596 0.7390253752726427 0.3636138028870802 0.2640199065208435 -0.10388769209384918 0.8409987092018127 0.39894126383642187 0.3742698853030556 0.7258716003199309 0.4169873469373759 0.2552667558193207 -0.08516164869070053 0.8276693820953369 0.41025463236087584 0.3851052288851689 0.7121206358288793 0.41984430386728444
0.15949437022209167 0.007422797381877899 0.840142011642456 -0.5354510599829483 0.07724938619699104 -0.3596743381600044 0.760236195989513 0.1955798715353012 -0.09909773617982864 0.8901633024215698 -0.1988665902003324 -0.19847796788856145 0.8343648312901548 0.4742298465891843 0.2665306627750397 -0.10012320429086685 0.8787438273429871 0.2499761460180083 0.4471350032399106 0.8021511464276162 0.3068155863303254 0.26907044649124146 -0.11032569408416748 0.8566247820854187 0.3741252622056287 0.42621227808852596 0.7390253752726427 0.3636138028870802 0.2640199065208435 -0.10388769209384918 0.8409987092018127 0.39894126383642187 0.3742698853030556 0.7258716003199309 0.4169873469373759 0.2552667558193207 -0.08516164869070053 0.8276693820953369 0.41025463236087584 0.3851052288851689 0.7121206358288793 0.41984430386728444
0.15949437022209167 0.007422797381877899 0.840142011642456 -0.5354510599829483 0.07724938619699104 -0.3596743381600044 0.760236195989513 0.1955798715353012 -0.09909773617982864 0.8901633024215698 -0.1988665902003324 -0.19847796788856145 0.8343648312901548 0.4742298465891843 0.2665306627750397 -0.10012320429086685 0.8787438273429871 0.2499761460180083 0.4471350032399106 0.8021511464276162 0.3068155863303254 0.26907044649124146 -0.11032569408416748 0.8566247820854187 0.3741252622056287 0.42621227808852596 0.7390253752726427 0.3636138028870802 0.2640199065208435 -0.10388769209384918 0.8409987092018127 0.39894126383642187 0.3742698853030556 0.7258716003199309 0.4169873469373759 0.2552667558193207 -0.08516164869070053 0.8276693820953369 0.41025463236087584 0.3851052288851689 0.7121206358288793 0.41984430386728444
0.15429481863975525 0.014132313430309296 0.8471572995185852 -0.5845534187309787 -0.0016488640569487436 -0.3226233443694977 0.7444520452732368 0.20522072911262512 -0.07676772773265839 0.9128282070159912 -0.22947013042772293 -0.15088300655886683 0.8892133403121335 0.36589269086950754 0.2669467628002167 -0.08054367452859879 0.8946393132209778 0.2219304558797323 0.468183245619826 0.8015544051999955 0.29843247525474137 0.25444841384887695 -0.09847410023212433 0.8664253950119019 0.45619419312317666 0.36424661936899483 0.6872350404415924 0.4323418400710697 0.2407548874616623 -0.0928385928273201 0.8466274738311768 0.5205692648887634 0.2746083438396454 0.6352073550224304 0.5001094937324524 0.23353753983974457 -0.07713676244020462 0.8384931087493896 0.5045808553695679 0.3154200613498688 0.6068645715713501 0.5269004106521606
0.15480107069015503 0.016109945252537727 0.8465992212295532 -0.5990883719431993 -0.011554024422520646 -0.3196893062508655 0.734001681286314 0.20712915062904358 -0.07173320651054382 0.9149441719055176 -0.22239984330442086 -0.14373159252499168 0.8979418375243003 0.35153945898762223 0.26595303416252136 -0.07804357260465622 0.896461009979248 0.23328474429281665 0.4706507985165295 0.7909267222116293 0.31384896667136564 0.24649740755558014 -0.09707684069871902 0.8663883805274963 0.4972347067069656 0.3275922160425612 0.6516028212327664 0.46995216388409733 0.23206087946891785 -0.09071391075849533 0.8479737639427185 0.5493960976600647 0.2381875067949295 0.591078519821167 0.5404230356216431 0.22582751512527466 -0.07535310089588165 0.8408443331718445 0.530356228351593 0.2847461402416229 0.5555185675621033 0.5736209750175476
0.15424422919750214 0.017951225861907005 0.8464117646217346 -0.6099992318238522 -0.017045907266216662 -0.31316259191884926 0.7276947474230882 0.20852643251419067 -0.06763166189193726 0.9157925844192505 -0.20890529906032465 -0.14098984308308724 0.9061219496055656 0.33974028369201564 0.26450809836387634 -0.07589996606111526 0.8965445756912231 0.2505647477199604 0.46906681290196345 0.7817165118028926 0.3257499046834133 0.2391459345817566 -0.0946221798658371 0.8651790022850037 0.5339201811120755 0.29379774412435694 0.6185111072857951 0.49604076438076605 0.22457915544509888 -0.08777305483818054 0.8489472270011902 0.5704725980758667 0.21066468954086304 0.5521158576011658 0.5703943371772766 0.21935856342315674 -0.07261400669813156 0.8422613143920898 0.5494210720062256 0.2615017294883728 0.5131123661994934 0.6053668856620789
0.15424422919750214 0.017951225861907005 0.8464117646217346 -0.6099992318238522 -0.017045907266216662 -0.31316259191884926 0.7276947474230882 0.20852643251419067 -0.06763166189193726 0.9157925844192505 -0.20890529906032465 -0.14098984308308724 0.9061219496055656 0.33974028369201564 0.26450809836387634 -0.07589996606111526 0.8965445756912231 0.2505647477199604 0.46906681290196345 0.7817165118028926 0.3257499046834133 0.2391459345817566 -0.0946221798658371 0.8651790022850037 0.5339201811120755 0.29379774412435694 0.6185111072857951 0.49604076438076605 0.22457915544509888 -0.08777305483818054 0.8489472270011902 0.5704725980758667 0.21066468954086304 0.5521158576011658 0.5703943371772766 0.21935856342315674 -0.07261400669813156 0.8422613143920898 0.5494210720062256 0.2615017294883728 0.5131123661994934 0.6053668856620789
0.15274424850940704 0.02037568762898445 0.8461986184120178 -0.6256776078678116 -0.0256572877805659 -0.30436701665655946 0.7177952272557899 0.2093002200126648 -0.0632837563753128 0.9150094985961914 -0.1715006628521444 -0.1504238054324821 0.9168736014021572 0.32757135255881875 0.259075790643692 -0.07458625733852386 0.8958099484443665 0.30427476624704586 0.4497366229013205 0.7572330271032305 0.3629765493974975 0.22623386979103088 -0.08994932472705841 0.8647506237030029 0.5870692729949951 0.2330038845539093 0.5555749535560608 0.5407360196113586 0.2139139175415039 -0.08258411288261414 0.8510514497756958 0.597222089767456 0.16666898131370544 0.49161022901535034 0.6114465594291687 0.2098502218723297 -0.06833885610103607 0.8444415330886841 0.5741214156150818 0.22247333824634552 0.4489239752292633 0.6475783586502075
0.15115022659301758 0.02083456516265869 0.84639972448349 -0.6303894886167805 -0.031731477713767844 -0.2995746324583859 0.715441968282336 0.20889723300933838 -0.061938896775245667 0.9145863056182861 -0.1527736067291368 -0.15725012425394297 0.9215094866317413 0.32055092473142294 0.2544060945510864 -0.07491407543420792 0.8949336409568787 0.34318565744242324 0.42809711428322494 0.740579562680149 0.3879410818314269 0.22153466939926147 -0.08766762912273407 0.8649404644966125 0.6030361652374268 0.21182528138160706 0.5350205302238464 0.552476704120636 0.2108459174633026 -0.08086223155260086 0.8524184226989746 0.5993184447288513 0.15887451171875 0.47893697023391724 0.6214465498924255 0.20663294196128845 -0.06679272651672363 0.8456301093101501 0.5779110193252563 0.21303735673427582 0.4325571060180664 0.6584286689758301
0.14981961250305176 0.021270785480737686 0.8463548421859741 -0.634708818963185 -0.03695889198927904 -0.295592278976949 0.713024447939136 0.20847037434577942 -0.06063341721892357 0.9143095016479492 -0.13907134305634455 -0.16079437702656155 0.9249848479535564 0.3149720418357837 0.2493704855442047 -0.0753265917301178 0.8939158916473389 0.3826436759827273 0.40318242202321836 0.7203224150750093 0.41492566880600074 0.21772438287734985 -0.08576783537864685 0.8656471967697144 0.6122749447822571 0.195562943816185 0.5175819396972656 0.5647863149642944 0.208862766623497 -0.07956236600875854 0.8538178205490112 0.5970481634140015 0.15686489641666412 0.4714155197143555 0.6298367977142334 0.2053496241569519 -0.06584629416465759 0.8469066619873047 0.5733593106269836 0.21555501222610476 0.4283083081245423 0.6643398404121399
0.14981961250305176 0.021270785480737686 0.8463548421859741 -0.634708818963185 -0.03695889198927904 -0.295592278976949 0.713024447939136 0.20847037434577942 -0.06063341721892357 0.9143095016479492 -0.13907134305634455 -0.16079437702656155 0.9249848479535564 0.3149720418357837 0.2493704855442047 -0.0753265917301178 0.8939158916473389 0.3826436759827273 0.40318242202321836 0.7203224150750093 0.41492566880600074 0.21772438287734985 -0.08576783537864685 0.8656471967697144 0.6122749447822571 0.195562943816185 0.5175819396972656 0.5647863149642944 0.208862766623497 -0.07956236600875854 0.8538178205490112 0.5970481634140015 0.15686489641666412 0.4714155197143555 0.6298367977142334 0.2053496241569519 -0.06584629416465759 0.8469066619873047 0.5733593106269836 0.21555501222610476 0.4283083081245423 0.6643398404121399
0.14824411273002625 0.021665174514055252 0.8448899388313293 -0.6402765791595146 -0.04583775878646605 -0.286569515297966 0.7112122398035435 0.20943567156791687 -0.05793599411845207 0.9126468896865845 -0.11872588773250471 -0.16206764606438112 0.9322556919161337 0.3008946351464228 0.2446853518486023 -0.07471592724323273 0.8914777040481567 0.41195511922466715 0.3797666393537376 0.7039184726063011 0.4365423368375867 0.21639390289783478 -0.08372063934803009 0.8655291199684143 0.6075994968414307 0.19601693749427795 0.5156031847000122 0.571448802947998 0.21051093935966492 -0.07877054810523987 0.8544611930847168 0.5798686146736145 0.18030379712581635 0.48586514592170715 0.6286319494247437 0.20674261450767517 -0.0649772435426712 0.8472051620483398 0.5579228401184082 0.2362205982208252 0.4409816563129425 0.6621612310409546
0.14764632284641266 0.021848252043128014 0.8442408442497253 -0.6425587035200814 -0.04849415422494092 -0.2824590510510034 0.7106219956467564 0.2099633812904358 -0.05685780942440033 0.9117048382759094 -0.11072048382095474 -0.16193265173972263 0.9348933172033992 0.2957926747154355 0.24287652969360352 -0.07448697090148926 0.8901221752166748 0.42180837863389803 0.37061006206422836 0.6984363230697727 0.4437486154724527 0.2168988287448883 -0.08326317369937897 0.8653949499130249 0.5997868776321411 0.20437219738960266 0.5221313238143921 0.5708472728729248 0.21192899346351624 -0.07865755259990692 0.8545978665351868 0.569160521030426 0.1964794397354126 0.4964672327041626 0.6252779960632324 0.2076125144958496 -0.06475488841533661 0.847039520740509 0.550442636013031 0.24828648567199707 0.448672890663147 0.6588318347930908
0.14687392115592957 0.022192493081092834 0.844163179397583 -0.6436352071897672 -0.051080845810612195 -0.2768632701347615 0.7116679554605776 0.2103446125984192 -0.055895961821079254 0.9109655022621155 -0.1031131494277921 -0.16411221789998948 0.9368741076935904 0.2910356954873106 0.24039602279663086 -0.0740572139620781 0.8886599540710449 0.4403125336088061 0.355610019101409 0.6883141934124407 0.45375129845211476 0.21645726263523102 -0.0822715163230896 0.8651461005210876 0.5971581935882568 0.2066079080104828 0.5239720344543457 0.571111798286438 0.2119467407464981 -0.0777478739619255 0.854634702205658 0.5646712183952332 0.20444835722446442 0.4996184110641479 0.624282717704773 0.2077169567346573 -0.06396149843931198 0.8468445539474487 0.5478741526603699 0.2553800940513611 0.45218467712402344 0.6558537483215332
0.14569894969463348 0.022985897958278656 0.8445618152618408 -0.6447827040226567 -0.05138366628650812 -0.26977779222924475 0.7133267061292172 0.2102670967578888 -0.054853565990924835 0.9105023741722107 -0.09582745974626318 -0.16638011939652056 0.9380487719486678 0.28844284110335566 0.23798367381095886 -0.07314115762710571 0.8872010111808777 0.4579130775756577 0.3432433803867656 0.6783981533646136 0.4607338677978408 0.21559196710586548 -0.08080300688743591 0.8650099039077759 0.5980951189994812 0.2086285948753357 0.521600604057312 0.5715674757957458 0.21083365380764008 -0.07624293863773346 0.8546649217605591 0.56521075963974 0.20798690617084503 0.4962109327316284 0.6253423690795898 0.20691955089569092 -0.06260218471288681 0.846574604511261 0.5495604276657104 0.2600249946117401 0.4508919715881348 0.65350341796875
0.14569894969463348 0.022985897958278656 0.8445618152618408 -0.6447827040226567 -0.05138366628650812 -0.26977779222924475 0.7133267061292172 0.2102670967578888 -0.054853565990924835 0.9105023741722107 -0.09582745974626318 -0.16638011939652056 0.9380487719486678 0.28844284110335566 0.23798367381095886 -0.07314115762710571 0.8872010111808777 0.4579130775756577 0.3432433803867656 0.6783981533646136 0.4607338677978408 0.21559196710586548 -0.08080300688743591 0.8650099039077759 0.5980951189994812 0.2086285948753357 0.521600604057312 0.5715674757957458 0.21083365380764008 -0.07624293863773346 0.8546649217605591 0.56521075963974 0.20798690617084503 0.4962109327316284 0.6253423690795898 0.20691955089569092 -0.06260218471288681 0.846574604511261 0.5495604276657104 0.2600249946117401 0.4508919715881348 0.65350341796875
0.14453917741775513 0.024500522762537003 0.8459078073501587 -0.6490747284088941 -0.05202566420913312 -0.25647157239071994 0.7142952137897097 0.21043437719345093 -0.053103137761354446 0.9113988280296326 -0.09409781211747113 -0.1660103721482294 0.9385239667640819 0.2876785225282155 0.23440062999725342 -0.07116363942623138 0.88533616065979 0.48701615224915284 0.32204233394184745 0.6601108589445741 0.4726070306043605 0.2144852727651596 -0.07749268412590027 0.8652494549751282 0.6070847511291504 0.20683713257312775 0.509330153465271 0.5738025903701782 0.20900222659111023 -0.07248975336551666 0.8546844720840454 0.5808725953102112 0.1993793100118637 0.4764558672904968 0.6291459202766418 0.20550969243049622 -0.05926040932536125 0.8467170000076294 0.5640215277671814 0.2514110803604126 0.4322869181632995 0.6571151614189148
0.14490880072116852 0.02530115842819214 0.846413254737854 -0.65440928270571 -0.05045103317422483 -0.24981427723897567 0.7118961235048137 0.21134018898010254 -0.05209655314683914 0.9118856191635132 -0.09322795852112477 -0.16193015391148805 0.938651980153705 0.28986142889685507 0.23112761974334717 -0.07006414979696274 0.8838416337966919 0.5218037330998564 0.2980726766187113 0.6313750411781984 0.4901423312093908 0.21254616975784302 -0.07496460527181625 0.8650974035263062 0.6261616349220276 0.18970243632793427 0.48146358132362366 0.5832046270370483 0.20636190474033356 -0.06959480792284012 0.8544896841049194 0.602163553237915 0.17410987615585327 0.4427819848060608 0.6411156058311462 0.20386086404323578 -0.05707520991563797 0.8466167449951172 0.5804810523986816 0.2322433441877365 0.4045221209526062 0.6674330830574036
0.14572875201702118 0.025975078344345093 0.8466967940330505 -0.6620706878659454 -0.048506103825105555 -0.24418429111260834 0.7068830727900882 0.2123270481824875 -0.051114521920681 0.9126386642456055 -0.09289607250531338 -0.15526588001842215 0.9386269010886626 0.29367050038113146 0.22698231041431427 -0.06873153895139694 0.8827638626098633 0.5603087544441223 0.26771700382232666 0.592189371585846 0.5135108828544617 0.21029755473136902 -0.07222408056259155 0.8653888702392578 0.645978569984436 0.16771695017814636 0.44597533345222473 0.5963966846466064 0.20473481714725494 -0.06692808866500854 0.8547163009643555 0.6192269921302795 0.15128304064273834 0.40999555587768555 0.6523611545562744 0.2030247151851654 -0.055264249444007874 0.8470209836959839 0.5917745232582092 0.21589159965515137 0.37739455699920654 0.6787983179092407
0.14665819704532623 0.02668103575706482 0.8470702171325684 -0.6675791050726168 -0.04739766128929235 -0.23685729171379294 0.7042657235708205 0.21416451036930084 -0.04978645592927933 0.9128371477127075 -0.0868013598993832 -0.15133145858124586 0.9399361357882035 0.2934013981968524 0.22468170523643494 -0.06720316410064697 0.881920576095581 0.5827048420906067 0.24702973663806915 0.5661544799804688 0.5281103253364563 0.20988395810127258 -0.06999800354242325 0.8656344413757324 0.6550884246826172 0.15823812782764435 0.4258449077606201 0.6037185192108154 0.20472458004951477 -0.06478807330131531 0.8550870418548584 0.6266457438468933 0.14264215528964996 0.39112526178359985 0.658778727054596 0.203372523188591 -0.05354146659374237 0.8472845554351807 0.5977343916893005 0.2097092866897583 0.36077600717544556 0.6845264434814453
0.14665819704532623 0.02668103575706482 0.8470702171325684 -0.6675791050726168 -0.04739766128929235 -0.23685729171379294 0.7042657235708205 0.21416451036930084 -0.04978645592927933 0.9128371477127075 -0.0868013598993832 -0.15133145858124586 0.9399361357882035 0.2934013981968524 0.22468170523643494 -0.06720316410064697 0.881920576095581 0.5827048420906067 0.24702973663806915 0.5661544799804688 0.5281103253364563 0.20988395810127258 -0.06999800354242325 0.8656344413757324 0.6550884246826172 0.15823812782764435 0.4258449077606201 0.6037185192108154 0.20472458004951477 -0.06478807330131531 0.8550870418548584 0.6266457438468933 0.14264215528964996 0.39112526178359985 0.658778727054596 0.203372523188591 -0.05354146659374237 0.8472845554351807 0.5977343916893005 0.2097092866897583 0.36077600717544556 0.6845264434814453
0.147797092795372 0.028226761147379875 0.8474112749099731 -0.6843192409816661 -0.036985540712000844 -0.22798882857997013 0.6916361011693144 0.21626202762126923 -0.047095902264118195 0.9131404757499695 -0.06821538168034189 -0.13468242491513116 0.9417732990721167 0.3004502832523049 0.2214246243238449 -0.06550164520740509 0.8822838068008423 0.5972787737846375 0.23413623869419098 0.5312215685844421 0.5533914566040039 0.2084636688232422 -0.06772620230913162 0.8674643039703369 0.6574432849884033 0.15548375248908997 0.39451146125793457 0.6228594779968262 0.2028530240058899 -0.06209230422973633 0.8568326830863953 0.6313451528549194 0.13252165913581848 0.35191988945007324 0.678228497505188 0.2017519474029541 -0.0511595755815506 0.8483850955963135 0.6054508686065674 0.19482704997062686 0.3170100450515747 0.7035455703735352
0.147797092795372 0.028226761147379875 0.8474112749099731 -0.6843192409816661 -0.036985540712000844 -0.22798882857997013 0.6916361011693144 0.21626202762126923 -0.047095902264118195 0.9131404757499695 -0.06821538168034189 -0.13468242491513116 0.9417732990721167 0.3004502832523049 0.2214246243238449 -0.06550164520740509 0.8822838068008423 0.5972787737846375 0.23413623869419098 0.5312215685844421 0.5533914566040039 0.2084636688232422 -0.06772620230913162 0.8674643039703369 0.6574432849884033 0.15548375248908997 0.39451146125793457 0.6228594779968262 0.2028530240058899 -0.06209230422973633 0.8568326830863953 0.6313451528549194 0.13252165913581848 0.35191988945007324 0.678228497505188 0.2017519474029541 -0.0511595755815506 0.8483850955963135 0.6054508686065674 0.19482704997062686 0.3170100450515747 0.7035455703735352
0.147797092795372 0.028226761147379875 0.8474112749099731 -0.6843192409816661 -0.036985540712000844 -0.22798882857997013 0.6916361011693144 0.21626202762126923 -0.047095902264118195 0.9131404757499695 -0.06821538168034189 -0.13468242491513116 0.9417732990721167 0.3004502832523049 0.2214246243238449 -0.06550164520740509 0.8822838068008423 0.5972787737846375 0.23413623869419098 0.5312215685844421 0.5533914566040039 0.2084636688232422 -0.06772620230913162 0.8674643039703369 0.6574432849884033 0.15548375248908997 0.39451146125793457 0.6228594779968262 0.2028530240058899 -0.06209230422973633 0.8568326830863953 0.6313451528549194 0.13252165913581848 0.35191988945007324 0.678228497505188 0.2017519474029541 -0.0511595755815506 0.8483850955963135 0.6054508686065674 0.19482704997062686 0.3170100450515747 0.7035455703735352
0.147797092795372 0.028226761147379875 0.8474112749099731 -0.6843192409816661 -0.036985540712000844 -0.22798882857997013 0.6916361011693144 0.21626202762126923 -0.047095902264118195 0.9131404757499695 -0.06821538168034189 -0.13468242491513116 0.9417732990721167 0.3004502832523049 0.2214246243238449 -0.06550164520740509 0.8822838068008423 0.5972787737846375 0.23413623869419098 0.5312215685844421 0.5533914566040039 0.2084636688232422 -0.06772620230913162 0.8674643039703369 0.6574432849884033 0.15548375248908997 0.39451146125793457 0.6228594779968262 0.2028530240058899 -0.06209230422973633 0.8568326830863953 0.6313451528549194 0.13252165913581848 0.35191988945007324 0.678228497505188 0.2017519474029541 -0.0511595755815506 0.8483850955963135 0.6054508686065674 0.19482704997062686 0.3170100450515747 0.7035455703735352
0.147797092795372 0.028226761147379875 0.8474112749099731 -0.6843192409816661 -0.036985540712000844 -0.22798882857997013 0.6916361011693144 0.21626202762126923 -0.047095902264118195 0.9131404757499695 -0.06821538168034189 -0.13468242491513116 0.9417732990721167 0.3004502832523049 0.2214246243238449 -0.06550164520740509 0.8822838068008423 0.5972787737846375 0.23413623869419098 0.5312215685844421 0.5533914566040039 0.2084636688232422 -0.06772620230913162 0.8674643039703369 0.6574432849884033 0.15548375248908997 0.39451146125793457 0.6228594779968262 0.2028530240058899 -0.06209230422973633 0.8568326830863953 0.6313451528549194 0.13252165913581848 0.35191988945007324 0.678228497505188 0.2017519474029541 -0.0511595755815506 0.8483850955963135 0.6054508686065674 0.19482704997062686 0.3170100450515747 0.7035455703735352
0.14802664518356323 0.02898320183157921 0.8474944829940796 -0.6937425694490861 -0.027783356978720496 -0.22329826958706733 0.6841690586134677 0.2169286012649536 -0.046096984297037125 0.9129804372787476 -0.058685402500453746 -0.12293255158039607 0.9416374695224068 0.3078351574016204 0.22222773730754852 -0.065411776304245 0.882675051689148 0.5898932218551636 0.24961934983730316 0.5293753147125244 0.5563075542449951 0.20870450139045715 -0.06783001124858856 0.8682377934455872 0.6519643068313599 0.1689111441373825 0.3889990448951721 0.6285631060600281 0.2022724747657776 -0.06178184971213341 0.857550859451294 0.6288466453552246 0.14031967520713806 0.3395599126815796 0.6852456331253052 0.20106106996536255 -0.05087867006659508 0.8488233685493469 0.6037620902061462 0.20098459720611572 0.3028563857078552 0.7094749212265015
0.14781269431114197 0.029091089963912964 0.8462100625038147 -0.7315504915085436 0.015769581164107517 -0.19695363429089183 0.652529326382189 0.21894654631614685 -0.045956581830978394 0.9074553847312927 0.011805358660471183 -0.07596893667237935 0.9350943768162924 0.3459593721669094 0.23060423135757446 -0.06825385987758636 0.8836140632629395 0.5155379772186279 0.37127766013145447 0.5570023655891418 0.5349037051200867 0.21728968620300293 -0.0741955041885376 0.8693622350692749 0.5918053388595581 0.3077584505081177 0.4284747838973999 0.6094757318496704 0.20827904343605042 -0.06762189418077469 0.8582906126976013 0.5904144644737244 0.2640572190284729 0.3561476469039917 0.6744207143783569 0.20464563369750977 -0.05521514266729355 0.8479102849960327 0.5787174701690674 0.2934233844280243 0.2991247773170471 0.6996523141860962
0.14720427989959717 0.028607621788978577 0.8459597229957581 -0.7348851048999777 0.020874181999516545 -0.19293335299363584 0.6498345062806266 0.21897539496421814 -0.04636254906654358 0.9060807824134827 0.022725128855689024 -0.07167536562110505 0.9342241552118947 0.34867094958653 0.23162038624286652 -0.06875401735305786 0.8833026885986328 0.5080214142799377 0.38662412762641907 0.5595085024833679 0.5285702347755432 0.21899551153182983 -0.0753280520439148 0.8691546320915222 0.5824331045150757 0.33028295636177063 0.4367868900299072 0.6007513999938965 0.21033820509910583 -0.06924430280923843 0.8576890230178833 0.5826379060745239 0.2910812497138977 0.3693142533302307 0.6628814339637756 0.20562700927257538 -0.056487902998924255 0.8470486402511597 0.5749726295471191 0.3139575123786926 0.3085029721260071 0.6896834373474121
0.14720427989959717 0.028607621788978577 0.8459597229957581 -0.7348851048999777 0.020874181999516545 -0.19293335299363584 0.6498345062806266 0.21897539496421814 -0.04636254906654358 0.9060807824134827 0.022725128855689024 -0.07167536562110505 0.9342241552118947 0.34867094958653 0.23162038624286652 -0.06875401735305786 0.8833026885986328 0.5080214142799377 0.38662412762641907 0.5595085024833679 0.5285702347755432 0.21899551153182983 -0.0753280520439148 0.8691546320915222 0.5824331045150757 0.33028295636177063 0.4367868900299072 0.6007513999938965 0.21033820509910583 -0.06924430280923843 0.8576890230178833 0.5826379060745239 0.2910812497138977 0.3693142533302307 0.6628814339637756 0.20562700927257538 -0.056487902998924255 0.8470486402511597 0.5749726295471191 0.3139575123786926 0.3085029721260071 0.6896834373474121
0.14566877484321594 0.027101613581180573 0.8459275960922241 -0.737538738163221 0.027692001058361355 -0.1906712612961243 0.6472358923818966 0.21758608520030975 -0.04810045659542084 0.904784619808197 0.03526826745016474 -0.0691791059621301 0.9323482272306121 0.3531249410338664 0.23049795627593994 -0.07059420645236969 0.8829001188278198 0.5085816383361816 0.39425069093704224 0.5550097227096558 0.5271390080451965 0.2185237854719162 -0.07763831317424774 0.8688514232635498 0.5767887234687805 0.3461380898952484 0.4406875967979431 0.5943887233734131 0.21047469973564148 -0.07222846150398254 0.8569175004959106 0.5754991769790649 0.3163199722766876 0.3821951448917389 0.6501303911209106 0.2046702802181244 -0.05919058620929718 0.8461291193962097 0.5721831917762756 0.33521056175231934 0.3187323808670044 0.6772371530532837
0.14502662420272827 0.026133736595511436 0.8457029461860657 -0.7376732609723888 0.02925429120836803 -0.19155629791748435 0.6467521233536357 0.21663515269756317 -0.0492171049118042 0.9045782685279846 0.03604445013405698 -0.06904924983506279 0.9316889617669849 0.35480792139702966 0.22974932193756104 -0.07173080742359161 0.8827368021011353 0.5097020864486694 0.39441996812820435 0.5530662536621094 0.5279718637466431 0.2177852988243103 -0.07887479662895203 0.8686438798904419 0.5760277509689331 0.34779202938079834 0.4411199688911438 0.5938399434089661 0.2102859765291214 -0.07379429787397385 0.8567330837249756 0.5712388157844543 0.3244486153125763 0.38822224736213684 0.6462993621826172 0.2048366665840149 -0.060974910855293274 0.8459044694900513 0.5661202073097229 0.3497224450111389 0.3304820656776428 0.6693159341812134
0.1446715146303177 0.025187328457832336 0.8451266288757324 -0.7365449420225403 0.02918628691706885 -0.19357086069596469 0.6474411108433549 0.21584971249103546 -0.05038730800151825 0.9041194319725037 0.03499049052665881 -0.07094601763666497 0.9312887114554438 0.355589229650215 0.22889398038387299 -0.07278864085674286 0.8822618722915649 0.5130313038825989 0.390438973903656 0.5503403544425964 0.530548632144928 0.2173570841550827 -0.08001766353845596 0.8681252002716064 0.5756831169128418 0.34702834486961365 0.4425509572029114 0.5935563445091248 0.21023857593536377 -0.07515056431293488 0.8561133742332458 0.568831741809845 0.32780224084854126 0.3938429057598114 0.6433226466178894 0.20508314669132233 -0.062429338693618774 0.8454083204269409 0.5618657469749451 0.3572700321674347 0.3394193649291992 0.6644243001937866
0.1446715146303177 0.025187328457832336 0.8451266288757324 -0.7365449420225403 0.02918628691706885 -0.19357086069596469 0.6474411108433549 0.21584971249103546 -0.05038730800151825 0.9041194319725037 0.03499049052665881 -0.07094601763666497 0.9312887114554438 0.355589229650215 0.22889398038387299 -0.07278864085674286 0.8822618722915649 0.5130313038825989 0.390438973903656 0.5503403544425964 0.530548632144928 0.2173570841550827 -0.08001766353845596 0.8681252002716064 0.5756831169128418 0.34702834486961365 0.4425509572029114 0.5935563445091248 0.21023857593536377 -0.07515056431293488 0.8561133742332458 0.568831741809845 0.32780224084854126 0.3938429057598114 0.6433226466178894 0.20508314669132233 -0.062429338693618774 0.8454083204269409 0.5618657469749451 0.3572700321674347 0.3394193649291992 0.6644243001937866
0.14405369758605957 0.02432914823293686 0.8431235551834106 -0.7311983985402215 0.02466656004660462 -0.20382517040336545 0.6505350882488599 0.2133018970489502 -0.05206318944692612 0.9033806920051575 0.02387814594148036 -0.07882675261117654 0.9303829418897741 0.35721674141941445 0.22400832176208496 -0.0738336369395256 0.8809158802032471 0.5363783836364746 0.35627633333206177 0.5304183959960938 0.5513818264007568 0.21431505680084229 -0.08078182488679886 0.8667690753936768 0.5831260681152344 0.3257226347923279 0.4369523227214813 0.6024463772773743 0.20860233902931213 -0.07634571939706802 0.8545938730239868 0.5694334506988525 0.3151523768901825 0.39885431528091436 0.6460185647010803 0.2040441483259201 -0.06363271921873093 0.844002366065979 0.5614556074142456 0.34735578298568726 0.34648850560188293 0.6663763523101807
0.14377301931381226 0.0244333203881979 0.8419420719146729 -0.7270782371811603 0.020420977233222327 -0.2109783377541397 0.6530147986792896 0.2117723524570465 -0.05252249538898468 0.9029573798179626 0.015919747836770734 -0.0849210822585956 0.9298856863040885 0.3575578259807039 0.22148732841014862 -0.07376568764448166 0.8803041577339172 0.5472628474235535 0.33586329221725464 0.5217580199241638 0.5616653561592102 0.2123684138059616 -0.08043823391199112 0.8660451173782349 0.5888606309890747 0.3089871108531952 0.4326323866844177 0.608768880367279 0.20716914534568787 -0.07600782811641693 0.8537094593048096 0.5733024477958679 0.2996063232421875 0.397799551486969 0.6506273746490479 0.20326527953147888 -0.06347300112247467 0.8432358503341675 0.563129723072052 0.33554863929748535 0.3485681116580963 0.6699197292327881
0.14363069832324982 0.024758515879511833 0.8406896591186523 -0.7224488016133759 0.016095171539473024 -0.2184370565105341 0.6558155096257487 0.21028803288936615 -0.05289096385240555 0.9026899933815002 0.0025979633501831507 -0.08965182120090066 0.9292428332103537 0.35841818904051 0.2196594774723053 -0.07359328866004944 0.8796588182449341 0.5537286996841431 0.319581001996994 0.5178952217102051 0.5683637261390686 0.21054089069366455 -0.07983841001987457 0.8651686310768127 0.596280574798584 0.28953343629837036 0.4263799786567688 0.6154835820198059 0.2060413509607315 -0.07541640847921371 0.8527153730392456 0.5784382820129395 0.28181836009025574 0.3955247104167938 0.6553990244865417 0.2027275115251541 -0.06301815062761307 0.8423335552215576 0.5661541819572449 0.32092005014419556 0.3492005467414856 0.6741951107978821
0.14339160919189453 0.025090273469686508 0.8396331667900085 -0.7174311515561919 0.011319260493292385 -0.22214601527947594 0.6601633856624047 0.20945370197296143 -0.05302635207772255 0.9021870493888855 -0.009942718371764817 -0.09397587063243344 0.9293706251134185 0.3568472489616803 0.21956181526184082 -0.07327327132225037 0.8788683414459229 0.5526038408279419 0.3147149085998535 0.5234164595603943 0.5671144127845764 0.2105337530374527 -0.07939709722995758 0.86407870054245 0.5970633029937744 0.28342002630233765 0.4311477839946747 0.614247739315033 0.20631679892539978 -0.07484282553195953 0.8515428304672241 0.5796821117401123 0.27475613355636597 0.4007472693920136 0.6541250348091125 0.20327427983283997 -0.06243256852030754 0.8412017822265625 0.566641628742218 0.3152182698249817 0.35624927282333374 0.672786295413971
0.14321622252464294 0.025747641921043396 0.8391010761260986 -0.713119345137986 0.007570157642001051 -0.2272080874504821 0.6631591798673806 0.20834404230117798 -0.05292115360498428 0.9022773504257202 -0.020255264742073602 -0.09833369974611722 0.9287718483972001 0.3567955971278637 0.21958914399147034 -0.07302267104387283 0.879019558429718 0.5463913083076477 0.31377214193344116 0.5322881937026978 0.5653963088989258 0.21034088730812073 -0.078977569937706 0.8638421297073364 0.5954112410545349 0.27913427352905273 0.43717852234840393 0.6135509014129639 0.2065286785364151 -0.07426826655864716 0.8512433171272278 0.578862190246582 0.26982635259628296 0.4066944420337677 0.6532320976257324 0.20388460159301758 -0.06182190775871277 0.8408908247947693 0.5653471946716309 0.31139007210731506 0.3639991581439972 0.6715083122253418
0.1430986225605011 0.026531200855970383 0.8389362692832947 -0.7099572511421222 0.004841038613063632 -0.23255126015053107 0.6647233243506084 0.20736543834209442 -0.052457135170698166 0.9027743339538574 -0.027315623026657725 -0.10114933858096695 0.9283048228122031 0.35675318134419876 0.21934756636619568 -0.07271736860275269 0.879740834236145 0.5402488708496094 0.31275343894958496 0.5390658378601074 0.565441906452179 0.20963555574417114 -0.07838749885559082 0.8643404245376587 0.5949774980545044 0.2721048593521118 0.438141405582428 0.6164355874061584 0.20629653334617615 -0.07353442907333374 0.8514747619628906 0.5799561738967896 0.2615191638469696 0.407875120639801 0.654901921749115 0.20416215062141418 -0.06114717945456505 0.8411243557929993 0.5650097727775574 0.3053375482559204 0.36780738830566406 0.6724958419799805
0.14294274151325226 0.02754637785255909 0.838975727558136 -0.706418307710093 0.003618040606127093 -0.2369871591604478 0.6669310559804443 0.20668984949588776 -0.05176875740289688 0.9030718803405762 -0.031829838941909695 -0.1036356457362399 0.9280716907705838 0.3562715668581253 0.2191784679889679 -0.07229644060134888 0.8801958560943604 0.5356999039649963 0.3120790719985962 0.5451902747154236 0.5642694234848022 0.20913814008235931 -0.07769306004047394 0.8646395206451416 0.595477819442749 0.26673755049705505 0.4390643835067749 0.617640495300293 0.2060413956642151 -0.07263533025979996 0.8515194654464722 0.582226037979126 0.2539895474910736 0.4084867537021637 0.6554697751998901 0.2042379528284073 -0.060287877917289734 0.8411851525306702 0.5661131143569946 0.29965072870254517 0.37068861722946167 0.6725438833236694
0.14284257590770721 0.02860039472579956 0.839233934879303 -0.7036158656017445 0.004440555107578104 -0.23804928558312138 0.6695053941404908 0.20668333768844604 -0.0509936586022377 0.9030030965805054 -0.03209379162175829 -0.105348258959493 0.9281730017543138 0.35548084423408416 0.2204759567975998 -0.0718400776386261 0.8804082870483398 0.5272047519683838 0.32024624943733215 0.5556588172912598 0.557441234588623 0.20934483408927917 -0.07688885927200317 0.864616334438324 0.5970802307128906 0.2656979262828827 0.43913590908050537 0.6164897680282593 0.20681993663311005 -0.07180371135473251 0.8514395952224731 0.5831146240234375 0.2543138861656189 0.4112582206726074 0.6528158187866211 0.20505405962467194 -0.059369444847106934 0.8410197496414185 0.5666126012802124 0.3003467619419098 0.3750389516353607 0.6693937182426453
0.1424245983362198 0.029453709721565247 0.8397769927978516 -0.701317810849476 0.005488464327637412 -0.23705886580141183 0.67225459681472 0.2065790742635727 -0.05038754642009735 0.9029600620269775 -0.03000883379818194 -0.10767316720978728 0.9283716120078476 0.35444622384128194 0.22181867063045502 -0.07134995609521866 0.8806591033935547 0.5182168483734131 0.3304648697376251 0.566425621509552 0.549004852771759 0.20964032411575317 -0.07622683793306351 0.8648111820220947 0.5967183113098145 0.2685198187828064 0.441064715385437 0.6142363548278809 0.20744004845619202 -0.07106414437294006 0.8514049053192139 0.5833525657653809 0.25784173607826233 0.4150749146938324 0.648791491985321 0.20564575493335724 -0.058527953922748566 0.8409382700920105 0.56660395860672 0.3041401505470276 0.38014650344848633 0.6647912263870239
0.14210467040538788 0.030138349160552025 0.8401197195053101 -0.7021659316348492 0.007114836645890659 -0.23867267853164786 0.6707814022839783 0.20591911673545837 -0.04981271177530289 0.9035532474517822 -0.03059973561046562 -0.10596915211327626 0.9277782491728003 0.35645719474443366 0.22181998193264008 -0.07104578614234924 0.8815553784370422 0.5120251774787903 0.3363765478134155 0.5699504613876343 0.5475742816925049 0.20907093584537506 -0.07587382942438126 0.8656995296478271 0.5952257513999939 0.26958030462265015 0.43966493010520935 0.6162205338478088 0.2066807746887207 -0.07062061131000519 0.8520352244377136 0.5836458802223206 0.2565155625343323 0.4124646782875061 0.6507151126861572 0.20492659509181976 -0.05811558663845062 0.8415062427520752 0.5669454336166382 0.30262649059295654 0.3775264024734497 0.666681170463562
0.1417943388223648 0.030630357563495636 0.8401605486869812 -0.703608420480065 0.00882382090987007 -0.23866407950976168 0.6692508771014926 0.20557399094104767 -0.04928526282310486 0.9034736752510071 -0.0260459957543572 -0.10537268594080937 0.9275597005830714 0.35756288243419565 0.2214532196521759 -0.07065001130104065 0.8817685842514038 0.5120008587837219 0.33814170956611633 0.5681177973747253 0.5484136939048767 0.20903757214546204 -0.0755528062582016 0.8660891652107239 0.5940471291542053 0.2732692360877991 0.4386918246746063 0.6164265275001526 0.20622947812080383 -0.07021008431911469 0.8522890210151672 0.583910346031189 0.2569322884082794 0.40967077016830444 0.6520769000053406 0.2044627070426941 -0.05777599662542343 0.8416900634765625 0.5668994784355164 0.30324774980545044 0.37511390447616577 0.6677989363670349
0.1416299194097519 0.030976004898548126 0.8400552272796631 -0.705870125850136 0.011157344642621948 -0.23815442797421943 0.6670123646888679 0.20547574758529663 -0.048794783651828766 0.9030760526657104 -0.01745512011921137 -0.1049531392023832 0.9274026699172443 0.3586146716674362 0.220994770526886 -0.07035082578659058 0.8817880153656006 0.5138992071151733 0.33900904655456543 0.5637514591217041 0.5506042242050171 0.20908552408218384 -0.07536234706640244 0.866368293762207 0.5929520130157471 0.2774825990200043 0.4365825057029724 0.6170958876609802 0.2057861089706421 -0.06991356611251831 0.8524219393730164 0.5846912860870361 0.25712594389915466 0.4050425887107849 0.6541888117790222 0.20413970947265625 -0.05762413144111633 0.8418036699295044 0.5663723349571228 0.3051931858062744 0.3718479871749878 0.6691851615905762
0.1416299194097519 0.030976004898548126 0.8400552272796631 -0.705870125850136 0.011157344642621948 -0.23815442797421943 0.6670123646888679 0.20547574758529663 -0.048794783651828766 0.9030760526657104 -0.01745512011921137 -0.1049531392023832 0.9274026699172443 0.3586146716674362 0.220994770526886 -0.07035082578659058 0.8817880153656006 0.5138992071151733 0.33900904655456543 0.5637514591217041 0.5506042242050171 0.20908552408218384 -0.07536234706640244 0.866368293762207 0.5929520130157471 0.2774825990200043 0.4365825057029724 0.6170958876609802 0.2057861089706421 -0.06991356611251831 0.8524219393730164 0.5846912860870361 0.25712594389915466 0.4050425887107849 0.6541888117790222 0.20413970947265625 -0.05762413144111633 0.8418036699295044 0.5663723349571228 0.3051931858062744 0.3718479871749878 0.6691851615905762
0.1416299194097519 0.030976004898548126 0.8400552272796631 -0.705870125850136 0.011157344642621948 -0.23815442797421943 0.6670123646888679 0.20547574758529663 -0.048794783651828766 0.9030760526657104 -0.01745512011921137 -0.1049531392023832 0.9274026699172443 0.3586146716674362 0.220994770526886 -0.07035082578659058 0.8817880153656006 0.5138992071151733 0.33900904655456543 0.5637514591217041 0.5506042242050171 0.20908552408218384 -0.07536234706640244 0.866368293762207 0.5929520130157471 0.2774825990200043 0.4365825057029724 0.6170958876609802 0.2057861089706421 -0.06991356611251831 0.8524219393730164 0.5846912860870361 0.25712594389915466 0.4050425887107849 0.6541888117790222 0.20413970947265625 -0.05762413144111633 0.8418036699295044 0.5663723349571228 0.3051931858062744 0.3718479871749878 0.6691851615905762
0.1416299194097519 0.030976004898548126 0.8400552272796631 -0.705870125850136 0.011157344642621948 -0.23815442797421943 0.6670123646888679 0.20547574758529663 -0.048794783651828766 0.9030760526657104 -0.01745512011921137 -0.1049531392023832 0.9274026699172443 0.3586146716674362 0.220994770526886 -0.07035082578659058 0.8817880153656006 0.5138992071151733 0.33900904655456543 0.5637514591217041 0.5506042242050171 0.20908552408218384 -0.07536234706640244 0.866368293762207 0.5929520130157471 0.2774825990200043 0.4365825057029724 0.6170958876609802 0.2057861089706421 -0.06991356611251831 0.8524219393730164 0.5846912860870361 0.25712594389915466 0.4050425887107849 0.6541888117790222 0.20413970947265625 -0.05762413144111633 0.8418036699295044 0.5663723349571228 0.3051931858062744 0.3718479871749878 0.6691851615905762
0.1416299194097519 0.030976004898548126 0.8400552272796631 -0.705870125850136 0.011157344642621948 -0.23815442797421943 0.6670123646888679 0.20547574758529663 -0.048794783651828766 0.9030760526657104 -0.01745512011921137 -0.1049531392023832 0.9274026699172443 0.3586146716674362 0.220994770526886 -0.07035082578659058 0.8817880153656006 0.5138992071151733 0.33900904655456543 0.5637514591217041 0.5506042242050171 0.20908552408218384 -0.07536234706640244 0.866368293762207 0.5929520130157471 0.2774825990200043 0.4365825057029724 0.6170958876609802 0.2057861089706421 -0.06991356611251831 0.8524219393730164 0.5846912860870361 0.25712594389915466 0.4050425887107849 0.6541888117790222 0.20413970947265625 -0.05762413144111633 0.8418036699295044 0.5663723349571228 0.3051931858062744 0.3718479871749878 0.6691851615905762
0.141541987657547 0.03123946487903595 0.838209331035614 -0.7104961199596682 0.02090806677789722 -0.2324394558688881 0.6638749909316086 0.2064008116722107 -0.048386670649051666 0.898838996887207 0.02248696486689974 -0.1099141196223625 0.9262501339457171 0.35982484627472283 0.2213427573442459 -0.0703624039888382 0.8788819909095764 0.5217360258102417 0.34491094946861267 0.5525616407394409 0.5509117841720581 0.20909780263900757 -0.07546129822731018 0.8637644052505493 0.5980654358863831 0.2833592891693115 0.42506545782089233 0.6175312399864197 0.20470796525478363 -0.06978411972522736 0.8496440052986145 0.5923711061477661 0.2570931315422058 0.38944703340530396 0.6567578315734863 0.20346012711524963 -0.05785015970468521 0.8391426801681519 0.5703393220901489 0.3109954595565796 0.36079925298690796 0.6691926717758179
0.141541987657547 0.03123946487903595 0.838209331035614 -0.7104961199596682 0.02090806677789722 -0.2324394558688881 0.6638749909316086 0.2064008116722107 -0.048386670649051666 0.898838996887207 0.02248696486689974 -0.1099141196223625 0.9262501339457171 0.35982484627472283 0.2213427573442459 -0.0703624039888382 0.8788819909095764 0.5217360258102417 0.34491094946861267 0.5525616407394409 0.5509117841720581 0.20909780263900757 -0.07546129822731018 0.8637644052505493 0.5980654358863831 0.2833592891693115 0.42506545782089233 0.6175312399864197 0.20470796525478363 -0.06978411972522736 0.8496440052986145 0.5923711061477661 0.2570931315422058 0.38944703340530396 0.6567578315734863 0.20346012711524963 -0.05785015970468521 0.8391426801681519 0.5703393220901489 0.3109954595565796 0.36079925298690796 0.6691926717758179
0.14124733209609985 0.03045913577079773 0.8371826410293579 -0.7110231860261736 0.019086223749740127 -0.223073407619997 0.6665734365800012 0.20798152685165405 -0.04816397279500961 0.8970191478729248 0.03219855793371419 -0.11020983751974014 0.9287596912211805 0.3524521230347087 0.2244957983493805 -0.06978527456521988 0.8767598867416382 0.517797589302063 0.3586789667606354 0.5599064230918884 0.5382749438285828 0.21109186112880707 -0.07516812533140182 0.8617498874664307 0.5983442068099976 0.29236334562301636 0.42774987220764155 0.6111775636672974 0.2062160074710846 -0.0695226714015007 0.8476558327674866 0.5930856466293335 0.2653191089630127 0.39212435483932495 0.6512247920036316 0.20540280640125275 -0.057929106056690216 0.8373199701309204 0.5659276247024536 0.3273639678955078 0.3708362281322479 0.6595752835273743
0.14127002656459808 0.03015601634979248 0.8366069793701172 -0.71121133122204 0.018596003027737305 -0.21848459771704837 0.6679050256064971 0.20886173844337463 -0.04803546518087387 0.8960819840431213 0.03518123545143619 -0.10962200142797884 0.929889800030309 0.3493569188260251 0.22701509296894073 -0.06939943879842758 0.8756310939788818 0.5105680227279663 0.3713870942592621 0.5687921047210693 0.5271314382553101 0.21246099472045898 -0.07496761530637741 0.8607207536697388 0.5979827046394348 0.2984310984611511 0.4295549988746643 0.6073204874992371 0.20718999207019806 -0.06941132992506027 0.8466062545776367 0.5927356481552124 0.2708492577075958 0.3944503962993622 0.647853434085846 0.20671051740646362 -0.058003902435302734 0.8363485932350159 0.5620507597923279 0.3385796546936035 0.37830406427383423 0.6529539227485657
0.14156439900398254 0.029916472733020782 0.8359177112579346 -0.7123401879169239 0.01895392903820939 -0.21441290138045513 0.6680114754539005 0.2098444253206253 -0.04783587157726288 0.895108699798584 0.03891794147008966 -0.1080521233889473 0.9306757124847074 0.3473512055674235 0.22988258302211761 -0.0689278095960617 0.8745554685592651 0.5015386343002319 0.38637325167655945 0.5780168771743774 0.5148507952690125 0.2146092653274536 -0.0748898908495903 0.8599992394447327 0.5948429703712463 0.3092438578605652 0.43296563625335693 0.6025536060333252 0.20908236503601074 -0.06959604471921921 0.8458994030952454 0.5879868268966675 0.2832089066505432 0.4008154273033142 0.6429708003997803 0.20860439538955688 -0.05830027163028717 0.8355354070663452 0.553925096988678 0.3561657667160034 0.38982057571411133 0.643702507019043
0.14185966551303864 0.029652386903762817 0.8351541757583618 -0.7133371031948433 0.018467886754555306 -0.20962481391479615 0.6684809628857217 0.2109469771385193 -0.04751385748386383 0.8940900564193726 0.042764804849199096 -0.10663208070097133 0.931823138217088 0.3442476960550297 0.23382142186164856 -0.0681166872382164 0.8734697699546814 0.4850946342899067 0.40772132566920044 0.5938393199613069 0.4957843159558107 0.2188984751701355 -0.07485970854759216 0.8595765829086304 0.5839749574661255 0.3329157829284668 0.44593214988708496 0.59100341796875 0.21334359049797058 -0.06997913867235184 0.8456102609634399 0.573689341545105 0.31076401472091675 0.4196148216724396 0.6310547590255737 0.21150237321853638 -0.058739952743053436 0.8347703218460083 0.5394212603569031 0.3828807771205902 0.4096982777118683 0.6281516551971436
0.14175178110599518 0.02997332066297531 0.8344656825065613 -0.7135433320612856 0.02143935051000425 -0.20726302835210095 0.6689081970174278 0.21107053756713867 -0.04732764512300491 0.8929169774055481 0.045738908419975584 -0.10588466150685909 0.9314505060095121 0.34510337571858835 0.23809704184532166 -0.06693241000175476 0.8725814819335938 0.46329705853357506 0.434165881360912 0.611946875613789 0.4715686343836368 0.22493155300617218 -0.07480165362358093 0.8594328165054321 0.5639387965202332 0.37139350175857544 0.46810731291770935 0.570013701915741 0.21881455183029175 -0.0702950656414032 0.8455504179000854 0.5526485443115234 0.3478696644306183 0.4452266991138458 0.6126495599746704 0.21521927416324615 -0.058855555951595306 0.833948016166687 0.52080899477005 0.4142371416091919 0.43427878618240356 0.6070978045463562
0.14135423302650452 0.030469894409179688 0.8340639472007751 -0.7129550818143356 0.02477989408975795 -0.20507959002899082 0.6700920199385605 0.21083466708660126 -0.04715634137392044 0.8921513557434082 0.045109426456954295 -0.10477546256208041 0.9310639742298689 0.3465647531329086 0.24165067076683044 -0.06549952924251556 0.8717458844184875 0.4429355958122731 0.45709366621412556 0.6279973844300228 0.44776416819275944 0.23179078102111816 -0.07412801682949066 0.8593084812164307 0.5377992391586304 0.41512975096702576 0.49535006284713745 0.5413573384284973 0.22571931779384613 -0.07000904530286789 0.845342218875885 0.5252524018287659 0.39298397302627563 0.4785565435886383 0.5836585760116577 0.2199164181947708 -0.05816631764173508 0.8332120776176453 0.49658957123756403 0.45001909136772156 0.46436265110969543 0.5790070295333862
0.14128147065639496 0.031115442514419556 0.8337100148200989 -0.7119910471273778 0.027839703460445477 -0.2053916578303725 0.6709009709303049 0.21042659878730774 -0.04709251970052719 0.8921022415161133 0.03682472163631015 -0.1022088923363099 0.9304728811023079 0.3498821592856761 0.24400362372398376 -0.06437812745571136 0.8712327480316162 0.42781773509581067 0.4719050261688299 0.6391056731229162 0.4310702711770451 0.2393258810043335 -0.07290677726268768 0.8594520688056946 0.5043996572494507 0.4599827229976654 0.5262167453765869 0.5070431232452393 0.23460398614406586 -0.06891405582427979 0.8450226783752441 0.48829230666160583 0.4448173940181732 0.5197082757949829 0.5418592691421509 0.22619742155075073 -0.056884512305259705 0.8328805565834045 0.461283415555954 0.4918119013309479 0.5017816424369812 0.541806161403656
0.14111018180847168 0.03205889090895653 0.8335515260696411 -0.711838631515255 0.03206340187477194 -0.20528871185117586 0.6709054371361762 0.21010169386863708 -0.0467829667031765 0.8920356631278992 0.027693391492825042 -0.0975461839606374 0.9296893231121764 0.35411241878858873 0.24565371870994568 -0.06316228210926056 0.8705399036407471 0.41684710813819875 0.48389118717552837 0.6470721985780342 0.4163956923627861 0.24485549330711365 -0.07121290266513824 0.8592686653137207 0.4773728076202649 0.4938918201746394 0.5479534635378427 0.4774235907852603 0.24151396751403809 -0.06692107021808624 0.8445650935173035 0.4566085636615753 0.48490604758262634 0.5490500330924988 0.5048947930335999 0.23104450106620789 -0.055004578083753586 0.8324260115623474 0.4321460723876953 0.5238831043243408 0.5288088917732239 0.5090749859809875
0.14111018180847168 0.03205889090895653 0.8335515260696411 -0.711838631515255 0.03206340187477194 -0.20528871185117586 0.6709054371361762 0.21010169386863708 -0.0467829667031765 0.8920356631278992 0.027693391492825042 -0.0975461839606374 0.9296893231121764 0.35411241878858873 0.24565371870994568 -0.06316228210926056 0.8705399036407471 0.41684710813819875 0.48389118717552837 0.6470721985780342 0.4163956923627861 0.24485549330711365 -0.07121290266513824 0.8592686653137207 0.4773728076202649 0.4938918201746394 0.5479534635378427 0.4774235907852603 0.24151396751403809 -0.06692107021808624 0.8445650935173035 0.4566085636615753 0.48490604758262634 0.5490500330924988 0.5048947930335999 0.23104450106620789 -0.055004578083753586 0.8324260115623474 0.4321460723876953 0.5238831043243408 0.5288088917732239 0.5090749859809875
0.1414337456226349 0.03437727689743042 0.8324683904647827 -0.7144136147052138 0.039516428789540654 -0.20619729838089904 0.6674835349139411 0.2103034257888794 -0.04478771984577179 0.8922629356384277 0.006667492802441832 -0.08141096372057845 0.9291164377712597 0.3606528236789602 0.2481803447008133 -0.06060304492712021 0.8690703511238098 0.4001627909422513 0.5023337065530258 0.6562287730439837 0.39609897601608857 0.2511436343193054 -0.06796076893806458 0.8583627939224243 0.445095956255638 0.5327349304316344 0.5676433444914497 0.44256538145745145 0.25007501244544983 -0.06270629167556763 0.8434068560600281 0.4147688997075069 0.5330115069678358 0.5780563185900045 0.45794820882682735 0.23808076977729797 -0.050882354378700256 0.8307608962059021 0.3929104804992676 0.5652382373809814 0.5601999759674072 0.46076372265815735
0.14165319502353668 0.03531787917017937 0.8322209119796753 -0.71636155089601 0.04176471224438863 -0.20697746032140804 0.6650128017128363 0.21044975519180298 -0.043719332665205 0.8927698135375977 -0.0005025516406718583 -0.07438590015863776 0.928950619507202 0.3626530655359544 0.24849416315555573 -0.05983315780758858 0.869081437587738 0.3966374355194521 0.5066426507925257 0.6563862241484956 0.3938898994301514 0.25211840867996216 -0.06700305640697479 0.8584210276603699 0.43885008088611693 0.5402628484902064 0.5695469689897706 0.43719885350191634 0.2513182759284973 -0.06171109154820442 0.8434948325157166 0.4066189781090035 0.5420774956957511 0.5808032048162188 0.45108815208659286 0.23967015743255615 -0.049605030566453934 0.830612301826477 0.38327842950820923 0.5753409266471863 0.5654914379119873 0.4497778713703156
0.1417163759469986 0.03631108999252319 0.8323755264282227 -0.7183760381604463 0.04357494027383141 -0.20846265487736604 0.662254037591557 0.21023941040039062 -0.04272497445344925 0.8932795524597168 -0.002069356675146877 -0.07070248022676373 0.9282910569481875 0.3650651972181349 0.2483053058385849 -0.05915968865156174 0.8697223663330078 0.39496394649533906 0.5091854673953159 0.6549132624958136 0.39474337949261645 0.25211286544799805 -0.06630416959524155 0.8590609431266785 0.43644597344127445 0.5434729426878493 0.5685864039700773 0.4368775708137133 0.2512306571006775 -0.06114824861288071 0.8440980911254883 0.40490320094487053 0.54501179581774 0.5791471803262382 0.45122519219651264 0.23998497426509857 -0.04880695044994354 0.8311119079589844 0.38024264574050903 0.5793464183807373 0.5652837157249451 0.44746798276901245
0.1417163759469986 0.03631108999252319 0.8323755264282227 -0.7183760381604463 0.04357494027383141 -0.20846265487736604 0.662254037591557 0.21023941040039062 -0.04272497445344925 0.8932795524597168 -0.002069356675146877 -0.07070248022676373 0.9282910569481875 0.3650651972181349 0.2483053058385849 -0.05915968865156174 0.8697223663330078 0.39496394649533906 0.5091854673953159 0.6549132624958136 0.39474337949261645 0.25211286544799805 -0.06630416959524155 0.8590609431266785 0.43644597344127445 0.5434729426878493 0.5685864039700773 0.4368775708137133 0.2512306571006775 -0.06114824861288071 0.8440980911254883 0.40490320094487053 0.54501179581774 0.5791471803262382 0.45122519219651264 0.23998497426509857 -0.04880695044994354 0.8311119079589844 0.38024264574050903 0.5793464183807373 0.5652837157249451 0.44746798276901245
0.14116117358207703 0.03841422498226166 0.8329888582229614 -0.7217236884563041 0.044864364779707774 -0.21108600616351533 0.6576813290516018 0.2092316746711731 -0.04050988703966141 0.894538164138794 -0.0036349106904989973 -0.06607876302830891 0.9273860734120212 0.3682057860427049 0.2472238838672638 -0.05747099220752716 0.8713558316230774 0.3940984398570756 0.5115153278449074 0.651117996733552 0.39885352079049313 0.2498115599155426 -0.06520994007587433 0.860654354095459 0.4388720103127199 0.5403039969885698 0.5632430945490413 0.4452195486580769 0.24971815943717957 -0.059949636459350586 0.8456985354423523 0.4053406789259484 0.5455592970131147 0.5742142095829235 0.45644501683424266 0.23882171511650085 -0.04747287184000015 0.832706093788147 0.37977758049964905 0.5809779167175293 0.5606718063354492 0.4515317678451538
0.14116117358207703 0.03841422498226166 0.8329888582229614 -0.7217236884563041 0.044864364779707774 -0.21108600616351533 0.6576813290516018 0.2092316746711731 -0.04050988703966141 0.894538164138794 -0.0036349106904989973 -0.06607876302830891 0.9273860734120212 0.3682057860427049 0.2472238838672638 -0.05747099220752716 0.8713558316230774 0.3940984398570756 0.5115153278449074 0.651117996733552 0.39885352079049313 0.2498115599155426 -0.06520994007587433 0.860654354095459 0.4388720103127199 0.5403039969885698 0.5632430945490413 0.4452195486580769 0.24971815943717957 -0.059949636459350586 0.8456985354423523 0.4053406789259484 0.5455592970131147 0.5742142095829235 0.45644501683424266 0.23882171511650085 -0.04747287184000015 0.832706093788147 0.37977758049964905 0.5809779167175293 0.5606718063354492 0.4515317678451538
0.14116117358207703 0.03841422498226166 0.8329888582229614 -0.7217236884563041 0.044864364779707774 -0.21108600616351533 0.6576813290516018 0.2092316746711731 -0.04050988703966141 0.894538164138794 -0.0036349106904989973 -0.06607876302830891 0.9273860734120212 0.3682057860427049 0.2472238838672638 -0.05747099220752716 0.8713558316230774 0.3940984398570756 0.5115153278449074 0.651117996733552 0.39885352079049313 0.2498115599155426 -0.06520994007587433 0.860654354095459 0.4388720103127199 0.5403039969885698 0.5632430945490413 0.4452195486580769 0.24971815943717957 -0.059949636459350586 0.8456985354423523 0.4053406789259484 0.5455592970131147 0.5742142095829235 0.45644501683424266 0.23882171511650085 -0.04747287184000015 0.832706093788147 0.37977758049964905 0.5809779167175293 0.5606718063354492 0.4515317678451538
0.14116117358207703 0.03841422498226166 0.8329888582229614 -0.7217236884563041 0.044864364779707774 -0.21108600616351533 0.6576813290516018 0.2092316746711731 -0.04050988703966141 0.894538164138794 -0.0036349106904989973 -0.06607876302830891 0.9273860734120212 0.3682057860427049 0.2472238838672638 -0.05747099220752716 0.8713558316230774 0.3940984398570756 0.5115153278449074 0.651117996733552 0.39885352079049313 0.2498115599155426 -0.06520994007587433 0.860654354095459 0.4388720103127199 0.5403039969885698 0.5632430945490413 0.4452195486580769 0.24971815943717957 -0.059949636459350586 0.8456985354423523 0.4053406789259484 0.5455592970131147 0.5742142095829235 0.45644501683424266 0.23882171511650085 -0.04747287184000015 0.832706093788147 0.37977758049964905 0.5809779167175293 0.5606718063354492 0.4515317678451538
0.14116117358207703 0.03841422498226166 0.8329888582229614 -0.7217236884563041 0.044864364779707774 -0.21108600616351533 0.6576813290516018 0.2092316746711731 -0.04050988703966141 0.894538164138794 -0.0036349106904989973 -0.06607876302830891 0.9273860734120212 0.3682057860427049 0.2472238838672638 -0.05747099220752716 0.8713558316230774 0.3940984398570756 0.5115153278449074 0.651117996733552 0.39885352079049313 0.2498115599155426 -0.06520994007587433 0.860654354095459 0.4388720103127199 0.5403039969885698 0.5632430945490413 0.4452195486580769 0.24971815943717957 -0.059949636459350586 0.8456985354423523 0.4053406789259484 0.5455592970131147 0.5742142095829235 0.45644501683424266 0.23882171511650085 -0.04747287184000015 0.832706093788147 0.37977758049964905 0.5809779167175293 0.5606718063354492 0.4515317678451538
0.14116117358207703 0.03841422498226166 0.8329888582229614 -0.7217236884563041 0.044864364779707774 -0.21108600616351533 0.6576813290516018 0.2092316746711731 -0.04050988703966141 0.894538164138794 -0.0036349106904989973 -0.06607876302830891 0.9273860734120212 0.3682057860427049 0.2472238838672638 -0.05747099220752716 0.8713558316230774 0.3940984398570756 0.5115153278449074 0.651117996733552 0.39885352079049313 0.2498115599155426 -0.06520994007587433 0.860654354095459 0.4388720103127199 0.5403039969885698 0.5632430945490413 0.4452195486580769 0.24971815943717957 -0.059949636459350586 0.8456985354423523 0.4053406789259484 0.5455592970131147 0.5742142095829235 0.45644501683424266 0.23882171511650085 -0.04747287184000015 0.832706093788147 0.37977758049964905 0.5809779167175293 0.5606718063354492 0.4515317678451538
0.14116117358207703 0.03841422498226166 0.8329888582229614 -0.7217236884563041 0.044864364779707774 -0.21108600616351533 0.6576813290516018 0.2092316746711731 -0.04050988703966141 0.894538164138794 -0.0036349106904989973 -0.06607876302830891 0.9273860734120212 0.3682057860427049 0.2472238838672638 -0.05747099220752716 0.8713558316230774 0.3940984398570756 0.5115153278449074 0.651117996733552 0.39885352079049313 0.2498115599155426 -0.06520994007587433 0.860654354095459 0.4388720103127199 0.5403039969885698 0.5632430945490413 0.4452195486580769 0.24971815943717957 -0.059949636459350586 0.8456985354423523 0.4053406789259484 0.5455592970131147 0.5742142095829235 0.45644501683424266 0.23882171511650085 -0.04747287184000015 0.832706093788147 0.37977758049964905 0.5809779167175293 0.5606718063354492 0.4515317678451538
0.14116117358207703 0.03841422498226166 0.8329888582229614 -0.7217236884563041 0.044864364779707774 -0.21108600616351533 0.6576813290516018 0.2092316746711731 -0.04050988703966141 0.894538164138794 -0.0036349106904989973 -0.06607876302830891 0.9273860734120212 0.3682057860427049 0.2472238838672638 -0.05747099220752716 0.8713558316230774 0.3940984398570756 0.5115153278449074 0.651117996733552 0.39885352079049313 0.2498115599155426 -0.06520994007587433 0.860654354095459 0.4388720103127199 0.5403039969885698 0.5632430945490413 0.4452195486580769 0.24971815943717957 -0.059949636459350586 0.8456985354423523 0.4053406789259484 0.5455592970131147 0.5742142095829235 0.45644501683424266 0.23882171511650085 -0.04747287184000015 0.832706093788147 0.37977758049964905 0.5809779167175293 0.5606718063354492 0.4515317678451538
0.14076845347881317 0.03925298899412155 0.8334189653396606 -0.7230518247649687 0.04551700366095028 -0.21220736812455465 0.6558141249752037 0.20862387120723724 -0.039641521871089935 0.8953220248222351 -0.004537255640236891 -0.0640999843163266 0.9269556719317971 0.3696265630271781 0.24636255204677582 -0.056964196264743805 0.8721113801002502 0.3949925918026138 0.5111319061037236 0.6491011840463023 0.40173697609099607 0.2487214207649231 -0.06477387994527817 0.8614709973335266 0.4401183095753 0.5388608668674222 0.5608178255234973 0.4487854518839855 0.24822036921977997 -0.05984306335449219 0.846416175365448 0.4086329913655178 0.54285378911937 0.5704808627702593 0.4613898745130725 0.23753343522548676 -0.04730789363384247 0.8335127830505371 0.3828589916229248 0.5791114568710327 0.556505024433136 0.45645496249198914
0.14076845347881317 0.03925298899412155 0.8334189653396606 -0.7230518247649687 0.04551700366095028 -0.21220736812455465 0.6558141249752037 0.20862387120723724 -0.039641521871089935 0.8953220248222351 -0.004537255640236891 -0.0640999843163266 0.9269556719317971 0.3696265630271781 0.24636255204677582 -0.056964196264743805 0.8721113801002502 0.3949925918026138 0.5111319061037236 0.6491011840463023 0.40173697609099607 0.2487214207649231 -0.06477387994527817 0.8614709973335266 0.4401183095753 0.5388608668674222 0.5608178255234973 0.4487854518839855 0.24822036921977997 -0.05984306335449219 0.846416175365448 0.4086329913655178 0.54285378911937 0.5704808627702593 0.4613898745130725 0.23753343522548676 -0.04730789363384247 0.8335127830505371 0.3828589916229248 0.5791114568710327 0.556505024433136 0.45645496249198914
0.13739855587482452 0.040505923330783844 0.8343068957328796 -0.7330069771522454 0.04520068459228628 -0.22185284594191274 0.6414351262408555 0.20368868112564087 -0.03746447712182999 0.8987706303596497 -0.0057506499674122415 -0.054400693293578856 0.9250149149819158 0.3759719665941439 0.2382102608680725 -0.05742567777633667 0.8770405650138855 0.4060829449051941 0.5026421299631492 0.6276356590234192 0.43419032509492134 0.23975923657417297 -0.06481929123401642 0.8672036528587341 0.4552912939314493 0.5230551191979992 0.5302462758410063 0.48781334169451046 0.23870259523391724 -0.060762375593185425 0.8512353897094727 0.4340027868747711 0.5194469690322876 0.5365825295448303 0.5038808584213257 0.2283097505569458 -0.048996344208717346 0.8382874131202698 0.41127461194992065 0.5526149272918701 0.5182681083679199 0.5068215131759644
0.13756874203681946 0.04032927006483078 0.8338022828102112 -0.7330923015276053 0.0443784367073386 -0.22183754842966144 0.641400283316325 0.20396672189235687 -0.03752504289150238 0.8982312679290771 -0.005341773122695526 -0.055148655764400346 0.9253825792614121 0.37496291023962575 0.2378774881362915 -0.0576825886964798 0.8767492175102234 0.40860852608925674 0.4999571941702673 0.6252642692414534 0.4383226401114947 0.23934966325759888 -0.06493440270423889 0.8669660091400146 0.4585922337385423 0.5190140814499491 0.5264849424498262 0.49308387542267956 0.23831352591514587 -0.060896411538124084 0.850790798664093 0.43877536058425903 0.5144346952438354 0.5328502058982849 0.5088260173797607 0.2280857115983963 -0.049138665199279785 0.837925136089325 0.4150851368904114 0.5484581589698792 0.5146329998970032 0.5119091868400574
0.1374431699514389 0.040402211248874664 0.8337291479110718 -0.7338208074742444 0.04290513713235295 -0.22122244005811723 0.6408798745495619 0.20406320691108704 -0.03712461143732071 0.898353636264801 -0.0060790216366890274 -0.054380848054235424 0.9260246838757988 0.37347568565979405 0.2375270128250122 -0.05741158127784729 0.8769544959068298 0.4102229033234435 0.4985807852741315 0.6231721097333787 0.44135146454595364 0.23901736736297607 -0.06455665081739426 0.8673232197761536 0.45970871695063953 0.5171323006616972 0.5237138062184991 0.4969572233969942 0.2382810413837433 -0.06053512543439865 0.8509687781333923 0.43916264176368713 0.5137342810630798 0.5316985249519348 0.5104020237922668 0.22808495163917542 -0.0488247349858284 0.8381137251853943 0.41501790285110474 0.5481386184692383 0.5134427547454834 0.5134987831115723
0.13737347722053528 0.040625229477882385 0.8336935043334961 -0.734479356769141 0.04206988556298624 -0.22046599654079194 0.6404411215995638 0.20426201820373535 -0.036685191094875336 0.8981714844703674 -0.004215741178728154 -0.0542805455796918 0.9264689601396645 0.37241261360579314 0.23771405220031738 -0.05692470073699951 0.8770270347595215 0.40942858649645486 0.499642419532429 0.6231029781897708 0.44098563905324706 0.239213764667511 -0.06408941745758057 0.8673997521400452 0.4588933297021587 0.518103012092402 0.5236182119665035 0.4968001006294313 0.2384609580039978 -0.06009645015001297 0.8510366082191467 0.4383879005908966 0.5146474838256836 0.5315951108932495 0.5102556347846985 0.22824028134346008 -0.04841990023851395 0.8381690979003906 0.41408771276474 0.5491200685501099 0.51340252161026 0.5132411122322083
0.13732391595840454 0.040684036910533905 0.8337430953979492 -0.7353842439963281 0.04223096877698859 -0.21913083152537435 0.6398501160816622 0.20454849302768707 -0.036450907588005066 0.8979489803314209 -0.0008924781203718925 -0.053912659292570685 0.9267686976974527 0.3717424304612754 0.23784512281417847 -0.05671702325344086 0.876933217048645 0.41033107985154765 0.5004783852839699 0.6218520567276709 0.44096446605542566 0.23923595249652863 -0.06388920545578003 0.8673186302185059 0.4604780737147763 0.5179111469064132 0.5213707557281966 0.49789696814196444 0.23832237720489502 -0.059940874576568604 0.8509180545806885 0.4409751892089844 0.5135022401809692 0.5288174152374268 0.5120630860328674 0.22810238599777222 -0.04829415678977966 0.8380998969078064 0.41626864671707153 0.5482738614082336 0.510589599609375 0.5151839256286621
0.13732391595840454 0.040684036910533905 0.8337430953979492 -0.7353842439963281 0.04223096877698859 -0.21913083152537435 0.6398501160816622 0.20454849302768707 -0.036450907588005066 0.8979489803314209 -0.0008924781203718925 -0.053912659292570685 0.9267686976974527 0.3717424304612754 0.23784512281417847 -0.05671702325344086 0.876933217048645 0.41033107985154765 0.5004783852839699 0.6218520567276709 0.44096446605542566 0.23923595249652863 -0.06388920545578003 0.8673186302185059 0.4604780737147763 0.5179111469064132 0.5213707557281966 0.49789696814196444 0.23832237720489502 -0.059940874576568604 0.8509180545806885 0.4409751892089844 0.5135022401809692 0.5288174152374268 0.5120630860328674 0.22810238599777222 -0.04829415678977966 0.8380998969078064 0.41626864671707153 0.5482738614082336 0.510589599609375 0.5151839256286621
0.13704223930835724 0.04081801325082779 0.8338540196418762 -0.7355548022252559 0.04075233486577441 -0.21625606884108306 0.6407276055137946 0.20501397550106049 -0.03593675047159195 0.8971958756446838 0.010556396976078757 -0.057791973131154584 0.9278487759981388 0.3683006203012937 0.2381654679775238 -0.05609656125307083 0.8766239881515503 0.41127193199370016 0.5009138871406986 0.6218370746900006 0.4396131144894518 0.23949995636940002 -0.0632258951663971 0.867013692855835 0.46165616954088456 0.5178106827959107 0.5207733098633683 0.49753537944433884 0.2386387437582016 -0.05925990641117096 0.850592851638794 0.4417957067489624 0.5137267708778381 0.528814435005188 0.5111330151557922 0.2283511757850647 -0.04765245318412781 0.8378298878669739 0.41668227314949036 0.5487434267997742 0.5105442404747009 0.514394223690033
0.13697420060634613 0.040743593126535416 0.8340988159179688 -0.7364376893080293 0.04103130908341219 -0.2148167969995903 0.6401794457433595 0.20527660846710205 -0.03583532199263573 0.8971682190895081 0.01442618367818766 -0.057571477355411585 0.9280754461996763 0.36763211553083025 0.23820170760154724 -0.05605771020054817 0.8766672015190125 0.41297089181037955 0.5012856615966964 0.6201034319285343 0.44004481101146653 0.23958702385425568 -0.0631604790687561 0.8670852780342102 0.4627269859833219 0.5182395567920481 0.5190288434924327 0.49791604422847163 0.2386549860239029 -0.059228863567113876 0.8506393432617188 0.44312435388565063 0.5139223337173462 0.5270389914512634 0.5116196274757385 0.22840474545955658 -0.047647614032030106 0.8378867506980896 0.4172469675540924 0.5495715141296387 0.5092995166778564 0.5142861008644104
0.1369868516921997 0.040687091648578644 0.8341255187988281 -0.7374243657919461 0.04060818123202259 -0.21386660885304917 0.6393884050761405 0.20554685592651367 -0.03564868122339249 0.8971453309059143 0.016471895459286717 -0.056865079902417084 0.9283971364372254 0.36684307873913063 0.23805725574493408 -0.05599455535411835 0.876701295375824 0.4157390222023818 0.5003362809671474 0.6173252149354328 0.44241911337027473 0.23930585384368896 -0.06305363029241562 0.8671790361404419 0.46618545055389404 0.5155516862869263 0.5147290229797363 0.5019281506538391 0.2380182147026062 -0.0592062845826149 0.8506366014480591 0.4489629864692688 0.5089003443717957 0.5213736891746521 0.517322301864624 0.2281530797481537 -0.0476527139544487 0.8379382491111755 0.42046305537223816 0.5469063520431519 0.5053542256355286 0.5183835625648499
0.1369868516921997 0.040687091648578644 0.8341255187988281 -0.7374243657919461 0.04060818123202259 -0.21386660885304917 0.6393884050761405 0.20554685592651367 -0.03564868122339249 0.8971453309059143 0.016471895459286717 -0.056865079902417084 0.9283971364372254 0.36684307873913063 0.23805725574493408 -0.05599455535411835 0.876701295375824 0.4157390222023818 0.5003362809671474 0.6173252149354328 0.44241911337027473 0.23930585384368896 -0.06305363029241562 0.8671790361404419 0.46618545055389404 0.5155516862869263 0.5147290229797363 0.5019281506538391 0.2380182147026062 -0.0592062845826149 0.8506366014480591 0.4489629864692688 0.5089003443717957 0.5213736891746521 0.517322301864624 0.2281530797481537 -0.0476527139544487 0.8379382491111755 0.42046305537223816 0.5469063520431519 0.5053542256355286 0.5183835625648499
0.1369868516921997 0.040687091648578644 0.8341255187988281 -0.7374243657919461 0.04060818123202259 -0.21386660885304917 0.6393884050761405 0.20554685592651367 -0.03564868122339249 0.8971453309059143 0.016471895459286717 -0.056865079902417084 0.9283971364372254 0.36684307873913063 0.23805725574493408 -0.05599455535411835 0.876701295375824 0.4157390222023818 0.5003362809671474 0.6173252149354328 0.44241911337027473 0.23930585384368896 -0.06305363029241562 0.8671790361404419 0.46618545055389404 0.5155516862869263 0.5147290229797363 0.5019281506538391 0.2380182147026062 -0.0592062845826149 0.8506366014480591 0.4489629864692688 0.5089003443717957 0.5213736891746521 0.517322301864624 0.2281530797481537 -0.0476527139544487 0.8379382491111755 0.42046305537223816 0.5469063520431519 0.5053542256355286 0.5183835625648499
0.13714325428009033 0.039974406361579895 0.833376407623291 -0.7386547281890337 0.03509641417269443 -0.21275775004512334 0.6386638918815213 0.20634445548057556 -0.035547077655792236 0.8966726660728455 0.016471778610596885 -0.056499584263013006 0.9301952924874082 0.3623164216229207 0.2372114062309265 -0.0560942068696022 0.8765469789505005 0.42749973450658735 0.49052091651669627 0.6077587105280612 0.45526095499641095 0.237331360578537 -0.06289131939411163 0.8672472834587097 0.48228245973587036 0.49637019634246826 0.4974150061607361 0.5230666399002075 0.2358567714691162 -0.05915874242782593 0.8503785133361816 0.46823999285697937 0.48629000782966614 0.5038418769836426 0.5389034152030945 0.22736603021621704 -0.04783225059509277 0.8379247188568115 0.4311312735080719 0.5327997207641602 0.49280455708503723 0.5360914468765259
0.13724790513515472 0.03944718837738037 0.83293616771698 -0.7379180810684679 0.03308797742677527 -0.21289719474247917 0.6395754715912488 0.2065989077091217 -0.03602251410484314 0.8961802124977112 0.015794440070365692 -0.057861934659294505 0.9307041275717725 0.3608218024827507 0.2369914948940277 -0.05650300532579422 0.8761846423149109 0.43097105117207607 0.4863770172480404 0.6060554102313513 0.45869161757762905 0.2364417165517807 -0.06317666918039322 0.8669150471687317 0.4893706440925598 0.48705875873565674 0.4912385046482086 0.531013011932373 0.23507574200630188 -0.059420667588710785 0.8499420285224915 0.47566574811935425 0.47657036781311035 0.49833017587661743 0.5461592078208923 0.22686892747879028 -0.04823783040046692 0.8376052379608154 0.43659707903862 0.5251356959342957 0.48826271295547485 0.543336808681488
0.13756750524044037 0.03892587125301361 0.8324007987976074 -0.7368816958725964 0.03202263477290612 -0.2140193920955693 0.6404494965382894 0.20678380131721497 -0.036678485572338104 0.8957528471946716 0.01381969768016864 -0.05917606659988733 0.9307450404844694 0.3605840897991683 0.23699161410331726 -0.05712980031967163 0.8757736086845398 0.43263472857596535 0.48319967882645853 0.6056528027937911 0.46100985063680855 0.23607584834098816 -0.06371771544218063 0.8664828538894653 0.49350839853286743 0.48072248697280884 0.48816147446632385 0.5357741117477417 0.23478840291500092 -0.059929341077804565 0.8494510054588318 0.4799553453922272 0.47003373503685 0.49562516808509827 0.5505150556564331 0.22656211256980896 -0.04886981099843979 0.8371686339378357 0.44080477952957153 0.5187417268753052 0.4851859211921692 0.5488103628158569
0.13756750524044037 0.03892587125301361 0.8324007987976074 -0.7368816958725964 0.03202263477290612 -0.2140193920955693 0.6404494965382894 0.20678380131721497 -0.036678485572338104 0.8957528471946716 0.01381969768016864 -0.05917606659988733 0.9307450404844694 0.3605840897991683 0.23699161410331726 -0.05712980031967163 0.8757736086845398 0.43263472857596535 0.48319967882645853 0.6056528027937911 0.46100985063680855 0.23607584834098816 -0.06371771544218063 0.8664828538894653 0.49350839853286743 0.48072248697280884 0.48816147446632385 0.5357741117477417 0.23478840291500092 -0.059929341077804565 0.8494510054588318 0.4799553453922272 0.47003373503685 0.49562516808509827 0.5505150556564331 0.22656211256980896 -0.04886981099843979 0.8371686339378357 0.44080477952957153 0.5187417268753052 0.4851859211921692 0.5488103628158569
0.13756750524044037 0.03892587125301361 0.8324007987976074 -0.7368816958725964 0.03202263477290612 -0.2140193920955693 0.6404494965382894 0.20678380131721497 -0.036678485572338104 0.8957528471946716 0.01381969768016864 -0.05917606659988733 0.9307450404844694 0.3605840897991683 0.23699161410331726 -0.05712980031967163 0.8757736086845398 0.43263472857596535 0.48319967882645853 0.6056528027937911 0.46100985063680855 0.23607584834098816 -0.06371771544218063 0.8664828538894653 0.49350839853286743 0.48072248697280884 0.48816147446632385 0.5357741117477417 0.23478840291500092 -0.059929341077804565 0.8494510054588318 0.4799553453922272 0.47003373503685 0.49562516808509827 0.5505150556564331 0.22656211256980896 -0.04886981099843979 0.8371686339378357 0.44080477952957153 0.5187417268753052 0.4851859211921692 0.5488103628158569
0.13756750524044037 0.03892587125301361 0.8324007987976074 -0.7368816958725964 0.03202263477290612 -0.2140193920955693 0.6404494965382894 0.20678380131721497 -0.036678485572338104 0.8957528471946716 0.01381969768016864 -0.05917606659988733 0.9307450404844694 0.3605840897991683 0.23699161410331726 -0.05712980031967163 0.8757736086845398 0.43263472857596535 0.48319967882645853 0.6056528027937911 0.46100985063680855 0.23607584834098816 -0.06371771544218063 0.8664828538894653 0.49350839853286743 0.48072248697280884 0.48816147446632385 0.5357741117477417 0.23478840291500092 -0.059929341077804565 0.8494510054588318 0.4799553453922272 0.47003373503685 0.49562516808509827 0.5505150556564331 0.22656211256980896 -0.04886981099843979 0.8371686339378357 0.44080477952957153 0.5187417268753052 0.4851859211921692 0.5488103628158569
0.13756750524044037 0.03892587125301361 0.8324007987976074 -0.7368816958725964 0.03202263477290612 -0.2140193920955693 0.6404494965382894 0.20678380131721497 -0.036678485572338104 0.8957528471946716 0.01381969768016864 -0.05917606659988733 0.9307450404844694 0.3605840897991683 0.23699161410331726 -0.05712980031967163 0.8757736086845398 0.43263472857596535 0.48319967882645853 0.6056528027937911 0.46100985063680855 0.23607584834098816 -0.06371771544218063 0.8664828538894653 0.49350839853286743 0.48072248697280884 0.48816147446632385 0.5357741117477417 0.23478840291500092 -0.059929341077804565 0.8494510054588318 0.4799553453922272 0.47003373503685 0.49562516808509827 0.5505150556564331 0.22656211256980896 -0.04886981099843979 0.8371686339378357 0.44080477952957153 0.5187417268753052 0.4851859211921692 0.5488103628158569
0.13756750524044037 0.03892587125301361 0.8324007987976074 -0.7368816958725964 0.03202263477290612 -0.2140193920955693 0.6404494965382894 0.20678380131721497 -0.036678485572338104 0.8957528471946716 0.01381969768016864 -0.05917606659988733 0.9307450404844694 0.3605840897991683 0.23699161410331726 -0.05712980031967163 0.8757736086845398 0.43263472857596535 0.48319967882645853 0.6056528027937911 0.46100985063680855 0.23607584834098816 -0.06371771544218063 0.8664828538894653 0.49350839853286743 0.48072248697280884 0.48816147446632385 0.5357741117477417 0.23478840291500092 -0.059929341077804565 0.8494510054588318 0.4799553453922272 0.47003373503685 0.49562516808509827 0.5505150556564331 0.22656211256980896 -0.04886981099843979 0.8371686339378357 0.44080477952957153 0.5187417268753052 0.4851859211921692 0.5488103628158569
0.13756750524044037 0.03892587125301361 0.8324007987976074 -0.7368816958725964 0.03202263477290612 -0.2140193920955693 0.6404494965382894 0.20678380131721497 -0.036678485572338104 0.8957528471946716 0.01381969768016864 -0.05917606659988733 0.9307450404844694 0.3605840897991683 0.23699161410331726 -0.05712980031967163 0.8757736086845398 0.43263472857596535 0.48319967882645853 0.6056528027937911 0.46100985063680855 0.23607584834098816 -0.06371771544218063 0.8664828538894653 0.49350839853286743 0.48072248697280884 0.48816147446632385 0.5357741117477417 0.23478840291500092 -0.059929341077804565 0.8494510054588318 0.4799553453922272 0.47003373503685 0.49562516808509827 0.5505150556564331 0.22656211256980896 -0.04886981099843979 0.8371686339378357 0.44080477952957153 0.5187417268753052 0.4851859211921692 0.5488103628158569
0.13756750524044037 0.03892587125301361 0.8324007987976074 -0.7368816958725964 0.03202263477290612 -0.2140193920955693 0.6404494965382894 0.20678380131721497 -0.036678485572338104 0.8957528471946716 0.01381969768016864 -0.05917606659988733 0.9307450404844694 0.3605840897991683 0.23699161410331726 -0.05712980031967163 0.8757736086845398 0.43263472857596535 0.48319967882645853 0.6056528027937911 0.46100985063680855 0.23607584834098816 -0.06371771544218063 0.8664828538894653 0.49350839853286743 0.48072248697280884 0.48816147446632385 0.5357741117477417 0.23478840291500092 -0.059929341077804565 0.8494510054588318 0.4799553453922272 0.47003373503685 0.49562516808509827 0.5505150556564331 0.22656211256980896 -0.04886981099843979 0.8371686339378357 0.44080477952957153 0.5187417268753052 0.4851859211921692 0.5488103628158569
0.13756750524044037 0.03892587125301361 0.8324007987976074 -0.7368816958725964 0.03202263477290612 -0.2140193920955693 0.6404494965382894 0.20678380131721497 -0.036678485572338104 0.8957528471946716 0.01381969768016864 -0.05917606659988733 0.9307450404844694 0.3605840897991683 0.23699161410331726 -0.05712980031967163 0.8757736086845398 0.43263472857596535 0.48319967882645853 0.6056528027937911 0.46100985063680855 0.23607584834098816 -0.06371771544218063 0.8664828538894653 0.49350839853286743 0.48072248697280884 0.48816147446632385 0.5357741117477417 0.23478840291500092 -0.059929341077804565 0.8494510054588318 0.4799553453922272 0.47003373503685 0.49562516808509827 0.5505150556564331 0.22656211256980896 -0.04886981099843979 0.8371686339378357 0.44080477952957153 0.5187417268753052 0.4851859211921692 0.5488103628158569
0.13824118673801422 0.03831763565540314 0.8316558599472046 -0.7354364382122377 0.031513106022122706 -0.215488299345967 0.6416423928175526 0.2071634829044342 -0.03753524273633957 0.8952707052230835 0.010235248847968358 -0.060369963409721096 0.9305716950202708 0.3609529359145354 0.23731955885887146 -0.0579819455742836 0.8750795125961304 0.4336649771842879 0.48026288155597835 0.6060325271558138 0.4626089072339773 0.23624634742736816 -0.06449294835329056 0.8657330274581909 0.4959777295589447 0.4762769043445587 0.48732542991638184 0.538219690322876 0.23510637879371643 -0.06065070629119873 0.8486810326576233 0.4822208285331726 0.4657931327819824 0.49520131945610046 0.5525174736976624 0.22656214237213135 -0.04969272017478943 0.8364301919937134 0.4447903037071228 0.5127091407775879 0.4828314781188965 0.5533215999603271
0.13824118673801422 0.03831763565540314 0.8316558599472046 -0.7354364382122377 0.031513106022122706 -0.215488299345967 0.6416423928175526 0.2071634829044342 -0.03753524273633957 0.8952707052230835 0.010235248847968358 -0.060369963409721096 0.9305716950202708 0.3609529359145354 0.23731955885887146 -0.0579819455742836 0.8750795125961304 0.4336649771842879 0.48026288155597835 0.6060325271558138 0.4626089072339773 0.23624634742736816 -0.06449294835329056 0.8657330274581909 0.4959777295589447 0.4762769043445587 0.48732542991638184 0.538219690322876 0.23510637879371643 -0.06065070629119873 0.8486810326576233 0.4822208285331726 0.4657931327819824 0.49520131945610046 0.5525174736976624 0.22656214237213135 -0.04969272017478943 0.8364301919937134 0.4447903037071228 0.5127091407775879 0.4828314781188965 0.5533215999603271
0.13824118673801422 0.03831763565540314 0.8316558599472046 -0.7354364382122377 0.031513106022122706 -0.215488299345967 0.6416423928175526 0.2071634829044342 -0.03753524273633957 0.8952707052230835 0.010235248847968358 -0.060369963409721096 0.9305716950202708 0.3609529359145354 0.23731955885887146 -0.0579819455742836 0.8750795125961304 0.4336649771842879 0.48026288155597835 0.6060325271558138 0.4626089072339773 0.23624634742736816 -0.06449294835329056 0.8657330274581909 0.4959777295589447 0.4762769043445587 0.48732542991638184 0.538219690322876 0.23510637879371643 -0.06065070629119873 0.8486810326576233 0.4822208285331726 0.4657931327819824 0.49520131945610046 0.5525174736976624 0.22656214237213135 -0.04969272017478943 0.8364301919937134 0.4447903037071228 0.5127091407775879 0.4828314781188965 0.5533215999603271
0.13824118673801422 0.03831763565540314 0.8316558599472046 -0.7354364382122377 0.031513106022122706 -0.215488299345967 0.6416423928175526 0.2071634829044342 -0.03753524273633957 0.8952707052230835 0.010235248847968358 -0.060369963409721096 0.9305716950202708 0.3609529359145354 0.23731955885887146 -0.0579819455742836 0.8750795125961304 0.4336649771842879 0.48026288155597835 0.6060325271558138 0.4626089072339773 0.23624634742736816 -0.06449294835329056 0.8657330274581909 0.4959777295589447 0.4762769043445587 0.48732542991638184 0.538219690322876 0.23510637879371643 -0.06065070629119873 0.8486810326576233 0.4822208285331726 0.4657931327819824 0.49520131945610046 0.5525174736976624 0.22656214237213135 -0.04969272017478943 0.8364301919937134 0.4447903037071228 0.5127091407775879 0.4828314781188965 0.5533215999603271
0.13824118673801422 0.03831763565540314 0.8316558599472046 -0.7354364382122377 0.031513106022122706 -0.215488299345967 0.6416423928175526 0.2071634829044342 -0.03753524273633957 0.8952707052230835 0.010235248847968358 -0.060369963409721096 0.9305716950202708 0.3609529359145354 0.23731955885887146 -0.0579819455742836 0.8750795125961304 0.4336649771842879 0.48026288155597835 0.6060325271558138 0.4626089072339773 0.23624634742736816 -0.06449294835329056 0.8657330274581909 0.4959777295589447 0.4762769043445587 0.48732542991638184 0.538219690322876 0.23510637879371643 -0.06065070629119873 0.8486810326576233 0.4822208285331726 0.4657931327819824 0.49520131945610046 0.5525174736976624 0.22656214237213135 -0.04969272017478943 0.8364301919937134 0.4447903037071228 0.5127091407775879 0.4828314781188965 0.5533215999603271
0.13824118673801422 0.03831763565540314 0.8316558599472046 -0.7354364382122377 0.031513106022122706 -0.215488299345967 0.6416423928175526 0.2071634829044342 -0.03753524273633957 0.8952707052230835 0.010235248847968358 -0.060369963409721096 0.9305716950202708 0.3609529359145354 0.23731955885887146 -0.0579819455742836 0.8750795125961304 0.4336649771842879 0.48026288155597835 0.6060325271558138 0.4626089072339773 0.23624634742736816 -0.06449294835329056 0.8657330274581909 0.4959777295589447 0.4762769043445587 0.48732542991638184 0.538219690322876 0.23510637879371643 -0.06065070629119873 0.8486810326576233 0.4822208285331726 0.4657931327819824 0.49520131945610046 0.5525174736976624 0.22656214237213135 -0.04969272017478943 0.8364301919937134 0.4447903037071228 0.5127091407775879 0.4828314781188965 0.5533215999603271
0.13824118673801422 0.03831763565540314 0.8316558599472046 -0.7354364382122377 0.031513106022122706 -0.215488299345967 0.6416423928175526 0.2071634829044342 -0.03753524273633957 0.8952707052230835 0.010235248847968358 -0.060369963409721096 0.9305716950202708 0.3609529359145354 0.23731955885887146 -0.0579819455742836 0.8750795125961304 0.4336649771842879 0.48026288155597835 0.6060325271558138 0.4626089072339773 0.23624634742736816 -0.06449294835329056 0.8657330274581909 0.4959777295589447 0.4762769043445587 0.48732542991638184 0.538219690322876 0.23510637879371643 -0.06065070629119873 0.8486810326576233 0.4822208285331726 0.4657931327819824 0.49520131945610046 0.5525174736976624 0.22656214237213135 -0.04969272017478943 0.8364301919937134 0.4447903037071228 0.5127091407775879 0.4828314781188965 0.5533215999603271
0.13824118673801422 0.03831763565540314 0.8316558599472046 -0.7354364382122377 0.031513106022122706 -0.215488299345967 0.6416423928175526 0.2071634829044342 -0.03753524273633957 0.8952707052230835 0.010235248847968358 -0.060369963409721096 0.9305716950202708 0.3609529359145354 0.23731955885887146 -0.0579819455742836 0.8750795125961304 0.4336649771842879 0.48026288155597835 0.6060325271558138 0.4626089072339773 0.23624634742736816 -0.06449294835329056 0.8657330274581909 0.4959777295589447 0.4762769043445587 0.48732542991638184 0.538219690322876 0.23510637879371643 -0.06065070629119873 0.8486810326576233 0.4822208285331726 0.4657931327819824 0.49520131945610046 0.5525174736976624 0.22656214237213135 -0.04969272017478943 0.8364301919937134 0.4447903037071228 0.5127091407775879 0.4828314781188965 0.5533215999603271
0.13824118673801422 0.03831763565540314 0.8316558599472046 -0.7354364382122377 0.031513106022122706 -0.215488299345967 0.6416423928175526 0.2071634829044342 -0.03753524273633957 0.8952707052230835 0.010235248847968358 -0.060369963409721096 0.9305716950202708 0.3609529359145354 0.23731955885887146 -0.0579819455742836 0.8750795125961304 0.4336649771842879 0.48026288155597835 0.6060325271558138 0.4626089072339773 0.23624634742736816 -0.06449294835329056 0.8657330274581909 0.4959777295589447 0.4762769043445587 0.48732542991638184 0.538219690322876 0.23510637879371643 -0.06065070629119873 0.8486810326576233 0.4822208285331726 0.4657931327819824 0.49520131945610046 0.5525174736976624 0.22656214237213135 -0.04969272017478943 0.8364301919937134 0.4447903037071228 0.5127091407775879 0.4828314781188965 0.5533215999603271
0.13824118673801422 0.03831763565540314 0.8316558599472046 -0.7354364382122377 0.031513106022122706 -0.215488299345967 0.6416423928175526 0.2071634829044342 -0.03753524273633957 0.8952707052230835 0.010235248847968358 -0.060369963409721096 0.9305716950202708 0.3609529359145354 0.23731955885887146 -0.0579819455742836 0.8750795125961304 0.4336649771842879 0.48026288155597835 0.6060325271558138 0.4626089072339773 0.23624634742736816 -0.06449294835329056 0.8657330274581909 0.4959777295589447 0.4762769043445587 0.48732542991638184 0.538219690322876 0.23510637879371643 -0.06065070629119873 0.8486810326576233 0.4822208285331726 0.4657931327819824 0.49520131945610046 0.5525174736976624 0.22656214237213135 -0.04969272017478943 0.8364301919937134 0.4447903037071228 0.5127091407775879 0.4828314781188965 0.5533215999603271
0.29308104515075684 0.0917816311120987 0.759769856929779 -0.2818665386399064 -0.020527764295057167 -0.22125806477804605 0.9333674106521437 0.36697182059288025 -0.008137725293636322 0.7568906545639038 -0.08871034659838656 -0.5032733750897856 0.8021280650650601 0.30892873252819447 0.41956549882888794 0.0005483701825141907 0.7514709234237671 0.331003592167388 0.14443663445557212 0.9039011766303487 0.22921029816989757 0.43976765871047974 0.02084287256002426 0.7459040880203247 0.33750916054857233 0.23592746033385506 0.8947990590904262 0.17251207170902666 0.43845248222351074 0.03833700716495514 0.7400240898132324 0.34581954408192217 0.21279568169922033 0.89390584908864 0.18989256639948768 0.4237143397331238 0.059186194092035294 0.7355431914329529 0.35681889971672137 0.22678800887320297 0.8863107186853825 0.18894655312292807
0.29308104515075684 0.0917816311120987 0.759769856929779 -0.2818665386399064 -0.020527764295057167 -0.22125806477804605 0.9333674106521437 0.36697182059288025 -0.008137725293636322 0.7568906545639038 -0.08871034659838656 -0.5032733750897856 0.8021280650650601 0.30892873252819447 0.41956549882888794 0.0005483701825141907 0.7514709234237671 0.331003592167388 0.14443663445557212 0.9039011766303487 0.22921029816989757 0.43976765871047974 0.02084287256002426 0.7459040880203247 0.33750916054857233 0.23592746033385506 0.8947990590904262 0.17251207170902666 0.43845248222351074 0.03833700716495514 0.7400240898132324 0.34581954408192217 0.21279568169922033 0.89390584908864 0.18989256639948768 0.4237143397331238 0.059186194092035294 0.7355431914329529 0.35681889971672137 0.22678800887320297 0.8863107186853825 0.18894655312292807
0.3135083019733429 0.09068083763122559 0.7525799870491028 -0.24057344016284402 0.00993403995745465 -0.19379312133583065 0.9510362580627565 0.3911633789539337 -0.004576973617076874 0.7356935143470764 -0.03900242575988008 -0.5362751371385345 0.784887123866753 0.3079611340666405 0.44651859998703003 0.007768541574478149 0.7333641052246094 0.3307804143415862 0.12891578581346572 0.9166133469881222 0.18380698429112832 0.466952383518219 0.03186234459280968 0.731356680393219 0.3163892904206748 0.2273295721083307 0.9134598169392749 0.11751712399078068 0.46414321660995483 0.04943285882472992 0.7263321280479431 0.3197211967455385 0.19565168306074657 0.9174038039086797 0.13367513015481555 0.44700706005096436 0.07139596343040466 0.720487117767334 0.34836523264762764 0.21019205186091536 0.9067593833661395 0.11067263721604345
0.3135083019733429 0.09068083763122559 0.7525799870491028 -0.24057344016284402 0.00993403995745465 -0.19379312133583065 0.9510362580627565 0.3911633789539337 -0.004576973617076874 0.7356935143470764 -0.03900242575988008 -0.5362751371385345 0.784887123866753 0.3079611340666405 0.44651859998703003 0.007768541574478149 0.7333641052246094 0.3307804143415862 0.12891578581346572 0.9166133469881222 0.18380698429112832 0.466952383518219 0.03186234459280968 0.731356680393219 0.3163892904206748 0.2273295721083307 0.9134598169392749 0.11751712399078068 0.46414321660995483 0.04943285882472992 0.7263321280479431 0.3197211967455385 0.19565168306074657 0.9174038039086797 0.13367513015481555 0.44700706005096436 0.07139596343040466 0.720487117767334 0.34836523264762764 0.21019205186091536 0.9067593833661395 0.11067263721604345
0.3135083019733429 0.09068083763122559 0.7525799870491028 -0.24057344016284402 0.00993403995745465 -0.19379312133583065 0.9510362580627565 0.3911633789539337 -0.004576973617076874 0.7356935143470764 -0.03900242575988008 -0.5362751371385345 0.784887123866753 0.3079611340666405 0.44651859998703003 0.007768541574478149 0.7333641052246094 0.3307804143415862 0.12891578581346572 0.9166133469881222 0.18380698429112832 0.466952383518219 0.03186234459280968 0.731356680393219 0.3163892904206748 0.2273295721083307 0.9134598169392749 0.11751712399078068 0.46414321660995483 0.04943285882472992 0.7263321280479431 0.3197211967455385 0.19565168306074657 0.9174038039086797 0.13367513015481555 0.44700706005096436 0.07139596343040466 0.720487117767334 0.34836523264762764 0.21019205186091536 0.9067593833661395 0.11067263721604345
0.3135083019733429 0.09068083763122559 0.7525799870491028 -0.24057344016284402 0.00993403995745465 -0.19379312133583065 0.9510362580627565 0.3911633789539337 -0.004576973617076874 0.7356935143470764 -0.03900242575988008 -0.5362751371385345 0.784887123866753 0.3079611340666405 0.44651859998703003 0.007768541574478149 0.7333641052246094 0.3307804143415862 0.12891578581346572 0.9166133469881222 0.18380698429112832 0.466952383518219 0.03186234459280968 0.731356680393219 0.3163892904206748 0.2273295721083307 0.9134598169392749 0.11751712399078068 0.46414321660995483 0.04943285882472992 0.7263321280479431 0.3197211967455385 0.19565168306074657 0.9174038039086797 0.13367513015481555 0.44700706005096436 0.07139596343040466 0.720487117767334 0.34836523264762764 0.21019205186091536 0.9067593833661395 0.11067263721604345
0.3135083019733429 0.09068083763122559 0.7525799870491028 -0.24057344016284402 0.00993403995745465 -0.19379312133583065 0.9510362580627565 0.3911633789539337 -0.004576973617076874 0.7356935143470764 -0.03900242575988008 -0.5362751371385345 0.784887123866753 0.3079611340666405 0.44651859998703003 0.007768541574478149 0.7333641052246094 0.3307804143415862 0.12891578581346572 0.9166133469881222 0.18380698429112832 0.466952383518219 0.03186234459280968 0.731356680393219 0.3163892904206748 0.2273295721083307 0.9134598169392749 0.11751712399078068 0.46414321660995483 0.04943285882472992 0.7263321280479431 0.3197211967455385 0.19565168306074657 0.9174038039086797 0.13367513015481555 0.44700706005096436 0.07139596343040466 0.720487117767334 0.34836523264762764 0.21019205186091536 0.9067593833661395 0.11067263721604345
0.3135083019733429 0.09068083763122559 0.7525799870491028 -0.24057344016284402 0.00993403995745465 -0.19379312133583065 0.9510362580627565 0.3911633789539337 -0.004576973617076874 0.7356935143470764 -0.03900242575988008 -0.5362751371385345 0.784887123866753 0.3079611340666405 0.44651859998703003 0.007768541574478149 0.7333641052246094 0.3307804143415862 0.12891578581346572 0.9166133469881222 0.18380698429112832 0.466952383518219 0.03186234459280968 0.731356680393219 0.3163892904206748 0.2273295721083307 0.9134598169392749 0.11751712399078068 0.46414321660995483 0.04943285882472992 0.7263321280479431 0.3197211967455385 0.19565168306074657 0.9174038039086797 0.13367513015481555 0.44700706005096436 0.07139596343040466 0.720487117767334 0.34836523264762764 0.21019205186091536 0.9067593833661395 0.11067263721604345
0.3135083019733429 0.09068083763122559 0.7525799870491028 -0.24057344016284402 0.00993403995745465 -0.19379312133583065 0.9510362580627565 0.3911633789539337 -0.004576973617076874 0.7356935143470764 -0.03900242575988008 -0.5362751371385345 0.784887123866753 0.3079611340666405 0.44651859998703003 0.007768541574478149 0.7333641052246094 0.3307804143415862 0.12891578581346572 0.9166133469881222 0.18380698429112832 0.466952383518219 0.03186234459280968 0.731356680393219 0.3163892904206748 0.2273295721083307 0.9134598169392749 0.11751712399078068 0.46414321660995483 0.04943285882472992 0.7263321280479431 0.3197211967455385 0.19565168306074657 0.9174038039086797 0.13367513015481555 0.44700706005096436 0.07139596343040466 0.720487117767334 0.34836523264762764 0.21019205186091536 0.9067593833661395 0.11067263721604345
0.3135083019733429 0.09068083763122559 0.7525799870491028 -0.24057344016284402 0.00993403995745465 -0.19379312133583065 0.9510362580627565 0.3911633789539337 -0.004576973617076874 0.7356935143470764 -0.03900242575988008 -0.5362751371385345 0.784887123866753 0.3079611340666405 0.44651859998703003 0.007768541574478149 0.7333641052246094 0.3307804143415862 0.12891578581346572 0.9166133469881222 0.18380698429112832 0.466952383518219 0.03186234459280968 0.731356680393219 0.3163892904206748 0.2273295721083307 0.9134598169392749 0.11751712399078068 0.46414321660995483 0.04943285882472992 0.7263321280479431 0.3197211967455385 0.19565168306074657 0.9174038039086797 0.13367513015481555 0.44700706005096436 0.07139596343040466 0.720487117767334 0.34836523264762764 0.21019205186091536 0.9067593833661395 0.11067263721604345
0.3135083019733429 0.09068083763122559 0.7525799870491028 -0.24057344016284402 0.00993403995745465 -0.19379312133583065 0.9510362580627565 0.3911633789539337 -0.004576973617076874 0.7356935143470764 -0.03900242575988008 -0.5362751371385345 0.784887123866753 0.3079611340666405 0.44651859998703003 0.007768541574478149 0.7333641052246094 0.3307804143415862 0.12891578581346572 0.9166133469881222 0.18380698429112832 0.466952383518219 0.03186234459280968 0.731356680393219 0.3163892904206748 0.2273295721083307 0.9134598169392749 0.11751712399078068 0.46414321660995483 0.04943285882472992 0.7263321280479431 0.3197211967455385 0.19565168306074657 0.9174038039086797 0.13367513015481555 0.44700706005096436 0.07139596343040466 0.720487117767334 0.34836523264762764 0.21019205186091536 0.9067593833661395 0.11067263721604345
0.3135083019733429 0.09068083763122559 0.7525799870491028 -0.24057344016284402 0.00993403995745465 -0.19379312133583065 0.9510362580627565 0.3911633789539337 -0.004576973617076874 0.7356935143470764 -0.03900242575988008 -0.5362751371385345 0.784887123866753 0.3079611340666405 0.44651859998703003 0.007768541574478149 0.7333641052246094 0.3307804143415862 0.12891578581346572 0.9166133469881222 0.18380698429112832 0.466952383518219 0.03186234459280968 0.731356680393219 0.3163892904206748 0.2273295721083307 0.9134598169392749 0.11751712399078068 0.46414321660995483 0.04943285882472992 0.7263321280479431 0.3197211967455385 0.19565168306074657 0.9174038039086797 0.13367513015481555 0.44700706005096436 0.07139596343040466 0.720487117767334 0.34836523264762764 0.21019205186091536 0.9067593833661395 0.11067263721604345
0.3135083019733429 0.09068083763122559 0.7525799870491028 -0.24057344016284402 0.00993403995745465 -0.19379312133583065 0.9510362580627565 0.3911633789539337 -0.004576973617076874 0.7356935143470764 -0.03900242575988008 -0.5362751371385345 0.784887123866753 0.3079611340666405 0.44651859998703003 0.007768541574478149 0.7333641052246094 0.3307804143415862 0.12891578581346572 0.9166133469881222 0.18380698429112832 0.466952383518219 0.03186234459280968 0.731356680393219 0.3163892904206748 0.2273295721083307 0.9134598169392749 0.11751712399078068 0.46414321660995483 0.04943285882472992 0.7263321280479431 0.3197211967455385 0.19565168306074657 0.9174038039086797 0.13367513015481555 0.44700706005096436 0.07139596343040466 0.720487117767334 0.34836523264762764 0.21019205186091536 0.9067593833661395 0.11067263721604345
0.3135083019733429 0.09068083763122559 0.7525799870491028 -0.24057344016284402 0.00993403995745465 -0.19379312133583065 0.9510362580627565 0.3911633789539337 -0.004576973617076874 0.7356935143470764 -0.03900242575988008 -0.5362751371385345 0.784887123866753 0.3079611340666405 0.44651859998703003 0.007768541574478149 0.7333641052246094 0.3307804143415862 0.12891578581346572 0.9166133469881222 0.18380698429112832 0.466952383518219 0.03186234459280968 0.731356680393219 0.3163892904206748 0.2273295721083307 0.9134598169392749 0.11751712399078068 0.46414321660995483 0.04943285882472992 0.7263321280479431 0.3197211967455385 0.19565168306074657 0.9174038039086797 0.13367513015481555 0.44700706005096436 0.07139596343040466 0.720487117767334 0.34836523264762764 0.21019205186091536 0.9067593833661395 0.11067263721604345
0.3135083019733429 0.09068083763122559 0.7525799870491028 -0.24057344016284402 0.00993403995745465 -0.19379312133583065 0.9510362580627565 0.3911633789539337 -0.004576973617076874 0.7356935143470764 -0.03900242575988008 -0.5362751371385345 0.784887123866753 0.3079611340666405 0.44651859998703003 0.007768541574478149 0.7333641052246094 0.3307804143415862 0.12891578581346572 0.9166133469881222 0.18380698429112832 0.466952383518219 0.03186234459280968 0.731356680393219 0.3163892904206748 0.2273295721083307 0.9134598169392749 0.11751712399078068 0.46414321660995483 0.04943285882472992 0.7263321280479431 0.3197211967455385 0.19565168306074657 0.9174038039086797 0.13367513015481555 0.44700706005096436 0.07139596343040466 0.720487117767334 0.34836523264762764 0.21019205186091536 0.9067593833661395 0.11067263721604345
0.3135083019733429 0.09068083763122559 0.7525799870491028 -0.24057344016284402 0.00993403995745465 -0.19379312133583065 0.9510362580627565 0.3911633789539337 -0.004576973617076874 0.7356935143470764 -0.03900242575988008 -0.5362751371385345 0.784887123866753 0.3079611340666405 0.44651859998703003 0.007768541574478149 0.7333641052246094 0.3307804143415862 0.12891578581346572 0.9166133469881222 0.18380698429112832 0.466952383518219 0.03186234459280968 0.731356680393219 0.3163892904206748 0.2273295721083307 0.9134598169392749 0.11751712399078068 0.46414321660995483 0.04943285882472992 0.7263321280479431 0.3197211967455385 0.19565168306074657 0.9174038039086797 0.13367513015481555 0.44700706005096436 0.07139596343040466 0.720487117767334 0.34836523264762764 0.21019205186091536 0.9067593833661395 0.11067263721604345
0.3135083019733429 0.09068083763122559 0.7525799870491028 -0.24057344016284402 0.00993403995745465 -0.19379312133583065 0.9510362580627565 0.3911633789539337 -0.004576973617076874 0.7356935143470764 -0.03900242575988008 -0.5362751371385345 0.784887123866753 0.3079611340666405 0.44651859998703003 0.007768541574478149 0.7333641052246094 0.3307804143415862 0.12891578581346572 0.9166133469881222 0.18380698429112832 0.466952383518219 0.03186234459280968 0.731356680393219 0.3163892904206748 0.2273295721083307 0.9134598169392749 0.11751712399078068 0.46414321660995483 0.04943285882472992 0.7263321280479431 0.3197211967455385 0.19565168306074657 0.9174038039086797 0.13367513015481555 0.44700706005096436 0.07139596343040466 0.720487117767334 0.34836523264762764 0.21019205186091536 0.9067593833661395 0.11067263721604345
0.3135083019733429 0.09068083763122559 0.7525799870491028 -0.24057344016284402 0.00993403995745465 -0.19379312133583065 0.9510362580627565 0.3911633789539337 -0.004576973617076874 0.7356935143470764 -0.03900242575988008 -0.5362751371385345 0.784887123866753 0.3079611340666405 0.44651859998703003 0.007768541574478149 0.7333641052246094 0.3307804143415862 0.12891578581346572 0.9166133469881222 0.18380698429112832 0.466952383518219 0.03186234459280968 0.731356680393219 0.3163892904206748 0.2273295721083307 0.9134598169392749 0.11751712399078068 0.46414321660995483 0.04943285882472992 0.7263321280479431 0.3197211967455385 0.19565168306074657 0.9174038039086797 0.13367513015481555 0.44700706005096436 0.07139596343040466 0.720487117767334 0.34836523264762764 0.21019205186091536 0.9067593833661395 0.11067263721604345
0.3135083019733429 0.09068083763122559 0.7525799870491028 -0.24057344016284402 0.00993403995745465 -0.19379312133583065 0.9510362580627565 0.3911633789539337 -0.004576973617076874 0.7356935143470764 -0.03900242575988008 -0.5362751371385345 0.784887123866753 0.3079611340666405 0.44651859998703003 0.007768541574478149 0.7333641052246094 0.3307804143415862 0.12891578581346572 0.9166133469881222 0.18380698429112832 0.466952383518219 0.03186234459280968 0.731356680393219 0.3163892904206748 0.2273295721083307 0.9134598169392749 0.11751712399078068 0.46414321660995483 0.04943285882472992 0.7263321280479431 0.3197211967455385 0.19565168306074657 0.9174038039086797 0.13367513015481555 0.44700706005096436 0.07139596343040466 0.720487117767334 0.34836523264762764 0.21019205186091536 0.9067593833661395 0.11067263721604345
0.3135083019733429 0.09068083763122559 0.7525799870491028 -0.24057344016284402 0.00993403995745465 -0.19379312133583065 0.9510362580627565 0.3911633789539337 -0.004576973617076874 0.7356935143470764 -0.03900242575988008 -0.5362751371385345 0.784887123866753 0.3079611340666405 0.44651859998703003 0.007768541574478149 0.7333641052246094 0.3307804143415862 0.12891578581346572 0.9166133469881222 0.18380698429112832 0.466952383518219 0.03186234459280968 0.731356680393219 0.3163892904206748 0.2273295721083307 0.9134598169392749 0.11751712399078068 0.46414321660995483 0.04943285882472992 0.7263321280479431 0.3197211967455385 0.19565168306074657 0.9174038039086797 0.13367513015481555 0.44700706005096436 0.07139596343040466 0.720487117767334 0.34836523264762764 0.21019205186091536 0.9067593833661395 0.11067263721604345
0.3135083019733429 0.09068083763122559 0.7525799870491028 -0.24057344016284402 0.00993403995745465 -0.19379312133583065 0.9510362580627565 0.3911633789539337 -0.004576973617076874 0.7356935143470764 -0.03900242575988008 -0.5362751371385345 0.784887123866753 0.3079611340666405 0.44651859998703003 0.007768541574478149 0.7333641052246094 0.3307804143415862 0.12891578581346572 0.9166133469881222 0.18380698429112832 0.466952383518219 0.03186234459280968 0.731356680393219 0.3163892904206748 0.2273295721083307 0.9134598169392749 0.11751712399078068 0.46414321660995483 0.04943285882472992 0.7263321280479431 0.3197211967455385 0.19565168306074657 0.9174038039086797 0.13367513015481555 0.44700706005096436 0.07139596343040466 0.720487117767334 0.34836523264762764 0.21019205186091536 0.9067593833661395 0.11067263721604345
0.33899936079978943 0.08966916799545288 0.7398843169212341 -0.29117245296779776 0.07654224550322723 -0.18933281832230572 0.934619162156824 0.3911633789539337 -0.004576973617076874 0.7356935143470764 -0.03900242575988008 -0.5362751371385345 0.784887123866753 0.3079611340666405 0.44651859998703003 0.007768541574478149 0.7333641052246094 0.3307804143415862 0.12891578581346572 0.9166133469881222 0.18380698429112832 0.466952383518219 0.03186234459280968 0.731356680393219 0.3163892904206748 0.2273295721083307 0.9134598169392749 0.11751712399078068 0.46414321660995483 0.04943285882472992 0.7263321280479431 0.3197211967455385 0.19565168306074657 0.9174038039086797 0.13367513015481555 0.44700706005096436 0.07139596343040466 0.720487117767334 0.34836523264762764 0.21019205186091536 0.9067593833661395 0.11067263721604345
0.33899936079978943 0.08966916799545288 0.7398843169212341 -0.29117245296779776 0.07654224550322723 -0.18933281832230572 0.934619162156824 0.40029481053352356 -0.01784306764602661 0.7365525364875793 -0.08616452258615286 -0.43648576270243117 0.8063975749627199 0.3895881070341818 0.4718884825706482 0.002838827669620514 0.7187706232070923 0.3098283065867401 0.20510150669226793 0.90792654525278 0.19393093970227637 0.4935229420661926 0.032771408557891846 0.710197389125824 0.29026854800650737 0.2966821278205786 0.9060133719505931 0.08284745688535969 0.4905652701854706 0.0530238002538681 0.7028579711914062 0.2865156485295311 0.2595508596847355 0.9189927005926819 0.07742486890295869 0.4713950455188751 0.07971110939979553 0.6927466988563538 0.30200848386644813 0.26938793100987724 0.914348142229116 -0.01373061691571977
0.34055230021476746 0.09007684886455536 0.7409332990646362 -0.2963313094056339 0.07727555039634174 -0.19585110275499476 0.931589292777142 0.40029481053352356 -0.01784306764602661 0.7365525364875793 -0.08616452258615286 -0.43648576270243117 0.8063975749627199 0.3895881070341818 0.4718884825706482 0.002838827669620514 0.7187706232070923 0.3098283065867401 0.20510150669226793 0.90792654525278 0.19393093970227637 0.4935229420661926 0.032771408557891846 0.710197389125824 0.29026854800650737 0.2966821278205786 0.9060133719505931 0.08284745688535969 0.4905652701854706 0.0530238002538681 0.7028579711914062 0.2865156485295311 0.2595508596847355 0.9189927005926819 0.07742486890295869 0.4713950455188751 0.07971110939979553 0.6927466988563538 0.30200848386644813 0.26938793100987724 0.914348142229116 -0.01373061691571977
0.34121084213256836 0.0903974249958992 0.7418537139892578 -0.2991238791663187 0.07881908011189062 -0.19756293027271615 0.9302050002170676 0.4006793797016144 -0.017780274152755737 0.7387794256210327 -0.08161376382179487 -0.4356177828488524 0.8077264917000218 0.388785694115746 0.47214484214782715 0.0013410001993179321 0.7209734320640564 0.3107557208660167 0.20841322757075745 0.9051201924176933 0.20187191538798507 0.4942041039466858 0.030993521213531494 0.711972177028656 0.2921477019310626 0.3002726496434178 0.90356002409393 0.08980727377502724 0.49140048027038574 0.05099525302648544 0.7043196558952332 0.2901526795953511 0.26298738490542223 0.916134204640534 0.08571574406305112 0.47295835614204407 0.07750626653432846 0.6945839524269104 0.2995960677502115 0.27311222900020826 0.9141376690614407 -0.002071261793872985
0.34201011061668396 0.09089319407939911 0.7426278591156006 -0.3010326467518599 0.08017585803767997 -0.1984571013834413 0.9292825023239439 0.4011782109737396 -0.017215870320796967 0.7397435903549194 -0.07083221474842455 -0.4380569725039993 0.8093596158066635 0.3847413333853397 0.4723212718963623 0.0010272040963172913 0.7220351099967957 0.31205314763148395 0.2106487082777058 0.903603278081361 0.20433088347507236 0.4944804310798645 0.03053172677755356 0.7127916216850281 0.29392233782130694 0.3023679584417813 0.9020583540241869 0.09205436797740582 0.49163228273391724 0.050422027707099915 0.7049000859260559 0.2939272460361524 0.26487504577564985 0.914115296092217 0.08855075353448649 0.4736713767051697 0.07724764943122864 0.6957521438598633 0.2963958028150101 0.27658643791965454 0.9141385729317528 -0.00036558508176918987
0.34201011061668396 0.09089319407939911 0.7426278591156006 -0.3010326467518599 0.08017585803767997 -0.1984571013834413 0.9292825023239439 0.401988685131073 -0.01637224853038788 0.7403590679168701 -0.059506638317619466 -0.4413128019177198 0.8107024307913083 0.3800837418235216 0.4728054404258728 0.0011424049735069275 0.7227988839149475 0.3132458153209427 0.21222218736733064 0.9024994355184156 0.2057513572511795 0.4950145483016968 0.030553661286830902 0.7133804559707642 0.2953992985697562 0.30380313767216643 0.9009656574146916 0.09329445748167363 0.492112934589386 0.050361860543489456 0.7053250074386597 0.2969214925508537 0.2661503530822827 0.9126100191690635 0.09024746159933461 0.47456085681915283 0.07757319509983063 0.6967539191246033 0.29292796723832937 0.2796259979091904 0.9143316227061614 -0.0004578531048159736
0.3429638147354126 0.09144042432308197 0.743374764919281 -0.3020121805250228 0.08098060032177933 -0.19856563552601095 0.9288716156185515 0.401988685131073 -0.01637224853038788 0.7403590679168701 -0.059506638317619466 -0.4413128019177198 0.8107024307913083 0.3800837418235216 0.4728054404258728 0.0011424049735069275 0.7227988839149475 0.3132458153209427 0.21222218736733064 0.9024994355184156 0.2057513572511795 0.4950145483016968 0.030553661286830902 0.7133804559707642 0.2953992985697562 0.30380313767216643 0.9009656574146916 0.09329445748167363 0.492112934589386 0.050361860543489456 0.7053250074386597 0.2969214925508537 0.2661503530822827 0.9126100191690635 0.09024746159933461 0.47456085681915283 0.07757319509983063 0.6967539191246033 0.29292796723832937 0.2796259979091904 0.9143316227061614 -0.0004578531048159736
0.344595730304718 0.092387855052948 0.7442643642425537 -0.30355631456639537 0.08174475053936345 -0.19756671234066484 0.9285142681262277 0.4031076729297638 -0.01542365550994873 0.7408472299575806 -0.049331814603551315 -0.44482976317832656 0.8116782233549585 0.37532821864229965 0.4736388027667999 0.0015747472643852234 0.7234805822372437 0.3139705426508907 0.21310886235165888 0.9019352342373099 0.20620375285954542 0.49585551023483276 0.03095974773168564 0.7139628529548645 0.29619669220835665 0.3045917090498939 0.9004103442247932 0.09355560667413855 0.49291202425956726 0.05072351545095444 0.7058286666870117 0.2985445576166032 0.2668510361090405 0.9118244877487042 0.09076238636678849 0.47563397884368896 0.07822752743959427 0.6977291703224182 0.28974008419471287 0.28175669689575056 0.9146924314531978 -0.0012787581743326226
0.344595730304718 0.092387855052948 0.7442643642425537 -0.30355631456639537 0.08174475053936345 -0.19756671234066484 0.9285142681262277 0.4046165943145752 -0.0142335444688797 0.7409574389457703 -0.03907029267244176 -0.4494554122940589 0.8106739718045948 0.3731906228792421 0.475192666053772 0.002585984766483307 0.7240273356437683 0.3163131261869431 0.2140642216355334 0.900914858126738 0.20609458792710292 0.49750083684921265 0.032072316855192184 0.7145992517471313 0.2968897653724697 0.3061361151190008 0.8997363047418087 0.09279948886287405 0.4945019483566284 0.05180525407195091 0.7064187526702881 0.29945282674171764 0.26839111623144746 0.9111392033637934 0.09010872704090152 0.47744110226631165 0.07961518317461014 0.6988545656204224 0.28584402698555783 0.28482764858644094 0.9149619373242008 -0.003324896085429176
0.344595730304718 0.092387855052948 0.7442643642425537 -0.30355631456639537 0.08174475053936345 -0.19756671234066484 0.9285142681262277 0.4046165943145752 -0.0142335444688797 0.7409574389457703 -0.03907029267244176 -0.4494554122940589 0.8106739718045948 0.3731906228792421 0.475192666053772 0.002585984766483307 0.7240273356437683 0.3163131261869431 0.2140642216355334 0.900914858126738 0.20609458792710292 0.49750083684921265 0.032072316855192184 0.7145992517471313 0.2968897653724697 0.3061361151190008 0.8997363047418087 0.09279948886287405 0.4945019483566284 0.05180525407195091 0.7064187526702881 0.29945282674171764 0.26839111623144746 0.9111392033637934 0.09010872704090152 0.47744110226631165 0.07961518317461014 0.6988545656204224 0.28584402698555783 0.28482764858644094 0.9149619373242008 -0.003324896085429176
0.344595730304718 0.092387855052948 0.7442643642425537 -0.30355631456639537 0.08174475053936345 -0.19756671234066484 0.9285142681262277 0.4046165943145752 -0.0142335444688797 0.7409574389457703 -0.03907029267244176 -0.4494554122940589 0.8106739718045948 0.3731906228792421 0.475192666053772 0.002585984766483307 0.7240273356437683 0.3163131261869431 0.2140642216355334 0.900914858126738 0.20609458792710292 0.49750083684921265 0.032072316855192184 0.7145992517471313 0.2968897653724697 0.3061361151190008 0.8997363047418087 0.09279948886287405 0.4945019483566284 0.05180525407195091 0.7064187526702881 0.29945282674171764 0.26839111623144746 0.9111392033637934 0.09010872704090152 0.47744110226631165 0.07961518317461014 0.6988545656204224 0.28584402698555783 0.28482764858644094 0.9149619373242008 -0.003324896085429176
0.344595730304718 0.092387855052948 0.7442643642425537 -0.30355631456639537 0.08174475053936345 -0.19756671234066484 0.9285142681262277 0.4046165943145752 -0.0142335444688797 0.7409574389457703 -0.03907029267244176 -0.4494554122940589 0.8106739718045948 0.3731906228792421 0.475192666053772 0.002585984766483307 0.7240273356437683 0.3163131261869431 0.2140642216355334 0.900914858126738 0.20609458792710292 0.49750083684921265 0.032072316855192184 0.7145992517471313 0.2968897653724697 0.3061361151190008 0.8997363047418087 0.09279948886287405 0.4945019483566284 0.05180525407195091 0.7064187526702881 0.29945282674171764 0.26839111623144746 0.9111392033637934 0.09010872704090152 0.47744110226631165 0.07961518317461014 0.6988545656204224 0.28584402698555783 0.28482764858644094 0.9149619373242008 -0.003324896085429176
0.344595730304718 0.092387855052948 0.7442643642425537 -0.30355631456639537 0.08174475053936345 -0.19756671234066484 0.9285142681262277 0.4046165943145752 -0.0142335444688797 0.7409574389457703 -0.03907029267244176 -0.4494554122940589 0.8106739718045948 0.3731906228792421 0.475192666053772 0.002585984766483307 0.7240273356437683 0.3163131261869431 0.2140642216355334 0.900914858126738 0.20609458792710292 0.49750083684921265 0.032072316855192184 0.7145992517471313 0.2968897653724697 0.3061361151190008 0.8997363047418087 0.09279948886287405 0.4945019483566284 0.05180525407195091 0.7064187526702881 0.29945282674171764 0.26839111623144746 0.9111392033637934 0.09010872704090152 0.47744110226631165 0.07961518317461014 0.6988545656204224 0.28584402698555783 0.28482764858644094 0.9149619373242008 -0.003324896085429176
0.344595730304718 0.092387855052948 0.7442643642425537 -0.30355631456639537 0.08174475053936345 -0.19756671234066484 0.9285142681262277 0.4046165943145752 -0.0142335444688797 0.7409574389457703 -0.03907029267244176 -0.4494554122940589 0.8106739718045948 0.3731906228792421 0.475192666053772 0.002585984766483307 0.7240273356437683 0.3163131261869431 0.2140642216355334 0.900914858126738 0.20609458792710292 0.49750083684921265 0.032072316855192184 0.7145992517471313 0.2968897653724697 0.3061361151190008 0.8997363047418087 0.09279948886287405 0.4945019483566284 0.05180525407195091 0.7064187526702881 0.29945282674171764 0.26839111623144746 0.9111392033637934 0.09010872704090152 0.47744110226631165 0.07961518317461014 0.6988545656204224 0.28584402698555783 0.28482764858644094 0.9149619373242008 -0.003324896085429176
0.345095157623291 0.09271612763404846 0.7444801330566406 -0.3036074638267328 0.08227949589221589 -0.1966055929596448 0.9286543131178582 0.4046165943145752 -0.0142335444688797 0.7409574389457703 -0.03907029267244176 -0.4494554122940589 0.8106739718045948 0.3731906228792421 0.475192666053772 0.002585984766483307 0.7240273356437683 0.3163131261869431 0.2140642216355334 0.900914858126738 0.20609458792710292 0.49750083684921265 0.032072316855192184 0.7145992517471313 0.2968897653724697 0.3061361151190008 0.8997363047418087 0.09279948886287405 0.4945019483566284 0.05180525407195091 0.7064187526702881 0.29945282674171764 0.26839111623144746 0.9111392033637934 0.09010872704090152 0.47744110226631165 0.07961518317461014 0.6988545656204224 0.28584402698555783 0.28482764858644094 0.9149619373242008 -0.003324896085429176
0.3407222032546997 0.09262584149837494 0.7403205633163452 -0.3017701046840124 0.07986988487904166 -0.18992901706060952 0.9308504637939599 0.4049992561340332 -0.013881564140319824 0.7405931949615479 -0.03592591814748416 -0.451510784530985 0.8094272781525522 0.37373106439742826 0.4757229685783386 0.0030776262283325195 0.7238869071006775 0.3176788599062995 0.2139356523661674 0.9006258500587485 0.2053892555146822 0.4980505406856537 0.03264479711651802 0.7145488262176514 0.2973235330465509 0.3062797868189793 0.8996466749357287 0.091800215359363 0.4950067400932312 0.05237463116645813 0.7063791751861572 0.2999812419770129 0.2685266782574287 0.9110197853321587 0.08914950654019088 0.47799891233444214 0.0803021788597107 0.6990736126899719 0.2844568201341786 0.28550794804789026 0.9151755544395096 -0.004820227637191071
0.3407222032546997 0.09262584149837494 0.7403205633163452 -0.3017701046840124 0.07986988487904166 -0.18992901706060952 0.9308504637939599 0.4013751745223999 -0.013093069195747375 0.7350327968597412 -0.02469763786496297 -0.46052683666801886 0.8067992703668417 0.3692966503181956 0.472423255443573 0.0047240108251571655 0.7196389436721802 0.317402065415049 0.21332000750141106 0.9019748300205408 0.2004792882399364 0.4945494532585144 0.034949593245983124 0.7105278372764587 0.29394498789361573 0.3062098978750278 0.9014875154200052 0.08457057495400888 0.49124497175216675 0.05465902388095856 0.7024593353271484 0.29703263307561345 0.2684605468628169 0.9126841438240952 0.08190388546111853 0.47446954250335693 0.08337992429733276 0.6965407133102417 0.2688119520654932 0.28974805691203154 0.918423513521565 -0.016866984538279117
0.34014642238616943 0.09324249625205994 0.7401522397994995 -0.3049013083941205 0.07415276924715145 -0.19705802624473298 0.9288189808185916 0.4013751745223999 -0.013093069195747375 0.7350327968597412 -0.02469763786496297 -0.46052683666801886 0.8067992703668417 0.3692966503181956 0.472423255443573 0.0047240108251571655 0.7196389436721802 0.317402065415049 0.21332000750141106 0.9019748300205408 0.2004792882399364 0.4945494532585144 0.034949593245983124 0.7105278372764587 0.29394498789361573 0.3062098978750278 0.9014875154200052 0.08457057495400888 0.49124497175216675 0.05465902388095856 0.7024593353271484 0.29703263307561345 0.2684605468628169 0.9126841438240952 0.08190388546111853 0.47446954250335693 0.08337992429733276 0.6965407133102417 0.2688119520654932 0.28974805691203154 0.918423513521565 -0.016866984538279117
0.34009337425231934 0.09328894317150116 0.7399591207504272 -0.3053132840427829 0.07135226457801624 -0.20109113713463422 0.9280382550502001 0.40015026926994324 -0.013086378574371338 0.7376551628112793 -0.03908672596631327 -0.45466646747452794 0.8092769546362836 0.36989401262946114 0.47031769156455994 0.003112681210041046 0.7213509678840637 0.31830037470669753 0.21163159669644468 0.8993441473867271 0.21231348868778288 0.4937448799610138 0.033773794770240784 0.7131155133247375 0.287810989721359 0.30893606854270744 0.9017788503128269 0.09229439767892676 0.49076706171035767 0.05380500108003616 0.7045634984970093 0.2912789831139277 0.27155544685103905 0.9131749091109588 0.08675140880858155 0.47436779737472534 0.08227263391017914 0.6984013915061951 0.26336441755909895 0.29352299841092916 0.9189126033801658 -0.009114593721473012
0.34009337425231934 0.09328894317150116 0.7399591207504272 -0.3053132840427829 0.07135226457801624 -0.20109113713463422 0.9280382550502001 0.39978423714637756 -0.013246111571788788 0.738122284412384 -0.04393754305939103 -0.4544163888253691 0.8090146411183011 0.3702305102832142 0.4694240391254425 0.002113752067089081 0.7219040393829346 0.3194002785492139 0.2094061406850485 0.8982347664840787 0.21750142072150355 0.49349796772003174 0.03283676505088806 0.7142590284347534 0.2851676107908508 0.3090621597186196 0.902130822892398 0.09654015509370274 0.49070894718170166 0.052860043942928314 0.705622673034668 0.288454482487556 0.27171552900244733 0.9136223741284106 0.0908784095988476 0.47468653321266174 0.08088913559913635 0.6997554302215576 0.2582102695925968 0.2939408141916326 0.9202859603048132 0.00019660594195753108
0.3400897979736328 0.093365877866745 0.7404090166091919 -0.3052158570926832 0.06766070157541787 -0.20500214353303167 0.9274909438360947 0.39978423714637756 -0.013246111571788788 0.738122284412384 -0.04393754305939103 -0.4544163888253691 0.8090146411183011 0.3702305102832142 0.4694240391254425 0.002113752067089081 0.7219040393829346 0.3194002785492139 0.2094061406850485 0.8982347664840787 0.21750142072150355 0.49349796772003174 0.03283676505088806 0.7142590284347534 0.2851676107908508 0.3090621597186196 0.902130822892398 0.09654015509370274 0.49070894718170166 0.052860043942928314 0.705622673034668 0.288454482487556 0.27171552900244733 0.9136223741284106 0.0908784095988476 0.47468653321266174 0.08088913559913635 0.6997554302215576 0.2582102695925968 0.2939408141916326 0.9202859603048132 0.00019660594195753108
0.34037846326828003 0.093563973903656 0.7405343055725098 -0.30567196947349207 0.05791209070356883 -0.2112842862917108 0.9265904142901711 0.4000262916088104 -0.012968912720680237 0.7385751605033875 -0.04490522647769853 -0.4569977663741415 0.8084859138646816 0.36808586103439805 0.4683898091316223 0.0011999979615211487 0.7229479551315308 0.3255783411713704 0.2055405773730297 0.8954255699667752 0.22352832254923918 0.4933777451515198 0.03207196667790413 0.7162661552429199 0.28171672047005974 0.3088570413686415 0.9028373440665209 0.1006368158161949 0.4907752275466919 0.05208804830908775 0.7075580954551697 0.2848590219792207 0.2715410188041699 0.9143996777798593 0.09483704648171522 0.47529298067092896 0.07873419672250748 0.702801525592804 0.24817112295786278 0.2933856747579263 0.9230375850574593 0.018373252218188516
0.34082144498825073 0.09366114437580109 0.7402830123901367 -0.3065878130504509 0.054621284151141286 -0.2128285658997807 0.9261341454293726 0.4003871977329254 -0.01271049678325653 0.7400858402252197 -0.05274506840383808 -0.45974524682894763 0.8084156855284209 0.36375323782479724 0.4665670692920685 -0.00011909753084182739 0.7243641018867493 0.3439712505564541 0.19672547387334197 0.887333201869954 0.23584463126318725 0.4935494661331177 0.03100808709859848 0.7197607755661011 0.27482552389312315 0.308531057735399 0.9041818033908737 0.10832727370481539 0.4911516606807709 0.05089450627565384 0.7105761766433716 0.27992721903162143 0.27061595941005545 0.9153859992738318 0.10235358195478123 0.4764673709869385 0.07597678899765015 0.7075668573379517 0.23150360463826597 0.2934172327072269 0.926502232571636 0.04365819950914038
0.3412325978279114 0.09376651048660278 0.740256130695343 -0.30734125510474547 0.05299583203440296 -0.21323201567302424 0.9258860129504817 0.4009871184825897 -0.012453339993953705 0.7403842210769653 -0.05395169370290713 -0.4605056842725341 0.8090204391447092 0.3612613705824531 0.4659842848777771 -0.0004903972148895264 0.7242450714111328 0.35777274863118985 0.19254783381974155 0.881308469173527 0.24128694076626764 0.49362850189208984 0.030438311398029327 0.7200961112976074 0.2779894989789756 0.30765306410758014 0.9030198334313669 0.11236832437526377 0.49146246910095215 0.05046488717198372 0.7108927369117737 0.2809658746332033 0.2700122679074505 0.9149401680728028 0.10505278405674594 0.47711408138275146 0.07546666264533997 0.708535373210907 0.2274372253261415 0.29433594740946495 0.9269543386391824 0.04893186952252745
0.3412325978279114 0.09376651048660278 0.740256130695343 -0.30734125510474547 0.05299583203440296 -0.21323201567302424 0.9258860129504817 0.4016675353050232 -0.012091748416423798 0.7405327558517456 -0.05284803199012781 -0.46127350978545295 0.8096708928379495 0.35898037196873445 0.46534451842308044 -0.0006543174386024475 0.7237787246704102 0.37592855847523743 0.1877550519959388 0.8734019627387609 0.24616022332798926 0.49359583854675293 0.03004913032054901 0.7199896574020386 0.28458547672685525 0.3067775377370651 0.9008281205437905 0.1157900992331873 0.4917624592781067 0.05034468322992325 0.7110121846199036 0.2826388266627602 0.2698102960369792 0.9143322654803544 0.10636846677690437 0.47747504711151123 0.07529681921005249 0.7085659503936768 0.22944698594813723 0.29430712368789497 0.9263851296549099 0.05047771523212196
0.3412325978279114 0.09376651048660278 0.740256130695343 -0.30734125510474547 0.05299583203440296 -0.21323201567302424 0.9258860129504817 0.4016675353050232 -0.012091748416423798 0.7405327558517456 -0.05284803199012781 -0.46127350978545295 0.8096708928379495 0.35898037196873445 0.46534451842308044 -0.0006543174386024475 0.7237787246704102 0.37592855847523743 0.1877550519959388 0.8734019627387609 0.24616022332798926 0.49359583854675293 0.03004913032054901 0.7199896574020386 0.28458547672685525 0.3067775377370651 0.9008281205437905 0.1157900992331873 0.4917624592781067 0.05034468322992325 0.7110121846199036 0.2826388266627602 0.2698102960369792 0.9143322654803544 0.10636846677690437 0.47747504711151123 0.07529681921005249 0.7085659503936768 0.22944698594813723 0.29430712368789497 0.9263851296549099 0.05047771523212196
0.3418023884296417 0.09414351731538773 0.7399910688400269 -0.3059611799103762 0.050990624258741436 -0.21097456599113 0.9269721863829514 0.4016675353050232 -0.012091748416423798 0.7405327558517456 -0.05284803199012781 -0.46127350978545295 0.8096708928379495 0.35898037196873445 0.46534451842308044 -0.0006543174386024475 0.7237787246704102 0.37592855847523743 0.1877550519959388 0.8734019627387609 0.24616022332798926 0.49359583854675293 0.03004913032054901 0.7199896574020386 0.28458547672685525 0.3067775377370651 0.9008281205437905 0.1157900992331873 0.4917624592781067 0.05034468322992325 0.7110121846199036 0.2826388266627602 0.2698102960369792 0.9143322654803544 0.10636846677690437 0.47747504711151123 0.07529681921005249 0.7085659503936768 0.22944698594813723 0.29430712368789497 0.9263851296549099 0.05047771523212196
0.34183356165885925 0.09407592564821243 0.7397703528404236 -0.3075389485215786 0.05198261008546785 -0.20958029686696875 0.9267112254191843 0.4030621647834778 -0.011107899248600006 0.7399598360061646 -0.04954204331391813 -0.4642239208851 0.8101854331564061 0.35445916621077495 0.4644116759300232 0.0002544820308685303 0.7222768664360046 0.41813672990461265 0.17664045687529542 0.8544608068159495 0.2526985789601539 0.4933525025844574 0.03026372194290161 0.7185388207435608 0.30239680612640973 0.30261525715097953 0.8958603679536984 0.12005990824316892 0.4918677806854248 0.05099918693304062 0.709854781627655 0.29490316873306305 0.2663853851174009 0.9113576115788131 0.10722995153140358 0.4773695468902588 0.07514165341854095 0.7064617872238159 0.2475853154406631 0.2875005946247704 0.9236723038764932 0.05361342514754545
0.34183356165885925 0.09407592564821243 0.7397703528404236 -0.3075389485215786 0.05198261008546785 -0.20958029686696875 0.9267112254191843 0.40331465005874634 -0.011053681373596191 0.7397881746292114 -0.04810485704712825 -0.4626653279436298 0.8112155050000478 0.35433901007345114 0.46459537744522095 0.000449158251285553 0.7220303416252136 0.42154661128183796 0.17843477786628092 0.8524360005171456 0.25261099524875075 0.49325352907180786 0.03029944747686386 0.7177799940109253 0.30668943025540446 0.3038020022710463 0.8939884351469571 0.12012759589532712 0.4917466640472412 0.051060229539871216 0.7090725302696228 0.29861999274907386 0.2676870291120618 0.9098059912666245 0.1068775977519221 0.4772530794143677 0.07515525072813034 0.7056716680526733 0.2503702011824425 0.288520690015034 0.9226415277683266 0.05294507672857481
0.34183356165885925 0.09407592564821243 0.7397703528404236 -0.3075389485215786 0.05198261008546785 -0.20958029686696875 0.9267112254191843 0.40331465005874634 -0.011053681373596191 0.7397881746292114 -0.04810485704712825 -0.4626653279436298 0.8112155050000478 0.35433901007345114 0.46459537744522095 0.000449158251285553 0.7220303416252136 0.42154661128183796 0.17843477786628092 0.8524360005171456 0.25261099524875075 0.49325352907180786 0.03029944747686386 0.7177799940109253 0.30668943025540446 0.3038020022710463 0.8939884351469571 0.12012759589532712 0.4917466640472412 0.051060229539871216 0.7090725302696228 0.29861999274907386 0.2676870291120618 0.9098059912666245 0.1068775977519221 0.4772530794143677 0.07515525072813034 0.7056716680526733 0.2503702011824425 0.288520690015034 0.9226415277683266 0.05294507672857481
0.34183356165885925 0.09407592564821243 0.7397703528404236 -0.3075389485215786 0.05198261008546785 -0.20958029686696875 0.9267112254191843 0.40331465005874634 -0.011053681373596191 0.7397881746292114 -0.04810485704712825 -0.4626653279436298 0.8112155050000478 0.35433901007345114 0.46459537744522095 0.000449158251285553 0.7220303416252136 0.42154661128183796 0.17843477786628092 0.8524360005171456 0.25261099524875075 0.49325352907180786 0.03029944747686386 0.7177799940109253 0.30668943025540446 0.3038020022710463 0.8939884351469571 0.12012759589532712 0.4917466640472412 0.051060229539871216 0.7090725302696228 0.29861999274907386 0.2676870291120618 0.9098059912666245 0.1068775977519221 0.4772530794143677 0.07515525072813034 0.7056716680526733 0.2503702011824425 0.288520690015034 0.9226415277683266 0.05294507672857481
0.34183356165885925 0.09407592564821243 0.7397703528404236 -0.3075389485215786 0.05198261008546785 -0.20958029686696875 0.9267112254191843 0.40331465005874634 -0.011053681373596191 0.7397881746292114 -0.04810485704712825 -0.4626653279436298 0.8112155050000478 0.35433901007345114 0.46459537744522095 0.000449158251285553 0.7220303416252136 0.42154661128183796 0.17843477786628092 0.8524360005171456 0.25261099524875075 0.49325352907180786 0.03029944747686386 0.7177799940109253 0.30668943025540446 0.3038020022710463 0.8939884351469571 0.12012759589532712 0.4917466640472412 0.051060229539871216 0.7090725302696228 0.29861999274907386 0.2676870291120618 0.9098059912666245 0.1068775977519221 0.4772530794143677 0.07515525072813034 0.7056716680526733 0.2503702011824425 0.288520690015034 0.9226415277683266 0.05294507672857481
0.34183356165885925 0.09407592564821243 0.7397703528404236 -0.3075389485215786 0.05198261008546785 -0.20958029686696875 0.9267112254191843 0.40331465005874634 -0.011053681373596191 0.7397881746292114 -0.04810485704712825 -0.4626653279436298 0.8112155050000478 0.35433901007345114 0.46459537744522095 0.000449158251285553 0.7220303416252136 0.42154661128183796 0.17843477786628092 0.8524360005171456 0.25261099524875075 0.49325352907180786 0.03029944747686386 0.7177799940109253 0.30668943025540446 0.3038020022710463 0.8939884351469571 0.12012759589532712 0.4917466640472412 0.051060229539871216 0.7090725302696228 0.29861999274907386 0.2676870291120618 0.9098059912666245 0.1068775977519221 0.4772530794143677 0.07515525072813034 0.7056716680526733 0.2503702011824425 0.288520690015034 0.9226415277683266 0.05294507672857481
0.34183356165885925 0.09407592564821243 0.7397703528404236 -0.3075389485215786 0.05198261008546785 -0.20958029686696875 0.9267112254191843 0.40331465005874634 -0.011053681373596191 0.7397881746292114 -0.04810485704712825 -0.4626653279436298 0.8112155050000478 0.35433901007345114 0.46459537744522095 0.000449158251285553 0.7220303416252136 0.42154661128183796 0.17843477786628092 0.8524360005171456 0.25261099524875075 0.49325352907180786 0.03029944747686386 0.7177799940109253 0.30668943025540446 0.3038020022710463 0.8939884351469571 0.12012759589532712 0.4917466640472412 0.051060229539871216 0.7090725302696228 0.29861999274907386 0.2676870291120618 0.9098059912666245 0.1068775977519221 0.4772530794143677 0.07515525072813034 0.7056716680526733 0.2503702011824425 0.288520690015034 0.9226415277683266 0.05294507672857481
0.34183356165885925 0.09407592564821243 0.7397703528404236 -0.3075389485215786 0.05198261008546785 -0.20958029686696875 0.9267112254191843 0.40331465005874634 -0.011053681373596191 0.7397881746292114 -0.04810485704712825 -0.4626653279436298 0.8112155050000478 0.35433901007345114 0.46459537744522095 0.000449158251285553 0.7220303416252136 0.42154661128183796 0.17843477786628092 0.8524360005171456 0.25261099524875075 0.49325352907180786 0.03029944747686386 0.7177799940109253 0.30668943025540446 0.3038020022710463 0.8939884351469571 0.12012759589532712 0.4917466640472412 0.051060229539871216 0.7090725302696228 0.29861999274907386 0.2676870291120618 0.9098059912666245 0.1068775977519221 0.4772530794143677 0.07515525072813034 0.7056716680526733 0.2503702011824425 0.288520690015034 0.9226415277683266 0.05294507672857481
0.34183356165885925 0.09407592564821243 0.7397703528404236 -0.3075389485215786 0.05198261008546785 -0.20958029686696875 0.9267112254191843 0.40331465005874634 -0.011053681373596191 0.7397881746292114 -0.04810485704712825 -0.4626653279436298 0.8112155050000478 0.35433901007345114 0.46459537744522095 0.000449158251285553 0.7220303416252136 0.42154661128183796 0.17843477786628092 0.8524360005171456 0.25261099524875075 0.49325352907180786 0.03029944747686386 0.7177799940109253 0.30668943025540446 0.3038020022710463 0.8939884351469571 0.12012759589532712 0.4917466640472412 0.051060229539871216 0.7090725302696228 0.29861999274907386 0.2676870291120618 0.9098059912666245 0.1068775977519221 0.4772530794143677 0.07515525072813034 0.7056716680526733 0.2503702011824425 0.288520690015034 0.9226415277683266 0.05294507672857481
0.3415738642215729 0.09341031312942505 0.7408620119094849 -0.3074302513045105 0.07521856929071258 -0.19155757620523498 0.9290503151835702 0.40331465005874634 -0.011053681373596191 0.7397881746292114 -0.04810485704712825 -0.4626653279436298 0.8112155050000478 0.35433901007345114 0.46459537744522095 0.000449158251285553 0.7220303416252136 0.42154661128183796 0.17843477786628092 0.8524360005171456 0.25261099524875075 0.49325352907180786 0.03029944747686386 0.7177799940109253 0.30668943025540446 0.3038020022710463 0.8939884351469571 0.12012759589532712 0.4917466640472412 0.051060229539871216 0.7090725302696228 0.29861999274907386 0.2676870291120618 0.9098059912666245 0.1068775977519221 0.4772530794143677 0.07515525072813034 0.7056716680526733 0.2503702011824425 0.288520690015034 0.9226415277683266 0.05294507672857481
0.3418472409248352 0.09356866776943207 0.7403645515441895 -0.30714612717103745 0.07535129667258056 -0.19303527171394036 0.9288276579743681 0.40292736887931824 -0.011957958340644836 0.73834627866745 -0.03519371488374011 -0.4517973913129539 0.8123918855026857 0.36696040254147827 0.4699627161026001 0.003647737205028534 0.719062089920044 0.36903324117574365 0.20394503578661105 0.8798104187432562 0.21944127334696326 0.49404627084732056 0.034046322107315063 0.7113379836082458 0.31414847688261965 0.308572045287185 0.8926757823512784 0.09604146808247785 0.4917246103286743 0.054953258484601974 0.7038344144821167 0.3052150841702565 0.2743873837191507 0.9079116771552476 0.08515688599997065 0.47600245475769043 0.08117799460887909 0.6997425556182861 0.25992507774465856 0.29373938623766593 0.9198319409315159 0.008081107725968522
0.34223416447639465 0.09439653158187866 0.7400388717651367 -0.3071521215586056 0.07429453713638531 -0.19671115234332975 0.9281393310734495 0.4028421938419342 -0.012046977877616882 0.7379341125488281 -0.03756130041113048 -0.45131682471462276 0.8117218175518425 0.3687952685123588 0.4699760973453522 0.0034340471029281616 0.7186435461044312 0.369033932429202 0.20322199151687706 0.8796435600676326 0.22077587231540657 0.4942311644554138 0.03382332623004913 0.7110167145729065 0.3130874231014171 0.3081128792195442 0.8931008876157287 0.09702324542631638 0.49190324544906616 0.05467846989631653 0.703442394733429 0.30529482424813864 0.2738049173352581 0.9079274453022961 0.08656599627716663 0.47626349329948425 0.08094950020313263 0.6993420720100403 0.26002063484681565 0.2932509980671027 0.9199469990735281 0.009519993943066851
0.34240084886550903 0.09459143877029419 0.7399886846542358 -0.3066185916787306 0.07415882270555808 -0.19805818188646687 0.928040115689168 0.4024992287158966 -0.011703558266162872 0.7380959987640381 -0.042886486968512605 -0.45049526990247835 0.810664605497642 0.37153425045220856 0.46984562277793884 0.0034089237451553345 0.7189850211143494 0.3677220289501634 0.20219109798361232 0.8795430079068027 0.22428418687823634 0.49445271492004395 0.03373371437191963 0.7115327715873718 0.3101605056665961 0.30776570988144836 0.893907052243685 0.10005484566115942 0.49216771125793457 0.05449166148900986 0.7037943601608276 0.3042463320105691 0.27327485887669056 0.90807868398355 0.09026731704056315 0.4767192602157593 0.08085578680038452 0.699589192867279 0.2590641390164962 0.29303351557691454 0.9202396964729326 0.013269068392420936
0.34240084886550903 0.09459143877029419 0.7399886846542358 -0.3066185916787306 0.07415882270555808 -0.19805818188646687 0.928040115689168 0.4023914039134979 -0.011656664311885834 0.7380579710006714 -0.0438658501439737 -0.4509431905985641 0.8100122474935854 0.37229855405797935 0.46979328989982605 0.003298461437225342 0.7190414071083069 0.3674931150302474 0.2012845220918772 0.8795604413355076 0.2254034944298036 0.4945144057273865 0.03358648717403412 0.7116663455963135 0.30957154951665955 0.3070594522770877 0.8942334479974878 0.10112601039058845 0.49226629734039307 0.054332390427589417 0.703910768032074 0.3040441568989492 0.2725243863148113 0.9082495581165874 0.09148961294554839 0.476892352104187 0.08073703199625015 0.6997020840644836 0.2588533313468858 0.2923852971203758 0.9204860390856394 0.014534802089232392
0.34280169010162354 0.0946073830127716 0.7393571138381958 -0.30513289565085 0.07220482079820498 -0.19978597756453095 0.9283134939027623 0.4023914039134979 -0.011656664311885834 0.7380579710006714 -0.0438658501439737 -0.4509431905985641 0.8100122474935854 0.37229855405797935 0.46979328989982605 0.003298461437225342 0.7190414071083069 0.3674931150302474 0.2012845220918772 0.8795604413355076 0.2254034944298036 0.4945144057273865 0.03358648717403412 0.7116663455963135 0.30957154951665955 0.3070594522770877 0.8942334479974878 0.10112601039058845 0.49226629734039307 0.054332390427589417 0.703910768032074 0.3040441568989492 0.2725243863148113 0.9082495581165874 0.09148961294554839 0.476892352104187 0.08073703199625015 0.6997020840644836 0.2588533313468858 0.2923852971203758 0.9204860390856394 0.014534802089232392
0.34312838315963745 0.09454521536827087 0.7391625046730042 -0.30439813796072784 0.07256936757791933 -0.20055317134800071 0.9283608542527954 0.4025748670101166 -0.011754065752029419 0.7375656962394714 -0.046143831262425314 -0.4526515080853657 0.8090699715786137 0.3719987983042871 0.47013068199157715 0.003108002245426178 0.7189818024635315 0.3652057791858521 0.19964809013679471 0.8806210408704532 0.22643316685857126 0.4949674904346466 0.03338169679045677 0.711792528629303 0.3066901488958302 0.3057261033013293 0.8955511397442734 0.10227847840933502 0.49274951219558716 0.054098643362522125 0.7040045857429504 0.30200455621899513 0.27109704345458413 0.9092147040461973 0.09288850743226608 0.47748056054115295 0.08036424964666367 0.6998802423477173 0.2562567116127345 0.2910284496405473 0.9215871138021517 0.01766663667367126
0.3432809114456177 0.09454347938299179 0.7392008900642395 -0.30422930661147796 0.07321203972535308 -0.20089942404697028 0.9282908537824186 0.40270471572875977 -0.011909417808055878 0.7372345328330994 -0.04630780570757959 -0.45320597077612657 0.8084216155921286 0.3727122527694136 0.47042980790138245 0.002934299409389496 0.718884289264679 0.36445026161090555 0.19939296656013283 0.8809256898987841 0.22669001525086027 0.49521780014038086 0.033143386244773865 0.7115969061851501 0.30652560917045735 0.3050559374857876 0.8957880988694187 0.1026966244745703 0.4929966330528259 0.05382908508181572 0.7037719488143921 0.30226403648321903 0.27018165743476236 0.9093409724487056 0.09347364360108279 0.4778134226799011 0.07982182502746582 0.6998856067657471 0.2556677907297875 0.28985361551028904 0.9220489802404415 0.021083711345631764
0.3432809114456177 0.09454347938299179 0.7392008900642395 -0.30422930661147796 0.07321203972535308 -0.20089942404697028 0.9282908537824186 0.402725487947464 -0.011969141662120819 0.7371790409088135 -0.04609108259682289 -0.4532016135076065 0.8081318883423524 0.37337213073882286 0.47054773569107056 0.002868659794330597 0.7189320921897888 0.36467995265003667 0.19960292640323063 0.8807300564595872 0.22689592231876063 0.49537193775177 0.03310905024409294 0.7116437554359436 0.30594060565734643 0.30534151941656124 0.8959049046177918 0.10257326805788569 0.49305933713912964 0.05368459224700928 0.7036615610122681 0.30285356644722256 0.26984302599927623 0.9092147885966445 0.09377049847340349 0.47796618938446045 0.07940070331096649 0.700079619884491 0.25483419743574937 0.2893479083524924 0.9223600896597821 0.02427294779136398
0.3436388671398163 0.09477576613426208 0.7389051914215088 -0.3042743870110875 0.07310800417825261 -0.20163161013393388 0.9281255395293992 0.402725487947464 -0.011969141662120819 0.7371790409088135 -0.04609108259682289 -0.4532016135076065 0.8081318883423524 0.37337213073882286 0.47054773569107056 0.002868659794330597 0.7189320921897888 0.36467995265003667 0.19960292640323063 0.8807300564595872 0.22689592231876063 0.49537193775177 0.03310905024409294 0.7116437554359436 0.30594060565734643 0.30534151941656124 0.8959049046177918 0.10257326805788569 0.49305933713912964 0.05368459224700928 0.7036615610122681 0.30285356644722256 0.26984302599927623 0.9092147885966445 0.09377049847340349 0.47796618938446045 0.07940070331096649 0.700079619884491 0.25483419743574937 0.2893479083524924 0.9223600896597821 0.02427294779136398
0.34375762939453125 0.09483397006988525 0.7388421297073364 -0.30438077162999083 0.07268387010753298 -0.20222553420256867 0.9279947368323092 0.4029080271720886 -0.01180112361907959 0.7370057702064514 -0.04670145629990081 -0.4531471158088013 0.8079402531799539 0.37377708311344815 0.47079476714134216 0.0029895752668380737 0.7189468741416931 0.36420625548142455 0.19981967112535698 0.8807127326952741 0.22753246562719703 0.49565428495407104 0.03322301432490349 0.7116703987121582 0.3050269555758174 0.30568814991575277 0.8960441737714654 0.10304445268962568 0.49330461025238037 0.05371131747961044 0.703560471534729 0.30274980000297724 0.2697611869977455 0.9091962952442704 0.09451778210408626 0.4784165024757385 0.0790390819311142 0.7005563974380493 0.25107096334370665 0.28943704525490915 0.9232122277087745 0.029474916056623217
0.34376096725463867 0.09493529796600342 0.7388606667518616 -0.3041457029519966 0.07181351848468683 -0.2029508711512673 0.9279812294508349 0.4029165506362915 -0.0117872953414917 0.7370995879173279 -0.0474401162465584 -0.45311326632975796 0.8078711478349028 0.3738743434490786 0.4708435535430908 0.0029442161321640015 0.7191345691680908 0.36356395415695464 0.19986628107200363 0.8808254489891467 0.22808175126249539 0.49575531482696533 0.03317581117153168 0.7118861079216003 0.30425998803369525 0.30593917026374406 0.8961600310366065 0.10355831286850142 0.4933968484401703 0.05362250655889511 0.7037100791931152 0.3023493351457503 0.2698195599495588 0.9092466942085861 0.09514607130405135 0.478643536567688 0.07888476550579071 0.7010393142700195 0.24810438168244647 0.28993946676293425 0.9237897876656845 0.03149211446074108
0.34376096725463867 0.09493529796600342 0.7388606667518616 -0.3041457029519966 0.07181351848468683 -0.2029508711512673 0.9279812294508349 0.4028121531009674 -0.011731073260307312 0.7372890114784241 -0.04857997233554176 -0.45344949854239436 0.8076618846914037 0.3737725600254897 0.4708135426044464 0.002960503101348877 0.7194941639900208 0.36257649501639216 0.19961655708983683 0.8811423527340644 0.22864750679477658 0.49578505754470825 0.03319744020700455 0.7123144268989563 0.3029445732941961 0.30596158192063255 0.896533393589272 0.10411537804227428 0.4934271275997162 0.05338005721569061 0.7042449712753296 0.3007906654633882 0.2694889853504637 0.9096136446600842 0.09748698179679299 0.4788561463356018 0.07886479049921036 0.7018665671348572 0.24336515112219703 0.2905319182525251 0.9247971899773332 0.03338831832608515
